ISO-10303-21;
HEADER;
FILE_DESCRIPTION (( 'STEP AP203' ),
    '1' );
FILE_NAME ('全反射屏外壳.STEP',
    '2026-03-20T12:44:46',
    ( 'Microsoft' ),
    ( 'Microsoft' ),
    'SwSTEP 2.0',
    'SolidWorks 2020',
    '' );
FILE_SCHEMA (( 'CONFIG_CONTROL_DESIGN' ));
ENDSEC;

DATA;
#1 = ORIENTED_EDGE ( 'NONE', *, *, #3601, .T. ) ;
#2 = ORIENTED_EDGE ( 'NONE', *, *, #374, .F. ) ;
#3 = LINE ( 'NONE', #3281, #1919 ) ;
#4 = CARTESIAN_POINT ( 'NONE',  ( -22.25174470037797647, 32.37475742951500735, -7.000000000000000888 ) ) ;
#5 = EDGE_CURVE ( 'NONE', #3526, #55, #2980, .T. ) ;
#6 = CARTESIAN_POINT ( 'NONE',  ( -48.22510033020100195, 110.7252222504450003, 3.000000000000000000 ) ) ;
#7 = ORIENTED_EDGE ( 'NONE', *, *, #27, .T. ) ;
#8 = EDGE_CURVE ( 'NONE', #3214, #3307, #863, .T. ) ;
#9 = CARTESIAN_POINT ( 'NONE',  ( -20.75174470037796581, 28.87475742951500735, -14.00000000000000000 ) ) ;
#10 = FACE_OUTER_BOUND ( 'NONE', #3796, .T. ) ;
#11 = AXIS2_PLACEMENT_3D ( 'NONE', #2528, #1903, #3358 ) ;
#12 = VERTEX_POINT ( 'NONE', #2099 ) ;
#13 = DIRECTION ( 'NONE',  ( -1.000000000000000000, 0.000000000000000000, 0.000000000000000000 ) ) ;
#14 = DIRECTION ( 'NONE',  ( 0.000000000000000000, -1.000000000000000000, 0.000000000000000000 ) ) ;
#15 = CARTESIAN_POINT ( 'NONE',  ( -20.75174470037796581, 116.0855275489900151, 2.500000000000000444 ) ) ;
#16 = AXIS2_PLACEMENT_3D ( 'NONE', #293, #2699, #3236 ) ;
#17 = ORIENTED_EDGE ( 'NONE', *, *, #816, .T. ) ;
#18 = ADVANCED_FACE ( 'NONE', ( #2645 ), #302, .F. ) ;
#19 = CARTESIAN_POINT ( 'NONE',  ( -20.75174470037796581, 28.87475742951500735, 2.500000000000000444 ) ) ;
#20 = DIRECTION ( 'NONE',  ( -0.000000000000000000, 1.000000000000000000, -0.000000000000000000 ) ) ;
#21 = DIRECTION ( 'NONE',  ( 1.000000000000000000, 0.000000000000000000, 0.000000000000000000 ) ) ;
#22 = EDGE_LOOP ( 'NONE', ( #601, #1225, #1522, #3225 ) ) ;
#23 = ORIENTED_EDGE ( 'NONE', *, *, #396, .F. ) ;
#24 = DIRECTION ( 'NONE',  ( -5.551115123125777969E-15, 1.000000000000000000, -0.000000000000000000 ) ) ;
#25 = DIRECTION ( 'NONE',  ( 0.000000000000000000, -0.000000000000000000, -1.000000000000000000 ) ) ;
#26 = EDGE_CURVE ( 'NONE', #395, #2161, #3250, .T. ) ;
#27 = EDGE_CURVE ( 'NONE', #2882, #2327, #1195, .T. ) ;
#28 = CARTESIAN_POINT ( 'NONE',  ( -24.75174470037796581, 112.5855275489900151, -7.000000000000000888 ) ) ;
#29 = ORIENTED_EDGE ( 'NONE', *, *, #3548, .F. ) ;
#30 = DIRECTION ( 'NONE',  ( 0.000000000000000000, 0.000000000000000000, 1.000000000000000000 ) ) ;
#31 = CARTESIAN_POINT ( 'NONE',  ( -47.28552197104399824, 113.5855275489900151, -1.617999994144117881 ) ) ;
#32 = EDGE_CURVE ( 'NONE', #3192, #1162, #634, .T. ) ;
#33 = ORIENTED_EDGE ( 'NONE', *, *, #1082, .T. ) ;
#34 = DIRECTION ( 'NONE',  ( -0.000000000000000000, 0.000000000000000000, 1.000000000000000000 ) ) ;
#35 = DIRECTION ( 'NONE',  ( -1.000000000000000000, 0.000000000000000000, 0.000000000000000000 ) ) ;
#36 = ORIENTED_EDGE ( 'NONE', *, *, #792, .T. ) ;
#37 = AXIS2_PLACEMENT_3D ( 'NONE', #2048, #2973, #2933 ) ;
#38 = PLANE ( 'NONE',  #2815 ) ;
#39 = PRODUCT_DEFINITION_FORMATION_WITH_SPECIFIED_SOURCE ( '任何', '', #2685, .NOT_KNOWN. ) ;
#40 = AXIS2_PLACEMENT_3D ( 'NONE', #1599, #1060, #2500 ) ;
#41 = PLANE ( 'NONE',  #1390 ) ;
#42 = CARTESIAN_POINT ( 'NONE',  ( -114.3745315356199939, 102.3270104140210037, -4.200050813682007167 ) ) ;
#43 = ORIENTED_EDGE ( 'NONE', *, *, #1074, .F. ) ;
#44 = EDGE_CURVE ( 'NONE', #2403, #2049, #3542, .T. ) ;
#45 = ORIENTED_EDGE ( 'NONE', *, *, #3031, .F. ) ;
#46 = DIRECTION ( 'NONE',  ( 0.000000000000000000, 0.000000000000000000, -1.000000000000000000 ) ) ;
#47 = CARTESIAN_POINT ( 'NONE',  ( -53.12510033020100053, 107.9353422606009900, -1.600000000000000755 ) ) ;
#48 = ORIENTED_EDGE ( 'NONE', *, *, #377, .T. ) ;
#49 = FACE_BOUND ( 'NONE', #3099, .T. ) ;
#50 = DIRECTION ( 'NONE',  ( 0.000000000000000000, 0.000000000000000000, 1.000000000000000000 ) ) ;
#51 = CIRCLE ( 'NONE', #1284, 2.500000000000002220 ) ;
#52 = ORIENTED_EDGE ( 'NONE', *, *, #2117, .F. ) ;
#53 = DIRECTION ( 'NONE',  ( 0.000000000000000000, -1.000000000000000000, 0.000000000000000000 ) ) ;
#54 = DIRECTION ( 'NONE',  ( -0.000000000000000000, -0.000000000000000000, -1.000000000000000000 ) ) ;
#55 = VERTEX_POINT ( 'NONE', #2960 ) ;
#56 = CARTESIAN_POINT ( 'NONE',  ( -20.75174470037796581, 116.0855275489900151, -14.00000000000000000 ) ) ;
#57 = AXIS2_PLACEMENT_3D ( 'NONE', #3349, #84, #3017 ) ;
#58 = LINE ( 'NONE', #346, #899 ) ;
#59 = LINE ( 'NONE', #398, #2034 ) ;
#60 = ORIENTED_EDGE ( 'NONE', *, *, #646, .F. ) ;
#61 = CARTESIAN_POINT ( 'NONE',  ( -114.3745315356199939, 115.5855275489900151, 0.000000000000000000 ) ) ;
#62 = VECTOR ( 'NONE', #3758, 1000.000000000000000 ) ;
#63 = FACE_OUTER_BOUND ( 'NONE', #3272, .T. ) ;
#64 = EDGE_LOOP ( 'NONE', ( #971, #385, #1856, #959 ) ) ;
#65 = AXIS2_PLACEMENT_3D ( 'NONE', #808, #2004, #2283 ) ;
#66 = LINE ( 'NONE', #917, #2896 ) ;
#67 = DIRECTION ( 'NONE',  ( -1.000000000000000000, 0.000000000000000000, 0.000000000000000000 ) ) ;
#68 = ORIENTED_EDGE ( 'NONE', *, *, #1160, .T. ) ;
#69 = ORIENTED_EDGE ( 'NONE', *, *, #2263, .F. ) ;
#70 = VECTOR ( 'NONE', #2029, 1000.000000000000000 ) ;
#71 = DIRECTION ( 'NONE',  ( 0.000000000000000000, -1.000000000000000000, 0.000000000000000000 ) ) ;
#72 = CYLINDRICAL_SURFACE ( 'NONE', #1647, 6.000000000000005329 ) ;
#73 = ORIENTED_EDGE ( 'NONE', *, *, #2331, .T. ) ;
#74 = CARTESIAN_POINT ( 'NONE',  ( -114.3745315356199939, 93.38701041402200076, -2.000050813682005213 ) ) ;
#75 = EDGE_CURVE ( 'NONE', #2757, #3135, #1111, .T. ) ;
#76 = EDGE_CURVE ( 'NONE', #1590, #2424, #1986, .T. ) ;
#77 = VECTOR ( 'NONE', #2879, 1000.000000000000000 ) ;
#78 = DIRECTION ( 'NONE',  ( -1.000000000000000000, 0.000000000000000000, 0.000000000000000000 ) ) ;
#79 = AXIS2_PLACEMENT_3D ( 'NONE', #3610, #2375, #341 ) ;
#80 = EDGE_CURVE ( 'NONE', #1652, #2466, #2122, .T. ) ;
#81 = ORIENTED_EDGE ( 'NONE', *, *, #2444, .F. ) ;
#82 = CARTESIAN_POINT ( 'NONE',  ( -48.12510033020100053, 107.9353422606009900, -1.600000000000000755 ) ) ;
#83 = ORIENTED_EDGE ( 'NONE', *, *, #239, .F. ) ;
#84 = DIRECTION ( 'NONE',  ( -0.000000000000000000, 0.000000000000000000, 1.000000000000000000 ) ) ;
#85 = DIRECTION ( 'NONE',  ( 0.000000000000000000, -1.000000000000000000, 0.000000000000000000 ) ) ;
#86 = ORIENTED_EDGE ( 'NONE', *, *, #2457, .T. ) ;
#87 = ORIENTED_EDGE ( 'NONE', *, *, #1872, .F. ) ;
#88 = DIRECTION ( 'NONE',  ( 1.000000000000000000, 0.000000000000000000, 0.000000000000000000 ) ) ;
#89 = CARTESIAN_POINT ( 'NONE',  ( -42.56818897637700161, 112.8983947167885020, 0.000000000000000000 ) ) ;
#90 = EDGE_CURVE ( 'NONE', #1883, #1035, #1537, .T. ) ;
#91 = ORIENTED_EDGE ( 'NONE', *, *, #3242, .F. ) ;
#92 = EDGE_CURVE ( 'NONE', #931, #3175, #2761, .T. ) ;
#93 = CARTESIAN_POINT ( 'NONE',  ( -21.25174470037796581, 116.0855275489900151, 3.000000000000000000 ) ) ;
#94 = CARTESIAN_POINT ( 'NONE',  ( -53.12510033020100053, 110.9353422606009900, -1.600000000000000755 ) ) ;
#95 = VECTOR ( 'NONE', #2508, 1000.000000000000000 ) ;
#96 = ORIENTED_EDGE ( 'NONE', *, *, #1344, .T. ) ;
#97 = LOCAL_TIME ( 20, 44, 46.00000000000000000, #3495 ) ;
#98 = LINE ( 'NONE', #3619, #1658 ) ;
#99 = ORIENTED_EDGE ( 'NONE', *, *, #2443, .T. ) ;
#100 = DIRECTION ( 'NONE',  ( 5.185367180032533488E-17, 0.7071067811865457964, -0.7071067811865492381 ) ) ;
#101 = CARTESIAN_POINT ( 'NONE',  ( -48.12510033020100053, 110.9353422606009900, -1.600000000000000755 ) ) ;
#102 = EDGE_LOOP ( 'NONE', ( #1771, #2627, #1574, #207 ) ) ;
#103 = VERTEX_POINT ( 'NONE', #2687 ) ;
#104 = DIRECTION ( 'NONE',  ( 4.163336342344310205E-15, 1.000000000000000000, 0.000000000000000000 ) ) ;
#105 = LINE ( 'NONE', #703, #1523 ) ;
#106 = EDGE_CURVE ( 'NONE', #1141, #117, #3567, .T. ) ;
#107 = ORIENTED_EDGE ( 'NONE', *, *, #3341, .F. ) ;
#108 = AXIS2_PLACEMENT_3D ( 'NONE', #2319, #1120, #825 ) ;
#109 = CARTESIAN_POINT ( 'NONE',  ( -49.62510033020099343, 112.4572730580138824, 3.000000000000000000 ) ) ;
#110 = AXIS2_PLACEMENT_3D ( 'NONE', #3463, #777, #1978 ) ;
#111 = CARTESIAN_POINT ( 'NONE',  ( -114.3745315356199939, 35.57475742951499598, -14.00099999999999945 ) ) ;
#112 = VECTOR ( 'NONE', #602, 1000.000000000000000 ) ;
#113 = EDGE_CURVE ( 'NONE', #805, #1169, #2140, .T. ) ;
#114 = ORIENTED_EDGE ( 'NONE', *, *, #2550, .T. ) ;
#115 = CARTESIAN_POINT ( 'NONE',  ( -113.8745315356200081, 29.87475742951500024, -7.000000000000000888 ) ) ;
#116 = CIRCLE ( 'NONE', #1348, 1.000000000000000000 ) ;
#117 = VERTEX_POINT ( 'NONE', #1783 ) ;
#118 = AXIS2_PLACEMENT_3D ( 'NONE', #2116, #1486, #1736 ) ;
#119 = LINE ( 'NONE', #157, #3397 ) ;
#120 = DIRECTION ( 'NONE',  ( -1.000000000000000000, 1.609751054141142317E-16, 0.000000000000000000 ) ) ;
#121 = ORIENTED_EDGE ( 'NONE', *, *, #2006, .T. ) ;
#122 = VECTOR ( 'NONE', #1764, 1000.000000000000000 ) ;
#123 = ORIENTED_EDGE ( 'NONE', *, *, #27, .F. ) ;
#124 = EDGE_CURVE ( 'NONE', #2724, #305, #2707, .T. ) ;
#125 = LINE ( 'NONE', #2159, #3363 ) ;
#126 = CARTESIAN_POINT ( 'NONE',  ( -91.33388084055398792, 109.1873250874420052, 2.000000000000000000 ) ) ;
#127 = EDGE_LOOP ( 'NONE', ( #1682, #1023, #2584, #2765 ) ) ;
#128 = EDGE_CURVE ( 'NONE', #3606, #2579, #923, .T. ) ;
#129 = CARTESIAN_POINT ( 'NONE',  ( -104.8884403073035969, 81.00130922592666138, 1.399999999999999911 ) ) ;
#130 = CARTESIAN_POINT ( 'NONE',  ( -114.3745315356200081, 103.5747574295150031, 0.000000000000000000 ) ) ;
#131 = ADVANCED_FACE ( 'NONE', ( #1217 ), #2417, .T. ) ;
#132 = CARTESIAN_POINT ( 'NONE',  ( -114.3745315356199939, 81.00130922592666138, 1.399999999999999911 ) ) ;
#133 = AXIS2_PLACEMENT_3D ( 'NONE', #2031, #1425, #838 ) ;
#134 = EDGE_LOOP ( 'NONE', ( #3505, #1836, #2776, #2741 ) ) ;
#135 = DIRECTION ( 'NONE',  ( 0.000000000000000000, 0.000000000000000000, 1.000000000000000000 ) ) ;
#136 = ADVANCED_FACE ( 'NONE', ( #1240 ), #3563, .F. ) ;
#137 = VECTOR ( 'NONE', #1729, 1000.000000000000000 ) ;
#138 = ADVANCED_FACE ( 'NONE', ( #882 ), #2075, .F. ) ;
#139 = EDGE_LOOP ( 'NONE', ( #1907, #33, #2348, #2207 ) ) ;
#140 = DIRECTION ( 'NONE',  ( -0.000000000000000000, -0.000000000000000000, 1.000000000000000000 ) ) ;
#141 = CARTESIAN_POINT ( 'NONE',  ( -91.33388084055398792, 109.1873250874420052, 0.000000000000000000 ) ) ;
#142 = EDGE_CURVE ( 'NONE', #171, #2647, #2802, .T. ) ;
#143 = EDGE_LOOP ( 'NONE', ( #3862, #2395, #3221, #1063 ) ) ;
#144 = LINE ( 'NONE', #432, #3860 ) ;
#145 = DIRECTION ( 'NONE',  ( -0.000000000000000000, -0.000000000000000000, -1.000000000000000000 ) ) ;
#146 = EDGE_LOOP ( 'NONE', ( #3420, #1488 ) ) ;
#147 = EDGE_CURVE ( 'NONE', #1162, #981, #414, .T. ) ;
#148 = FACE_OUTER_BOUND ( 'NONE', #2101, .T. ) ;
#149 = LINE ( 'NONE', #3743, #2535 ) ;
#150 = CARTESIAN_POINT ( 'NONE',  ( -35.22237728473499629, 110.3983947167885020, 0.000000000000000000 ) ) ;
#151 = ORIENTED_EDGE ( 'NONE', *, *, #3718, .T. ) ;
#152 = DIRECTION ( 'NONE',  ( 0.000000000000000000, 0.000000000000000000, 1.000000000000000000 ) ) ;
#153 = ORIENTED_EDGE ( 'NONE', *, *, #879, .F. ) ;
#154 = ADVANCED_FACE ( 'NONE', ( #1864, #1321 ), #2473, .T. ) ;
#155 = TOROIDAL_SURFACE ( 'NONE', #832, 4.500000000000002665, 2.000000000000000000 ) ;
#156 = AXIS2_PLACEMENT_3D ( 'NONE', #1529, #30, #2150 ) ;
#157 = CARTESIAN_POINT ( 'NONE',  ( -111.3745315356199939, 32.37475742951500735, -7.000000000000000888 ) ) ;
#158 = DIRECTION ( 'NONE',  ( 1.922962686383565542E-16, -0.7071067811865481278, 0.7071067811865470176 ) ) ;
#159 = CARTESIAN_POINT ( 'NONE',  ( -115.3745315356199939, 104.3270104140210037, -2.000050813682005213 ) ) ;
#160 = EDGE_LOOP ( 'NONE', ( #1236, #3440, #3388, #1252 ) ) ;
#161 = EDGE_CURVE ( 'NONE', #2849, #1470, #2750, .T. ) ;
#162 = CARTESIAN_POINT ( 'NONE',  ( -91.33388084055398792, 109.1873250874420052, 0.000000000000000000 ) ) ;
#163 = CARTESIAN_POINT ( 'NONE',  ( -20.75174470037796581, 116.0855275489900151, 2.500000000000000444 ) ) ;
#164 = ORIENTED_EDGE ( 'NONE', *, *, #1973, .T. ) ;
#165 = CARTESIAN_POINT ( 'NONE',  ( -21.75174470037796581, 115.5855275489900151, 0.000000000000000000 ) ) ;
#166 = AXIS2_PLACEMENT_3D ( 'NONE', #581, #1432, #288 ) ;
#167 = LINE ( 'NONE', #182, #780 ) ;
#168 = CARTESIAN_POINT ( 'NONE',  ( 2.117448502688132673E-15, 28.87475742951500024, 3.000000000000000000 ) ) ;
#169 = VECTOR ( 'NONE', #3686, 1000.000000000000000 ) ;
#170 = ADVANCED_FACE ( 'NONE', ( #1573 ), #2767, .F. ) ;
#171 = VERTEX_POINT ( 'NONE', #979 ) ;
#172 = FACE_OUTER_BOUND ( 'NONE', #3085, .T. ) ;
#173 = VECTOR ( 'NONE', #3202, 1000.000000000000000 ) ;
#174 = CARTESIAN_POINT ( 'NONE',  ( -115.3745315356199939, 92.38701041402200076, -4.200050813682005391 ) ) ;
#175 = DIRECTION ( 'NONE',  ( 0.000000000000000000, 1.000000000000000000, 0.000000000000000000 ) ) ;
#176 = DIRECTION ( 'NONE',  ( 1.000000000000000000, 0.000000000000000000, 0.000000000000000000 ) ) ;
#177 = ORIENTED_EDGE ( 'NONE', *, *, #3353, .T. ) ;
#178 = CARTESIAN_POINT ( 'NONE',  ( -49.22510033020100195, 115.5855275489900151, 3.000000000000000000 ) ) ;
#179 = CARTESIAN_POINT ( 'NONE',  ( -22.25174470037797647, 32.37475742951500735, -7.000000000000000888 ) ) ;
#180 = ORIENTED_EDGE ( 'NONE', *, *, #2336, .T. ) ;
#181 = FACE_OUTER_BOUND ( 'NONE', #2000, .T. ) ;
#182 = CARTESIAN_POINT ( 'NONE',  ( -115.3745315356199939, 28.37475742951500735, -14.00000000000000000 ) ) ;
#183 = ORIENTED_EDGE ( 'NONE', *, *, #3738, .T. ) ;
#184 = ADVANCED_FACE ( 'NONE', ( #1274 ), #1604, .F. ) ;
#185 = CARTESIAN_POINT ( 'NONE',  ( -48.12510033020100053, 110.9353422606009900, -1.600000000000000755 ) ) ;
#186 = ORIENTED_EDGE ( 'NONE', *, *, #804, .F. ) ;
#187 = DIRECTION ( 'NONE',  ( 0.000000000000000000, -1.000000000000000000, 0.000000000000000000 ) ) ;
#188 = VECTOR ( 'NONE', #1558, 1000.000000000000000 ) ;
#189 = ADVANCED_FACE ( 'NONE', ( #2160 ), #72, .F. ) ;
#190 = ORIENTED_EDGE ( 'NONE', *, *, #2653, .F. ) ;
#191 = CARTESIAN_POINT ( 'NONE',  ( -22.25174470037797647, 112.5855275489900151, -1.600000000000000755 ) ) ;
#192 = DIRECTION ( 'NONE',  ( 0.000000000000000000, 1.000000000000000000, 0.000000000000000000 ) ) ;
#193 = AXIS2_PLACEMENT_3D ( 'NONE', #1143, #543, #3529 ) ;
#194 = PERSON_AND_ORGANIZATION_ROLE ( 'classification_officer' ) ;
#195 = PLANE ( 'NONE',  #1365 ) ;
#196 = ORIENTED_EDGE ( 'NONE', *, *, #1312, .F. ) ;
#197 = LINE ( 'NONE', #1083, #2362 ) ;
#198 = PLANE ( 'NONE',  #1517 ) ;
#199 = ORIENTED_EDGE ( 'NONE', *, *, #1521, .F. ) ;
#200 = FACE_OUTER_BOUND ( 'NONE', #1460, .T. ) ;
#201 = EDGE_CURVE ( 'NONE', #3175, #1618, #2179, .T. ) ;
#202 = CARTESIAN_POINT ( 'NONE',  ( -114.3745315356200081, 35.57475742951499598, 2.500000000000000000 ) ) ;
#203 = VERTEX_POINT ( 'NONE', #1625 ) ;
#204 = CARTESIAN_POINT ( 'NONE',  ( -111.3745315356199796, 29.87475742951500024, -7.000000000000000888 ) ) ;
#205 = ORIENTED_EDGE ( 'NONE', *, *, #3484, .T. ) ;
#206 = DIRECTION ( 'NONE',  ( -0.000000000000000000, 0.000000000000000000, 1.000000000000000000 ) ) ;
#207 = ORIENTED_EDGE ( 'NONE', *, *, #3652, .F. ) ;
#208 = ORIENTED_EDGE ( 'NONE', *, *, #2945, .T. ) ;
#209 = DIRECTION ( 'NONE',  ( -0.000000000000000000, -0.000000000000000000, -1.000000000000000000 ) ) ;
#210 = CARTESIAN_POINT ( 'NONE',  ( -114.8745315356199939, 116.5855275489900151, 2.500000000000000444 ) ) ;
#211 = TOROIDAL_SURFACE ( 'NONE', #3395, 2.000000000000000000, 1.000000000000000000 ) ;
#212 = CARTESIAN_POINT ( 'NONE',  ( -21.25174470037796581, 116.5855275489900151, 2.500000000000000444 ) ) ;
#213 = ORIENTED_EDGE ( 'NONE', *, *, #1634, .T. ) ;
#214 = VECTOR ( 'NONE', #2451, 1000.000000000000000 ) ;
#215 = DIRECTION ( 'NONE',  ( 0.000000000000000000, -1.000000000000000000, 0.000000000000000000 ) ) ;
#216 = CARTESIAN_POINT ( 'NONE',  ( -49.62510033020099343, 115.5855275489900151, 2.000000000000000000 ) ) ;
#217 = DIRECTION ( 'NONE',  ( -0.000000000000000000, 0.000000000000000000, -1.000000000000000000 ) ) ;
#218 = EDGE_CURVE ( 'NONE', #2094, #3526, #3371, .T. ) ;
#219 = LINE ( 'NONE', #3861, #2716 ) ;
#220 = VERTEX_POINT ( 'NONE', #1918 ) ;
#221 = CARTESIAN_POINT ( 'NONE',  ( -111.3745315356199939, 115.0855275489900293, -1.600000000000000755 ) ) ;
#222 = ORIENTED_EDGE ( 'NONE', *, *, #1056, .F. ) ;
#223 = DIRECTION ( 'NONE',  ( 0.000000000000000000, 0.000000000000000000, 1.000000000000000000 ) ) ;
#224 = AXIS2_PLACEMENT_3D ( 'NONE', #1497, #1159, #267 ) ;
#225 = VERTEX_POINT ( 'NONE', #3076 ) ;
#226 = EDGE_LOOP ( 'NONE', ( #2663, #3485, #1831, #855 ) ) ;
#227 = CARTESIAN_POINT ( 'NONE',  ( -108.7517447003779694, 101.5747574295149889, 2.500000000000000000 ) ) ;
#228 = PERSON_AND_ORGANIZATION ( #3258, #3144 ) ;
#229 = CARTESIAN_POINT ( 'NONE',  ( -114.3745315356199939, 58.25087118297059163, 0.000000000000000000 ) ) ;
#230 = ORIENTED_EDGE ( 'NONE', *, *, #891, .T. ) ;
#231 = VECTOR ( 'NONE', #3013, 1000.000000000000000 ) ;
#232 = CARTESIAN_POINT ( 'NONE',  ( -49.22510033020100195, 115.5855275489900151, 3.000000000000000000 ) ) ;
#233 = FACE_OUTER_BOUND ( 'NONE', #1762, .T. ) ;
#234 = PLANE ( 'NONE',  #133 ) ;
#235 = ADVANCED_FACE ( 'NONE', ( #394 ), #1588, .F. ) ;
#236 = LINE ( 'NONE', #3858, #784 ) ;
#237 = VECTOR ( 'NONE', #739, 1000.000000000000000 ) ;
#238 = LINE ( 'NONE', #2646, #1777 ) ;
#239 = EDGE_CURVE ( 'NONE', #2793, #2713, #3705, .T. ) ;
#240 = ORIENTED_EDGE ( 'NONE', *, *, #3396, .F. ) ;
#241 = EDGE_LOOP ( 'NONE', ( #2428, #1553, #278, #3552 ) ) ;
#242 = PLANE ( 'NONE',  #3206 ) ;
#243 = AXIS2_PLACEMENT_3D ( 'NONE', #2265, #3494, #1101 ) ;
#244 = CARTESIAN_POINT ( 'NONE',  ( -46.78552197104399824, 116.5855275489900151, -1.350050801712995741 ) ) ;
#245 = AXIS2_PLACEMENT_3D ( 'NONE', #1508, #2703, #1150 ) ;
#246 = ORIENTED_EDGE ( 'NONE', *, *, #3461, .F. ) ;
#247 = ORIENTED_EDGE ( 'NONE', *, *, #444, .F. ) ;
#248 = EDGE_CURVE ( 'NONE', #1193, #3600, #105, .T. ) ;
#249 = LINE ( 'NONE', #1436, #231 ) ;
#250 = PLANE ( 'NONE',  #16 ) ;
#251 = EDGE_CURVE ( 'NONE', #2094, #828, #995, .T. ) ;
#252 = DIRECTION ( 'NONE',  ( 0.000000000000000000, 0.000000000000000000, 1.000000000000000000 ) ) ;
#253 = ORIENTED_EDGE ( 'NONE', *, *, #3652, .T. ) ;
#254 = VECTOR ( 'NONE', #306, 1000.000000000000000 ) ;
#255 = EDGE_CURVE ( 'NONE', #3392, #1141, #1200, .T. ) ;
#256 = FACE_OUTER_BOUND ( 'NONE', #376, .T. ) ;
#257 = CARTESIAN_POINT ( 'NONE',  ( -114.8745315356199939, 116.5855275489900151, 2.500000000000000444 ) ) ;
#258 = AXIS2_PLACEMENT_3D ( 'NONE', #3316, #1513, #1807 ) ;
#259 = CARTESIAN_POINT ( 'NONE',  ( -114.3745315356199939, 103.5747574295150031, 1.399999999999999911 ) ) ;
#260 = EDGE_LOOP ( 'NONE', ( #3665, #2193, #3700, #3293 ) ) ;
#261 = PLANE ( 'NONE',  #3295 ) ;
#262 = DIRECTION ( 'NONE',  ( -1.000000000000000000, 0.000000000000000000, -0.000000000000000000 ) ) ;
#263 = PLANE ( 'NONE',  #2895 ) ;
#264 = CC_DESIGN_PERSON_AND_ORGANIZATION_ASSIGNMENT ( #2266, #1144, ( #39 ) ) ;
#265 = ORIENTED_EDGE ( 'NONE', *, *, #147, .T. ) ;
#266 = LINE ( 'NONE', #204, #2759 ) ;
#267 = DIRECTION ( 'NONE',  ( 0.000000000000000000, 0.000000000000000000, -1.000000000000000000 ) ) ;
#268 = ORIENTED_EDGE ( 'NONE', *, *, #549, .T. ) ;
#269 = VERTEX_POINT ( 'NONE', #3387 ) ;
#270 = DIRECTION ( 'NONE',  ( 1.000000000000000000, 0.000000000000000000, 0.000000000000000000 ) ) ;
#271 = CARTESIAN_POINT ( 'NONE',  ( -115.3745315356199939, 116.5855275489900151, -14.00000000000000000 ) ) ;
#272 = APPROVAL_ROLE ( '' ) ;
#273 = DIRECTION ( 'NONE',  ( -0.000000000000000000, -0.000000000000000000, -1.000000000000000000 ) ) ;
#274 = ORIENTED_EDGE ( 'NONE', *, *, #3026, .F. ) ;
#275 = CARTESIAN_POINT ( 'NONE',  ( -21.75174470037796581, 115.5855275489900151, -14.00000000000000000 ) ) ;
#276 = DIRECTION ( 'NONE',  ( 0.000000000000000000, 0.000000000000000000, 1.000000000000000000 ) ) ;
#277 = VECTOR ( 'NONE', #962, 1000.000000000000000 ) ;
#278 = ORIENTED_EDGE ( 'NONE', *, *, #3533, .F. ) ;
#279 = EDGE_CURVE ( 'NONE', #920, #696, #650, .T. ) ;
#280 = APPROVAL_PERSON_ORGANIZATION ( #1989, #3147, #3850 ) ;
#281 = AXIS2_PLACEMENT_3D ( 'NONE', #1857, #100, #353 ) ;
#282 = DIRECTION ( 'NONE',  ( 0.000000000000000000, 1.000000000000000000, 0.000000000000000000 ) ) ;
#283 = DIRECTION ( 'NONE',  ( 0.000000000000000000, 0.000000000000000000, -1.000000000000000000 ) ) ;
#284 = DIRECTION ( 'NONE',  ( -5.551115123125777969E-15, 1.000000000000000000, -0.000000000000000000 ) ) ;
#285 = ORIENTED_EDGE ( 'NONE', *, *, #3660, .T. ) ;
#286 = CARTESIAN_POINT ( 'NONE',  ( -114.3745315356199939, 93.38701041402200076, -5.200050813682004502 ) ) ;
#287 = DIRECTION ( 'NONE',  ( 1.000000000000000000, 0.000000000000000000, 0.000000000000000000 ) ) ;
#288 = DIRECTION ( 'NONE',  ( 0.000000000000000000, 0.000000000000000000, 1.000000000000000000 ) ) ;
#289 = ADVANCED_FACE ( 'NONE', ( #2232 ), #198, .F. ) ;
#290 = ORIENTED_EDGE ( 'NONE', *, *, #3279, .T. ) ;
#291 = ORIENTED_EDGE ( 'NONE', *, *, #3819, .T. ) ;
#292 = LINE ( 'NONE', #2021, #3623 ) ;
#293 = CARTESIAN_POINT ( 'NONE',  ( 0.000000000000000000, 0.000000000000000000, 2.000000000000000000 ) ) ;
#294 = LINE ( 'NONE', #3808, #1072 ) ;
#295 = ORIENTED_EDGE ( 'NONE', *, *, #2503, .T. ) ;
#296 = CIRCLE ( 'NONE', #2792, 2.000000000000000000 ) ;
#297 = DIRECTION ( 'NONE',  ( -0.000000000000000000, 0.000000000000000000, 1.000000000000000000 ) ) ;
#298 = LINE ( 'NONE', #1826, #2119 ) ;
#299 = AXIS2_PLACEMENT_3D ( 'NONE', #1467, #3208, #2374 ) ;
#300 = EDGE_LOOP ( 'NONE', ( #1733, #1514, #2820, #1300 ) ) ;
#301 = CARTESIAN_POINT ( 'NONE',  ( -113.8745315356199796, 112.5855275489900151, -1.600000000000000755 ) ) ;
#302 = PLANE ( 'NONE',  #929 ) ;
#303 = VECTOR ( 'NONE', #1356, 1000.000000000000000 ) ;
#304 = CARTESIAN_POINT ( 'NONE',  ( -114.3745315356199939, 104.3270104140210037, -2.000050813682005213 ) ) ;
#305 = VERTEX_POINT ( 'NONE', #2833 ) ;
#306 = DIRECTION ( 'NONE',  ( -0.000000000000000000, 1.000000000000000000, -0.000000000000000000 ) ) ;
#307 = DIRECTION ( 'NONE',  ( 0.000000000000000000, 0.000000000000000000, 1.000000000000000000 ) ) ;
#308 = CARTESIAN_POINT ( 'NONE',  ( -114.8745315356199939, 116.0855275489900151, 3.000000000000000000 ) ) ;
#309 = EDGE_CURVE ( 'NONE', #3782, #2859, #1698, .T. ) ;
#310 = EDGE_CURVE ( 'NONE', #3059, #1548, #2271, .T. ) ;
#311 = AXIS2_PLACEMENT_3D ( 'NONE', #3839, #2397, #324 ) ;
#312 = ORIENTED_EDGE ( 'NONE', *, *, #2839, .T. ) ;
#313 = ORIENTED_EDGE ( 'NONE', *, *, #2360, .T. ) ;
#314 = DIRECTION ( 'NONE',  ( -0.000000000000000000, -0.000000000000000000, -1.000000000000000000 ) ) ;
#315 = DIRECTION ( 'NONE',  ( 0.000000000000000000, 0.000000000000000000, -1.000000000000000000 ) ) ;
#316 = EDGE_CURVE ( 'NONE', #2780, #3392, #794, .T. ) ;
#317 = CARTESIAN_POINT ( 'NONE',  ( -24.75174470037796581, 112.5855275489900151, -7.000000000000000888 ) ) ;
#318 = ORIENTED_EDGE ( 'NONE', *, *, #2616, .F. ) ;
#319 = LINE ( 'NONE', #275, #1668 ) ;
#320 = DIRECTION ( 'NONE',  ( 0.000000000000000000, 0.000000000000000000, 1.000000000000000000 ) ) ;
#321 = AXIS2_PLACEMENT_3D ( 'NONE', #2641, #1151, #2352 ) ;
#322 = EDGE_LOOP ( 'NONE', ( #1498, #3545, #827, #1002, #844, #1256, #2590, #824 ) ) ;
#323 = LINE ( 'NONE', #575, #3414 ) ;
#324 = DIRECTION ( 'NONE',  ( -1.000000000000000000, 0.000000000000000000, 0.000000000000000000 ) ) ;
#325 = AXIS2_PLACEMENT_3D ( 'NONE', #893, #934, #3068 ) ;
#326 = VERTEX_POINT ( 'NONE', #3422 ) ;
#327 = FACE_OUTER_BOUND ( 'NONE', #1123, .T. ) ;
#328 = LINE ( 'NONE', #1100, #3519 ) ;
#329 = CARTESIAN_POINT ( 'NONE',  ( -23.25174470037798358, 101.5747574295149889, 3.000000000000000000 ) ) ;
#330 = ORIENTED_EDGE ( 'NONE', *, *, #977, .F. ) ;
#331 = VERTEX_POINT ( 'NONE', #216 ) ;
#332 = CARTESIAN_POINT ( 'NONE',  ( -21.75174470037798002, 103.5747574295150031, 2.499999999999998668 ) ) ;
#333 = LINE ( 'NONE', #871, #1824 ) ;
#334 = FACE_OUTER_BOUND ( 'NONE', #1440, .T. ) ;
#335 = ORIENTED_EDGE ( 'NONE', *, *, #1521, .T. ) ;
#336 = DIRECTION ( 'NONE',  ( 0.000000000000000000, 0.000000000000000000, -1.000000000000000000 ) ) ;
#337 = LINE ( 'NONE', #3266, #3424 ) ;
#338 = ORIENTED_EDGE ( 'NONE', *, *, #1659, .T. ) ;
#339 = ORIENTED_EDGE ( 'NONE', *, *, #377, .F. ) ;
#340 = DIRECTION ( 'NONE',  ( 0.000000000000000000, -1.000000000000000000, 0.000000000000000000 ) ) ;
#341 = DIRECTION ( 'NONE',  ( 1.000000000000000000, -7.333216591886357273E-17, 0.000000000000000000 ) ) ;
#342 = ORIENTED_EDGE ( 'NONE', *, *, #3189, .F. ) ;
#343 = AXIS2_PLACEMENT_3D ( 'NONE', #2315, #3211, #3817 ) ;
#344 = CARTESIAN_POINT ( 'NONE',  ( -114.3745315356199939, 103.5747574295150031, 1.399999999999999911 ) ) ;
#345 = VECTOR ( 'NONE', #497, 1000.000000000000000 ) ;
#346 = CARTESIAN_POINT ( 'NONE',  ( -21.25174470037796581, 116.3355275489900151, 2.750000000000000888 ) ) ;
#347 = DIRECTION ( 'NONE',  ( 3.469446951953614189E-15, 0.000000000000000000, -1.000000000000000000 ) ) ;
#348 = EDGE_LOOP ( 'NONE', ( #2203, #3801, #196, #2385 ) ) ;
#349 = DIRECTION ( 'NONE',  ( 0.000000000000000000, 0.000000000000000000, 1.000000000000000000 ) ) ;
#350 = CARTESIAN_POINT ( 'NONE',  ( -114.3745315356199939, 102.3270104140210037, -6.200050813682007167 ) ) ;
#351 = ORIENTED_EDGE ( 'NONE', *, *, #251, .T. ) ;
#352 = VECTOR ( 'NONE', #3297, 1000.000000000000000 ) ;
#353 = DIRECTION ( 'NONE',  ( 1.000000000000000000, -7.333216591886357273E-17, 0.000000000000000000 ) ) ;
#354 = CARTESIAN_POINT ( 'NONE',  ( -20.75174470037796581, 116.0855275489900151, -14.00000000000000000 ) ) ;
#355 = EDGE_CURVE ( 'NONE', #2927, #1342, #3500, .T. ) ;
#356 = ORIENTED_EDGE ( 'NONE', *, *, #2546, .F. ) ;
#357 = VECTOR ( 'NONE', #3703, 1000.000000000000000 ) ;
#358 = ORIENTED_EDGE ( 'NONE', *, *, #8, .T. ) ;
#359 = DIRECTION ( 'NONE',  ( 1.000000000000000000, 0.000000000000000000, 0.000000000000000000 ) ) ;
#360 = DIRECTION ( 'NONE',  ( -0.000000000000000000, 1.000000000000000000, -0.000000000000000000 ) ) ;
#361 = EDGE_LOOP ( 'NONE', ( #1816, #2830, #2728, #3212 ) ) ;
#362 = EDGE_CURVE ( 'NONE', #2244, #1776, #527, .T. ) ;
#363 = ADVANCED_FACE ( 'NONE', ( #505 ), #2009, .T. ) ;
#364 = DIRECTION ( 'NONE',  ( 0.000000000000000000, 0.000000000000000000, -1.000000000000000000 ) ) ;
#365 = AXIS2_PLACEMENT_3D ( 'NONE', #3043, #71, #1881 ) ;
#366 = LINE ( 'NONE', #3049, #3273 ) ;
#367 = FACE_OUTER_BOUND ( 'NONE', #2141, .T. ) ;
#368 = ORIENTED_EDGE ( 'NONE', *, *, #412, .T. ) ;
#369 = LINE ( 'NONE', #82, #2662 ) ;
#370 = ORIENTED_EDGE ( 'NONE', *, *, #2653, .T. ) ;
#371 = EDGE_CURVE ( 'NONE', #1557, #1883, #3792, .T. ) ;
#372 = FACE_BOUND ( 'NONE', #146, .T. ) ;
#373 = LINE ( 'NONE', #354, #1564 ) ;
#374 = EDGE_CURVE ( 'NONE', #1376, #1193, #1993, .T. ) ;
#375 = EDGE_LOOP ( 'NONE', ( #313, #2322, #2458, #3195 ) ) ;
#376 = EDGE_LOOP ( 'NONE', ( #3368, #933, #3300, #247 ) ) ;
#377 = EDGE_CURVE ( 'NONE', #331, #171, #1714, .T. ) ;
#378 = LINE ( 'NONE', #2766, #674 ) ;
#379 = CARTESIAN_POINT ( 'NONE',  ( 0.000000000000000000, 0.000000000000000000, -7.000000000000000888 ) ) ;
#380 = ORIENTED_EDGE ( 'NONE', *, *, #2977, .F. ) ;
#381 = CIRCLE ( 'NONE', #3120, 6.000000000000005329 ) ;
#382 = CARTESIAN_POINT ( 'NONE',  ( -24.75174470037796581, 115.0855275489900293, -1.600000000000000755 ) ) ;
#383 = VECTOR ( 'NONE', #349, 1000.000000000000000 ) ;
#384 = CARTESIAN_POINT ( 'NONE',  ( -21.75174470037796581, 115.5855275489900151, -7.000000000000000888 ) ) ;
#385 = ORIENTED_EDGE ( 'NONE', *, *, #1623, .F. ) ;
#386 = LINE ( 'NONE', #3362, #3184 ) ;
#387 = ORIENTED_EDGE ( 'NONE', *, *, #1327, .F. ) ;
#388 = EDGE_CURVE ( 'NONE', #12, #2391, #3740, .T. ) ;
#389 = PLANE ( 'NONE',  #3344 ) ;
#390 = DIRECTION ( 'NONE',  ( 0.000000000000000000, 0.000000000000000000, 1.000000000000000000 ) ) ;
#391 = ORIENTED_EDGE ( 'NONE', *, *, #3480, .T. ) ;
#392 = VERTEX_POINT ( 'NONE', #179 ) ;
#393 = CARTESIAN_POINT ( 'NONE',  ( -48.12510033020100053, 107.9353422606009900, -1.600000000000000755 ) ) ;
#394 = FACE_OUTER_BOUND ( 'NONE', #1644, .T. ) ;
#395 = VERTEX_POINT ( 'NONE', #2853 ) ;
#396 = EDGE_CURVE ( 'NONE', #1510, #2697, #2289, .T. ) ;
#397 = DIRECTION ( 'NONE',  ( -1.000000000000000000, -0.000000000000000000, -0.000000000000000000 ) ) ;
#398 = CARTESIAN_POINT ( 'NONE',  ( -115.3745315356199939, 94.38701041402200076, -5.081368200537429713E-05 ) ) ;
#399 = AXIS2_PLACEMENT_3D ( 'NONE', #150, #3347, #3706 ) ;
#400 = ADVANCED_FACE ( 'NONE', ( #1678 ), #2309, .F. ) ;
#401 = EDGE_LOOP ( 'NONE', ( #1215, #123, #1626, #1017 ) ) ;
#402 = VECTOR ( 'NONE', #819, 1000.000000000000000 ) ;
#403 = CARTESIAN_POINT ( 'NONE',  ( -96.58388084055400213, 109.1873250874420052, 3.000000000000000000 ) ) ;
#404 = ADVANCED_FACE ( 'NONE', ( #233 ), #1084, .T. ) ;
#405 = EDGE_LOOP ( 'NONE', ( #1632, #3789, #904, #1920 ) ) ;
#406 = CARTESIAN_POINT ( 'NONE',  ( -21.75174470037798002, 103.5747574295150031, 0.000000000000000000 ) ) ;
#407 = DIRECTION ( 'NONE',  ( -1.000000000000000000, 0.000000000000000000, 0.000000000000000000 ) ) ;
#408 = ADVANCED_FACE ( 'NONE', ( #3164 ), #2622, .F. ) ;
#409 = VERTEX_POINT ( 'NONE', #3143 ) ;
#410 = VERTEX_POINT ( 'NONE', #3126 ) ;
#411 = AXIS2_PLACEMENT_3D ( 'NONE', #670, #3698, #359 ) ;
#412 = EDGE_CURVE ( 'NONE', #3230, #2647, #1661, .T. ) ;
#413 = CARTESIAN_POINT ( 'NONE',  ( -86.08388084055398792, 109.1873250874420052, 0.000000000000000000 ) ) ;
#414 = LINE ( 'NONE', #3093, #1367 ) ;
#415 = ORIENTED_EDGE ( 'NONE', *, *, #2840, .F. ) ;
#416 = CIRCLE ( 'NONE', #1788, 2.000000000000000000 ) ;
#417 = FACE_OUTER_BOUND ( 'NONE', #3170, .T. ) ;
#418 = EDGE_CURVE ( 'NONE', #976, #1376, #298, .T. ) ;
#419 = CARTESIAN_POINT ( 'NONE',  ( -114.3745315356199939, 35.57475742951498887, 1.399999999999999911 ) ) ;
#420 = CARTESIAN_POINT ( 'NONE',  ( -91.33388084055398792, 109.1873250874420052, 0.000000000000000000 ) ) ;
#421 = CIRCLE ( 'NONE', #2426, 2.399999999999999467 ) ;
#422 = EDGE_CURVE ( 'NONE', #3561, #1362, #1779, .T. ) ;
#423 = EDGE_CURVE ( 'NONE', #798, #2254, #2240, .T. ) ;
#424 = ORIENTED_EDGE ( 'NONE', *, *, #2444, .T. ) ;
#425 = CARTESIAN_POINT ( 'NONE',  ( -113.8745315356200081, 29.87475742951500024, -1.600000000000000755 ) ) ;
#426 = ORIENTED_EDGE ( 'NONE', *, *, #113, .T. ) ;
#427 = VECTOR ( 'NONE', #2661, 1000.000000000000000 ) ;
#428 = LINE ( 'NONE', #445, #1900 ) ;
#429 = FACE_OUTER_BOUND ( 'NONE', #762, .T. ) ;
#430 = EDGE_CURVE ( 'NONE', #3196, #2090, #2393, .T. ) ;
#431 = ORIENTED_EDGE ( 'NONE', *, *, #3533, .T. ) ;
#432 = CARTESIAN_POINT ( 'NONE',  ( -49.62510033020099343, 115.5855275489900151, 1.999999999999998224 ) ) ;
#433 = DIRECTION ( 'NONE',  ( 0.000000000000000000, 0.000000000000000000, 1.000000000000000000 ) ) ;
#434 = ORIENTED_EDGE ( 'NONE', *, *, #32, .F. ) ;
#435 = VECTOR ( 'NONE', #3694, 1000.000000000000000 ) ;
#436 = DIRECTION ( 'NONE',  ( 0.000000000000000000, 1.000000000000000000, 0.000000000000000000 ) ) ;
#437 = CARTESIAN_POINT ( 'NONE',  ( -21.75174470037798002, 35.57475742951498887, 0.000000000000000000 ) ) ;
#438 = ADVANCED_FACE ( 'NONE', ( #609 ), #918, .F. ) ;
#439 = CYLINDRICAL_SURFACE ( 'NONE', #399, 2.500000000000002220 ) ;
#440 = AXIS2_PLACEMENT_3D ( 'NONE', #2103, #3294, #364 ) ;
#441 = ORIENTED_EDGE ( 'NONE', *, *, #3324, .T. ) ;
#442 = CARTESIAN_POINT ( 'NONE',  ( -115.3745315356199939, 94.38701041402200076, -5.081368200537429713E-05 ) ) ;
#443 = ORIENTED_EDGE ( 'NONE', *, *, #1179, .F. ) ;
#444 = EDGE_CURVE ( 'NONE', #798, #2053, #859, .T. ) ;
#445 = CARTESIAN_POINT ( 'NONE',  ( -47.28552197104399824, 116.5855275489900151, 0.9999999999999997780 ) ) ;
#446 = PLANE ( 'NONE',  #2125 ) ;
#447 = DIRECTION ( 'NONE',  ( -0.000000000000000000, 0.000000000000000000, -1.000000000000000000 ) ) ;
#448 = VERTEX_POINT ( 'NONE', #2640 ) ;
#449 = DIRECTION ( 'NONE',  ( -0.000000000000000000, 1.000000000000000000, -0.000000000000000000 ) ) ;
#450 = CARTESIAN_POINT ( 'NONE',  ( -51.62510033020100053, 115.5855275489900151, -14.00000000000000178 ) ) ;
#451 = ORIENTED_EDGE ( 'NONE', *, *, #128, .F. ) ;
#452 = LINE ( 'NONE', #129, #1257 ) ;
#453 = DIRECTION ( 'NONE',  ( -0.000000000000000000, 0.000000000000000000, -1.000000000000000000 ) ) ;
#454 = DIRECTION ( 'NONE',  ( -0.000000000000000000, -0.000000000000000000, -1.000000000000000000 ) ) ;
#455 = ORIENTED_EDGE ( 'NONE', *, *, #3279, .F. ) ;
#456 = DIRECTION ( 'NONE',  ( 1.000000000000000000, 0.000000000000000000, 0.000000000000000000 ) ) ;
#457 = VECTOR ( 'NONE', #3506, 1000.000000000000000 ) ;
#458 = VECTOR ( 'NONE', #3039, 1000.000000000000000 ) ;
#459 = LINE ( 'NONE', #2827, #1015 ) ;
#460 = FACE_OUTER_BOUND ( 'NONE', #563, .T. ) ;
#461 = DIRECTION ( 'NONE',  ( 0.000000000000000000, 0.000000000000000000, 1.000000000000000000 ) ) ;
#462 = ORIENTED_EDGE ( 'NONE', *, *, #3833, .T. ) ;
#463 = DIRECTION ( 'NONE',  ( -1.000000000000000000, 0.000000000000000000, 0.000000000000000000 ) ) ;
#464 = CARTESIAN_POINT ( 'NONE',  ( -21.75174470037798002, 103.5747574295150031, 0.000000000000000000 ) ) ;
#465 = EDGE_CURVE ( 'NONE', #3307, #993, #1172, .T. ) ;
#466 = VERTEX_POINT ( 'NONE', #3018 ) ;
#467 = DIRECTION ( 'NONE',  ( -1.000000000000000000, 0.000000000000000000, 0.000000000000000000 ) ) ;
#468 = VECTOR ( 'NONE', #1341, 1000.000000000000000 ) ;
#469 = VECTOR ( 'NONE', #1813, 999.9999999999998863 ) ;
#470 = CARTESIAN_POINT ( 'NONE',  ( -50.62510033020100053, 110.7252222504450003, 1.999999999999998224 ) ) ;
#471 = ADVANCED_FACE ( 'NONE', ( #2052 ), #2937, .T. ) ;
#472 = ORIENTED_EDGE ( 'NONE', *, *, #2797, .T. ) ;
#473 = DIRECTION ( 'NONE',  ( -0.000000000000000000, -0.000000000000000000, 1.000000000000000000 ) ) ;
#474 = CIRCLE ( 'NONE', #1855, 1.000000000000000000 ) ;
#475 = ORIENTED_EDGE ( 'NONE', *, *, #2145, .F. ) ;
#476 = PLANE ( 'NONE',  #604 ) ;
#477 = EDGE_LOOP ( 'NONE', ( #1047, #2812, #2261, #3165 ) ) ;
#478 = VECTOR ( 'NONE', #1971, 1000.000000000000000 ) ;
#479 = DIRECTION ( 'NONE',  ( -1.000000000000000000, 0.000000000000000000, 0.000000000000000000 ) ) ;
#480 = DIRECTION ( 'NONE',  ( 0.000000000000000000, -1.000000000000000000, 0.000000000000000000 ) ) ;
#481 = APPROVAL_DATE_TIME ( #2324, #3147 ) ;
#482 = LINE ( 'NONE', #3788, #3069 ) ;
#483 = ORIENTED_EDGE ( 'NONE', *, *, #371, .F. ) ;
#484 = EDGE_CURVE ( 'NONE', #2764, #993, #1243, .T. ) ;
#485 = ADVANCED_FACE ( 'NONE', ( #10 ), #589, .T. ) ;
#486 = DIRECTION ( 'NONE',  ( 0.000000000000000000, 0.000000000000000000, -1.000000000000000000 ) ) ;
#487 = CARTESIAN_POINT ( 'NONE',  ( -49.62510033020099343, 112.4572730580138824, -14.00000000000000178 ) ) ;
#488 = ORIENTED_EDGE ( 'NONE', *, *, #1199, .T. ) ;
#489 = CARTESIAN_POINT ( 'NONE',  ( -111.3745315356199939, 112.5855275489900151, -1.600000000000000755 ) ) ;
#490 = DIRECTION ( 'NONE',  ( 0.000000000000000000, -0.000000000000000000, 1.000000000000000000 ) ) ;
#491 = ORIENTED_EDGE ( 'NONE', *, *, #255, .T. ) ;
#492 = CARTESIAN_POINT ( 'NONE',  ( -52.62510033020100764, 110.7252222504450003, -14.00000000000000178 ) ) ;
#493 = EDGE_LOOP ( 'NONE', ( #290, #83, #2803, #2399 ) ) ;
#494 = LINE ( 'NONE', #1018, #1338 ) ;
#495 = AXIS2_PLACEMENT_3D ( 'NONE', #965, #706, #2162 ) ;
#496 = ORIENTED_EDGE ( 'NONE', *, *, #309, .T. ) ;
#497 = DIRECTION ( 'NONE',  ( -1.000000000000000000, 0.000000000000000000, 0.000000000000000000 ) ) ;
#498 = DIRECTION ( 'NONE',  ( 1.000000000000000000, -0.000000000000000000, -0.000000000000000000 ) ) ;
#499 = VECTOR ( 'NONE', #2678, 1000.000000000000000 ) ;
#500 = APPROVAL_ROLE ( '' ) ;
#501 = EDGE_CURVE ( 'NONE', #3318, #3460, #337, .T. ) ;
#502 = FACE_OUTER_BOUND ( 'NONE', #1275, .T. ) ;
#503 = ORIENTED_EDGE ( 'NONE', *, *, #3019, .T. ) ;
#504 = DIRECTION ( 'NONE',  ( 0.000000000000000000, 1.000000000000000000, 0.000000000000000000 ) ) ;
#505 = FACE_OUTER_BOUND ( 'NONE', #477, .T. ) ;
#506 = CARTESIAN_POINT ( 'NONE',  ( -42.56818897637700161, 114.8983947167885020, 3.000000000000000000 ) ) ;
#507 = DIRECTION ( 'NONE',  ( 1.000000000000000000, 0.000000000000000000, -0.000000000000000000 ) ) ;
#508 = VERTEX_POINT ( 'NONE', #3245 ) ;
#509 = EDGE_CURVE ( 'NONE', #1444, #3785, #3830, .T. ) ;
#510 = ORIENTED_EDGE ( 'NONE', *, *, #2331, .F. ) ;
#511 = CARTESIAN_POINT ( 'NONE',  ( -114.3745315356199939, 115.5855275489900151, -14.00000000000000000 ) ) ;
#512 = ORIENTED_EDGE ( 'NONE', *, *, #32, .T. ) ;
#513 = LINE ( 'NONE', #1351, #1405 ) ;
#514 = ORIENTED_EDGE ( 'NONE', *, *, #1520, .T. ) ;
#515 = VERTEX_POINT ( 'NONE', #3223 ) ;
#516 = PLANE ( 'NONE',  #2835 ) ;
#517 = CARTESIAN_POINT ( 'NONE',  ( -114.3745315356199939, 103.5747574295150031, 0.000000000000000000 ) ) ;
#518 = DATE_TIME_ROLE ( 'creation_date' ) ;
#519 = VECTOR ( 'NONE', #3599, 1000.000000000000000 ) ;
#520 = EDGE_CURVE ( 'NONE', #2049, #2405, #3580, .T. ) ;
#521 = DIRECTION ( 'NONE',  ( 1.000000000000000000, 0.000000000000000000, 0.000000000000000000 ) ) ;
#522 = EDGE_LOOP ( 'NONE', ( #1105, #3594, #2259, #86, #627, #2568, #3067, #2278 ) ) ;
#523 = LOCAL_TIME ( 20, 44, 46.00000000000000000, #3218 ) ;
#524 = VECTOR ( 'NONE', #1931, 1000.000000000000000 ) ;
#525 = EDGE_CURVE ( 'NONE', #2842, #2313, #2127, .T. ) ;
#526 = DIRECTION ( 'NONE',  ( -0.000000000000000000, -0.000000000000000000, 1.000000000000000000 ) ) ;
#527 = LINE ( 'NONE', #2578, #237 ) ;
#528 = DIRECTION ( 'NONE',  ( 0.000000000000000000, -1.000000000000000000, 0.000000000000000000 ) ) ;
#529 = EDGE_CURVE ( 'NONE', #3679, #976, #1211, .T. ) ;
#530 = PLANE ( 'NONE',  #908 ) ;
#531 = DIRECTION ( 'NONE',  ( -0.000000000000000000, -0.000000000000000000, -1.000000000000000000 ) ) ;
#532 = EDGE_LOOP ( 'NONE', ( #1085, #3673 ) ) ;
#533 = DIRECTION ( 'NONE',  ( -1.000000000000000000, 0.000000000000000000, 0.000000000000000000 ) ) ;
#534 = EDGE_CURVE ( 'NONE', #3747, #1883, #3538, .T. ) ;
#535 = EDGE_CURVE ( 'NONE', #2327, #1579, #3515, .T. ) ;
#536 = ORIENTED_EDGE ( 'NONE', *, *, #3704, .T. ) ;
#537 = DIRECTION ( 'NONE',  ( -0.000000000000000000, 0.000000000000000000, -1.000000000000000000 ) ) ;
#538 = VECTOR ( 'NONE', #3656, 1000.000000000000000 ) ;
#539 = EDGE_CURVE ( 'NONE', #714, #1288, #573, .T. ) ;
#540 = ORIENTED_EDGE ( 'NONE', *, *, #2878, .T. ) ;
#541 = ORIENTED_EDGE ( 'NONE', *, *, #2330, .T. ) ;
#542 = FACE_OUTER_BOUND ( 'NONE', #1011, .T. ) ;
#543 = DIRECTION ( 'NONE',  ( 0.000000000000000000, 0.000000000000000000, 1.000000000000000000 ) ) ;
#544 =( NAMED_UNIT ( * ) SI_UNIT ( $, .STERADIAN. ) SOLID_ANGLE_UNIT ( ) );
#545 = DIRECTION ( 'NONE',  ( -1.000000000000000000, 2.185478394931410575E-16, 0.000000000000000000 ) ) ;
#546 = EDGE_LOOP ( 'NONE', ( #3412, #1691, #1862, #2559 ) ) ;
#547 = VECTOR ( 'NONE', #3386, 1000.000000000000000 ) ;
#548 = VECTOR ( 'NONE', #3829, 1000.000000000000114 ) ;
#549 = EDGE_CURVE ( 'NONE', #2579, #2849, #3383, .T. ) ;
#550 = LINE ( 'NONE', #2660, #3481 ) ;
#551 = DIRECTION ( 'NONE',  ( 0.000000000000000000, 1.000000000000000000, -0.000000000000000000 ) ) ;
#552 = DIRECTION ( 'NONE',  ( 1.000000000000000000, 0.000000000000000000, 0.000000000000000000 ) ) ;
#553 = ORIENTED_EDGE ( 'NONE', *, *, #2546, .T. ) ;
#554 = FACE_OUTER_BOUND ( 'NONE', #143, .T. ) ;
#555 = DIRECTION ( 'NONE',  ( 0.000000000000000000, 0.000000000000000000, 1.000000000000000000 ) ) ;
#556 = CARTESIAN_POINT ( 'NONE',  ( -22.25174470037797647, 112.5855275489900151, -1.600000000000000755 ) ) ;
#557 = ORIENTED_EDGE ( 'NONE', *, *, #2840, .T. ) ;
#558 = DIRECTION ( 'NONE',  ( 0.000000000000000000, 0.000000000000000000, 1.000000000000000000 ) ) ;
#559 = VECTOR ( 'NONE', #2537, 1000.000000000000000 ) ;
#560 = EDGE_CURVE ( 'NONE', #2161, #3782, #373, .T. ) ;
#561 = DIRECTION ( 'NONE',  ( 0.000000000000000000, -1.000000000000000000, 0.000000000000000000 ) ) ;
#562 = AXIS2_PLACEMENT_3D ( 'NONE', #2151, #1006, #3072 ) ;
#563 = EDGE_LOOP ( 'NONE', ( #3104, #3822, #164, #3644 ) ) ;
#564 = ORIENTED_EDGE ( 'NONE', *, *, #764, .T. ) ;
#565 = CARTESIAN_POINT ( 'NONE',  ( -111.3745315356199939, 32.37475742951500735, -1.600000000000000755 ) ) ;
#566 = DIRECTION ( 'NONE',  ( 0.000000000000000000, 0.000000000000000000, 1.000000000000000000 ) ) ;
#567 = APPLICATION_PROTOCOL_DEFINITION ( 'international standard', 'config_control_design', 1994, #2364 ) ;
#568 = EDGE_CURVE ( 'NONE', #667, #2062, #1550, .T. ) ;
#569 = DIRECTION ( 'NONE',  ( 0.000000000000000000, 0.000000000000000000, -1.000000000000000000 ) ) ;
#570 = ORIENTED_EDGE ( 'NONE', *, *, #1312, .T. ) ;
#571 = AXIS2_PLACEMENT_3D ( 'NONE', #3502, #776, #3444 ) ;
#572 = LINE ( 'NONE', #1760, #3415 ) ;
#573 = LINE ( 'NONE', #1761, #435 ) ;
#574 = ORIENTED_EDGE ( 'NONE', *, *, #568, .F. ) ;
#575 = CARTESIAN_POINT ( 'NONE',  ( -49.22510033020100195, 115.5855275489900151, 1.999999999999998224 ) ) ;
#576 = CARTESIAN_POINT ( 'NONE',  ( -24.75174470037796581, 32.37475742951500735, -7.000000000000000888 ) ) ;
#577 = CARTESIAN_POINT ( 'NONE',  ( -111.3745315356199939, 32.37475742951500735, -7.000000000000000888 ) ) ;
#578 = ORIENTED_EDGE ( 'NONE', *, *, #1255, .F. ) ;
#579 = ADVANCED_FACE ( 'NONE', ( #3625 ), #1286, .F. ) ;
#580 = LINE ( 'NONE', #617, #2870 ) ;
#581 = CARTESIAN_POINT ( 'NONE',  ( -54.54786098415989670, 115.5855275489900151, 2.000000000000000000 ) ) ;
#582 = EDGE_LOOP ( 'NONE', ( #1914, #3779, #285, #2800 ) ) ;
#583 = EDGE_LOOP ( 'NONE', ( #431, #1330, #2216, #1509 ) ) ;
#584 = LINE ( 'NONE', #3806, #2794 ) ;
#585 = PLANE ( 'NONE',  #3010 ) ;
#586 = LINE ( 'NONE', #2680, #3651 ) ;
#587 = ORIENTED_EDGE ( 'NONE', *, *, #3124, .F. ) ;
#588 = CARTESIAN_POINT ( 'NONE',  ( -114.3745315356199939, 93.38701041402200076, -1.000050813682005213 ) ) ;
#589 = PLANE ( 'NONE',  #1420 ) ;
#590 = ORIENTED_EDGE ( 'NONE', *, *, #560, .T. ) ;
#591 = ADVANCED_FACE ( 'NONE', ( #2452 ), #1600, .T. ) ;
#592 = CARTESIAN_POINT ( 'NONE',  ( -114.3745315356199939, 92.38701041402200076, -5.200050813682004502 ) ) ;
#593 = CARTESIAN_POINT ( 'NONE',  ( -91.33388084055398792, 109.1873250874420052, 3.000000000000000000 ) ) ;
#594 = DIRECTION ( 'NONE',  ( 1.000000000000000000, -0.000000000000000000, -0.000000000000000000 ) ) ;
#595 = ORIENTED_EDGE ( 'NONE', *, *, #1230, .T. ) ;
#596 = CARTESIAN_POINT ( 'NONE',  ( -21.75174470037798002, 115.5855275489900151, 0.000000000000000000 ) ) ;
#597 = EDGE_CURVE ( 'NONE', #3679, #1384, #2501, .T. ) ;
#598 = DIRECTION ( 'NONE',  ( 0.000000000000000000, -0.000000000000000000, -1.000000000000000000 ) ) ;
#599 = DIRECTION ( 'NONE',  ( 0.000000000000000000, 0.000000000000000000, 1.000000000000000000 ) ) ;
#600 = VERTEX_POINT ( 'NONE', #1841 ) ;
#601 = ORIENTED_EDGE ( 'NONE', *, *, #26, .F. ) ;
#602 = DIRECTION ( 'NONE',  ( -1.000000000000000000, 0.000000000000000000, 0.000000000000000000 ) ) ;
#603 = DIRECTION ( 'NONE',  ( 1.000000000000000000, 0.000000000000000000, 0.000000000000000000 ) ) ;
#604 = AXIS2_PLACEMENT_3D ( 'NONE', #1095, #782, #2903 ) ;
#605 = DIRECTION ( 'NONE',  ( 1.000000000000000000, -0.000000000000000000, -0.000000000000000000 ) ) ;
#606 = VERTEX_POINT ( 'NONE', #1893 ) ;
#607 = AXIS2_PLACEMENT_3D ( 'NONE', #3406, #1646, #2858 ) ;
#608 = FACE_OUTER_BOUND ( 'NONE', #2681, .T. ) ;
#609 = FACE_OUTER_BOUND ( 'NONE', #2863, .T. ) ;
#610 = AXIS2_PLACEMENT_3D ( 'NONE', #1536, #53, #1897 ) ;
#611 = ORIENTED_EDGE ( 'NONE', *, *, #465, .T. ) ;
#612 = VERTEX_POINT ( 'NONE', #666 ) ;
#613 = DIRECTION ( 'NONE',  ( 0.000000000000000000, 0.000000000000000000, 1.000000000000000000 ) ) ;
#614 = DIRECTION ( 'NONE',  ( 1.000000000000000000, -5.551115123125779547E-15, 0.000000000000000000 ) ) ;
#615 = CARTESIAN_POINT ( 'NONE',  ( -48.12510033020100053, 110.9353422606009900, -13.00000000000000178 ) ) ;
#616 = ORIENTED_EDGE ( 'NONE', *, *, #2171, .T. ) ;
#617 = CARTESIAN_POINT ( 'NONE',  ( -22.25174470037797647, 32.37475742951500735, -1.600000000000000755 ) ) ;
#618 = VECTOR ( 'NONE', #2956, 1000.000000000000000 ) ;
#619 = LINE ( 'NONE', #1834, #3459 ) ;
#620 = CARTESIAN_POINT ( 'NONE',  ( -21.25174470037796581, 28.37475742951500024, -14.00000000000000000 ) ) ;
#621 = CLOSED_SHELL ( 'NONE', ( #697, #154, #3532, #2072, #2208, #2502, #2710, #1133, #1943, #3317, #708, #783, #1262, #18, #2040, #1731, #692, #235, #1231, #713, #1560, #1933, #2886, #935, #2636, #2932, #2834, #1832, #2851, #2748, #1381, #3057, #1374, #3569, #2906, #2743 ) ) ;
#622 = ORIENTED_EDGE ( 'NONE', *, *, #525, .T. ) ;
#623 = EDGE_LOOP ( 'NONE', ( #1562, #1156, #3730, #3828 ) ) ;
#624 = CARTESIAN_POINT ( 'NONE',  ( -54.54786098415989670, 115.5855275489900151, 2.000000000000000000 ) ) ;
#625 = FACE_BOUND ( 'NONE', #2504, .T. ) ;
#626 = DIRECTION ( 'NONE',  ( -0.000000000000000000, -0.000000000000000000, -1.000000000000000000 ) ) ;
#627 = ORIENTED_EDGE ( 'NONE', *, *, #2563, .F. ) ;
#628 = LINE ( 'NONE', #2467, #458 ) ;
#629 = DIRECTION ( 'NONE',  ( -0.5773502691896253980, 0.5773502691896255090, 0.5773502691896266192 ) ) ;
#630 = ORIENTED_EDGE ( 'NONE', *, *, #1074, .T. ) ;
#631 = VECTOR ( 'NONE', #673, 1000.000000000000000 ) ;
#632 = EDGE_LOOP ( 'NONE', ( #1622, #3077, #1057, #1098, #3696, #1358, #1535, #3377, #1538, #3011, #1571, #2082 ) ) ;
#633 = CARTESIAN_POINT ( 'NONE',  ( -51.62510033020100053, 115.5855275489900151, 3.000000000000000000 ) ) ;
#634 = LINE ( 'NONE', #2435, #1423 ) ;
#635 = CIRCLE ( 'NONE', #325, 2.500000000000002220 ) ;
#636 = ORIENTED_EDGE ( 'NONE', *, *, #2024, .T. ) ;
#637 = DIRECTION ( 'NONE',  ( -1.000000000000000000, 0.000000000000000000, 0.000000000000000000 ) ) ;
#638 = DIRECTION ( 'NONE',  ( 0.000000000000000000, 1.000000000000000000, -0.000000000000000000 ) ) ;
#639 = DIRECTION ( 'NONE',  ( 0.000000000000000000, 1.000000000000000000, -2.617791965760031614E-16 ) ) ;
#640 = ORIENTED_EDGE ( 'NONE', *, *, #1527, .T. ) ;
#641 = DIRECTION ( 'NONE',  ( 0.000000000000000000, -1.000000000000000000, 0.000000000000000000 ) ) ;
#642 = PLANE ( 'NONE',  #3835 ) ;
#643 = ORIENTED_EDGE ( 'NONE', *, *, #3133, .T. ) ;
#644 = CARTESIAN_POINT ( 'NONE',  ( -35.22237728473499629, 107.8983947167885020, 0.000000000000000000 ) ) ;
#645 = CARTESIAN_POINT ( 'NONE',  ( -114.3745315356199939, 58.25087118297059163, 0.000000000000000000 ) ) ;
#646 = EDGE_CURVE ( 'NONE', #3352, #696, #1250, .T. ) ;
#647 = EDGE_CURVE ( 'NONE', #2539, #2939, #2188, .T. ) ;
#648 = ORIENTED_EDGE ( 'NONE', *, *, #444, .T. ) ;
#649 = PLANE ( 'NONE',  #365 ) ;
#650 = LINE ( 'NONE', #1847, #3078 ) ;
#651 = ORIENTED_EDGE ( 'NONE', *, *, #1167, .F. ) ;
#652 = VECTOR ( 'NONE', #1503, 1000.000000000000000 ) ;
#653 = CARTESIAN_POINT ( 'NONE',  ( -111.3745315356199939, 32.37475742951500735, -1.600000000000000755 ) ) ;
#654 = CIRCLE ( 'NONE', #2018, 6.000000000000005329 ) ;
#655 = DIRECTION ( 'NONE',  ( -0.7071067811865474617, 0.7071067811865474617, -0.000000000000000000 ) ) ;
#656 = DIRECTION ( 'NONE',  ( 0.000000000000000000, 0.000000000000000000, -1.000000000000000000 ) ) ;
#657 = ADVANCED_FACE ( 'NONE', ( #1583 ), #3089, .F. ) ;
#658 = ADVANCED_FACE ( 'NONE', ( #2778 ), #2485, .T. ) ;
#659 = VERTEX_POINT ( 'NONE', #3678 ) ;
#660 = CYLINDRICAL_SURFACE ( 'NONE', #1970, 2.500000000000000000 ) ;
#661 = ADVANCED_FACE ( 'NONE', ( #3040 ), #3803, .T. ) ;
#662 = LINE ( 'NONE', #1944, #2016 ) ;
#663 = ORIENTED_EDGE ( 'NONE', *, *, #3614, .F. ) ;
#664 = AXIS2_PLACEMENT_3D ( 'NONE', #848, #2381, #3571 ) ;
#665 = LINE ( 'NONE', #2722, #2156 ) ;
#666 = CARTESIAN_POINT ( 'NONE',  ( -42.56818897637700161, 107.8983947167885020, 1.000000000000000000 ) ) ;
#667 = VERTEX_POINT ( 'NONE', #1302 ) ;
#668 = VECTOR ( 'NONE', #743, 1000.000000000000000 ) ;
#669 = VERTEX_POINT ( 'NONE', #3399 ) ;
#670 = CARTESIAN_POINT ( 'NONE',  ( -35.22237728473499629, 110.3983947167885020, 0.000000000000000000 ) ) ;
#671 = CARTESIAN_POINT ( 'NONE',  ( -51.62510033020100053, 112.4572730580138824, -14.00000000000000178 ) ) ;
#672 = ORIENTED_EDGE ( 'NONE', *, *, #954, .T. ) ;
#673 = DIRECTION ( 'NONE',  ( -0.000000000000000000, -0.000000000000000000, 1.000000000000000000 ) ) ;
#674 = VECTOR ( 'NONE', #3370, 1000.000000000000000 ) ;
#675 = CARTESIAN_POINT ( 'NONE',  ( -48.28552197104399824, 115.5855275489900151, -3.350050801712995074 ) ) ;
#676 = ORIENTED_EDGE ( 'NONE', *, *, #3484, .F. ) ;
#677 = CARTESIAN_POINT ( 'NONE',  ( -48.12510033020100053, 110.9353422606009900, -1.600000000000000755 ) ) ;
#678 = ORIENTED_EDGE ( 'NONE', *, *, #1515, .T. ) ;
#679 = CARTESIAN_POINT ( 'NONE',  ( -114.8745315356199939, 28.37475742951500735, -14.00000000000000000 ) ) ;
#680 = DIRECTION ( 'NONE',  ( -0.000000000000000000, 1.000000000000000000, -0.000000000000000000 ) ) ;
#681 = EDGE_CURVE ( 'NONE', #225, #3101, #958, .T. ) ;
#682 = ORIENTED_EDGE ( 'NONE', *, *, #1411, .T. ) ;
#683 = ORIENTED_EDGE ( 'NONE', *, *, #2230, .F. ) ;
#684 = CARTESIAN_POINT ( 'NONE',  ( -42.56818897637700161, 110.3983947167885020, 3.000000000000000000 ) ) ;
#685 = DIRECTION ( 'NONE',  ( -1.000000000000000000, 0.000000000000000000, 0.000000000000000000 ) ) ;
#686 = DESIGN_CONTEXT ( 'detailed design', #2553, 'design' ) ;
#687 = ADVANCED_FACE ( 'NONE', ( #1567 ), #1429, .T. ) ;
#688 = VERTEX_POINT ( 'NONE', #3350 ) ;
#689 = AXIS2_PLACEMENT_3D ( 'NONE', #2378, #1833, #3274 ) ;
#690 = LINE ( 'NONE', #1067, #2059 ) ;
#691 = AXIS2_PLACEMENT_3D ( 'NONE', #1526, #2719, #46 ) ;
#692 = ADVANCED_FACE ( 'NONE', ( #429 ), #940, .F. ) ;
#693 = CARTESIAN_POINT ( 'NONE',  ( -46.78552197104399113, 106.5149212680012170, 2.000000000000000000 ) ) ;
#694 = ORIENTED_EDGE ( 'NONE', *, *, #991, .F. ) ;
#695 = FACE_OUTER_BOUND ( 'NONE', #2790, .T. ) ;
#696 = VERTEX_POINT ( 'NONE', #3158 ) ;
#697 = ADVANCED_FACE ( 'NONE', ( #2593, #3119 ), #1655, .F. ) ;
#698 = DIRECTION ( 'NONE',  ( -0.000000000000000000, 0.000000000000000000, 1.000000000000000000 ) ) ;
#699 = CARTESIAN_POINT ( 'NONE',  ( -21.75174470037796581, 115.5855275489900151, -14.00000000000000000 ) ) ;
#700 = ORIENTED_EDGE ( 'NONE', *, *, #840, .F. ) ;
#701 = EDGE_LOOP ( 'NONE', ( #2962, #540, #1828, #1750 ) ) ;
#702 = DIRECTION ( 'NONE',  ( 0.000000000000000000, 0.000000000000000000, 1.000000000000000000 ) ) ;
#703 = CARTESIAN_POINT ( 'NONE',  ( -48.12510033020100053, 107.9353422606009900, -13.00000000000000178 ) ) ;
#704 = AXIS2_PLACEMENT_3D ( 'NONE', #2783, #3106, #2819 ) ;
#705 = ORIENTED_EDGE ( 'NONE', *, *, #316, .F. ) ;
#706 = DIRECTION ( 'NONE',  ( -1.000000000000000000, 0.000000000000000000, 0.000000000000000000 ) ) ;
#707 = EDGE_CURVE ( 'NONE', #805, #3823, #1112, .T. ) ;
#708 = ADVANCED_FACE ( 'NONE', ( #460 ), #446, .T. ) ;
#709 = CARTESIAN_POINT ( 'NONE',  ( -115.3745315356199939, 94.38701041402200076, -4.200050813682005391 ) ) ;
#710 = AXIS2_PLACEMENT_3D ( 'NONE', #420, #2513, #3621 ) ;
#711 = AXIS2_PLACEMENT_3D ( 'NONE', #304, #531, #3815 ) ;
#712 = VECTOR ( 'NONE', #698, 1000.000000000000000 ) ;
#713 = ADVANCED_FACE ( 'NONE', ( #2814 ), #1021, .F. ) ;
#714 = VERTEX_POINT ( 'NONE', #3715 ) ;
#715 = LINE ( 'NONE', #1908, #2104 ) ;
#716 = ORIENTED_EDGE ( 'NONE', *, *, #1363, .T. ) ;
#717 = CARTESIAN_POINT ( 'NONE',  ( -89.21277634402586898, 103.5747574295150031, 0.000000000000000000 ) ) ;
#718 = CARTESIAN_POINT ( 'NONE',  ( -104.8884403073035969, 81.00130922592666138, 1.399999999999999911 ) ) ;
#719 = ORIENTED_EDGE ( 'NONE', *, *, #412, .F. ) ;
#720 = EDGE_CURVE ( 'NONE', #974, #1298, #1353, .T. ) ;
#721 = CARTESIAN_POINT ( 'NONE',  ( -46.78552197104399824, 113.5855275489900151, 0.9999999999999997780 ) ) ;
#722 = DIRECTION ( 'NONE',  ( 0.000000000000000000, 0.000000000000000000, -1.000000000000000000 ) ) ;
#723 = ORIENTED_EDGE ( 'NONE', *, *, #218, .F. ) ;
#724 = AXIS2_PLACEMENT_3D ( 'NONE', #2989, #887, #561 ) ;
#725 = LINE ( 'NONE', #1309, #1433 ) ;
#726 = FACE_OUTER_BOUND ( 'NONE', #2555, .T. ) ;
#727 = DIRECTION ( 'NONE',  ( 0.000000000000000000, 0.000000000000000000, -1.000000000000000000 ) ) ;
#728 = AXIS2_PLACEMENT_3D ( 'NONE', #841, #2033, #2959 ) ;
#729 = ORIENTED_EDGE ( 'NONE', *, *, #3773, .T. ) ;
#730 = CARTESIAN_POINT ( 'NONE',  ( -115.3745315356199939, 28.87475742951500735, -14.00000000000000000 ) ) ;
#731 = ORIENTED_EDGE ( 'NONE', *, *, #1551, .T. ) ;
#732 = AXIS2_PLACEMENT_3D ( 'NONE', #3856, #551, #3286 ) ;
#733 = CARTESIAN_POINT ( 'NONE',  ( -23.25174470037796937, 38.07475742951500308, 2.500000000000000000 ) ) ;
#734 = CARTESIAN_POINT ( 'NONE',  ( -50.62510033020100053, 110.7252222504450003, 1.999999999999998224 ) ) ;
#735 = CARTESIAN_POINT ( 'NONE',  ( -49.28552197104399824, 113.5855275489900151, -1.617999994144117881 ) ) ;
#736 = VERTEX_POINT ( 'NONE', #2552 ) ;
#737 = VECTOR ( 'NONE', #1061, 1000.000000000000000 ) ;
#738 = DIRECTION ( 'NONE',  ( 0.000000000000000000, 0.000000000000000000, -1.000000000000000000 ) ) ;
#739 = DIRECTION ( 'NONE',  ( 1.000000000000000000, 0.000000000000000000, 0.000000000000000000 ) ) ;
#740 = EDGE_LOOP ( 'NONE', ( #587, #2773, #1268, #1805 ) ) ;
#741 = AXIS2_PLACEMENT_3D ( 'NONE', #1233, #2468, #2745 ) ;
#742 = PLANE ( 'NONE',  #997 ) ;
#743 = DIRECTION ( 'NONE',  ( 1.000000000000000000, 0.000000000000000000, -0.000000000000000000 ) ) ;
#744 = LINE ( 'NONE', #168, #3712 ) ;
#745 = VECTOR ( 'NONE', #799, 1000.000000000000000 ) ;
#746 = ORIENTED_EDGE ( 'NONE', *, *, #3551, .T. ) ;
#747 = CARTESIAN_POINT ( 'NONE',  ( -114.3745315356199939, 29.37475742951500024, -14.00000000000000000 ) ) ;
#748 = ORIENTED_EDGE ( 'NONE', *, *, #1400, .F. ) ;
#749 = EDGE_CURVE ( 'NONE', #3527, #1557, #788, .T. ) ;
#750 = LINE ( 'NONE', #2282, #524 ) ;
#751 = DIRECTION ( 'NONE',  ( 1.000000000000000000, 0.000000000000000000, 0.000000000000000000 ) ) ;
#752 = CARTESIAN_POINT ( 'NONE',  ( -42.56818897637700161, 112.8983947167885020, 0.000000000000000000 ) ) ;
#753 = ORIENTED_EDGE ( 'NONE', *, *, #2360, .F. ) ;
#754 = EDGE_CURVE ( 'NONE', #1776, #1894, #3787, .T. ) ;
#755 = DIRECTION ( 'NONE',  ( 0.000000000000000000, 0.000000000000000000, 1.000000000000000000 ) ) ;
#756 = DIRECTION ( 'NONE',  ( 0.000000000000000000, -0.000000000000000000, -1.000000000000000000 ) ) ;
#757 = ORIENTED_EDGE ( 'NONE', *, *, #749, .F. ) ;
#758 = CARTESIAN_POINT ( 'NONE',  ( -49.28552197104399824, 115.5855275489900151, 1.000000000000000000 ) ) ;
#759 = LINE ( 'NONE', #1346, #357 ) ;
#760 = ORIENTED_EDGE ( 'NONE', *, *, #1669, .F. ) ;
#761 = LINE ( 'NONE', #1962, #2581 ) ;
#762 = EDGE_LOOP ( 'NONE', ( #3152, #2069, #2172, #1478 ) ) ;
#763 = CARTESIAN_POINT ( 'NONE',  ( 0.000000000000000000, 0.000000000000000000, 0.000000000000000000 ) ) ;
#764 = EDGE_CURVE ( 'NONE', #3210, #2032, #1617, .T. ) ;
#765 = EDGE_CURVE ( 'NONE', #2506, #3526, #2227, .T. ) ;
#766 = CC_DESIGN_APPROVAL ( #3271, ( #2754 ) ) ;
#767 = AXIS2_PLACEMENT_3D ( 'NONE', #1181, #287, #2711 ) ;
#768 = FACE_OUTER_BOUND ( 'NONE', #1379, .T. ) ;
#769 = DIRECTION ( 'NONE',  ( 5.551115123125779547E-15, -1.000000000000000000, 0.000000000000000000 ) ) ;
#770 = CARTESIAN_POINT ( 'NONE',  ( -21.75174470037798002, 29.37475742951500735, -14.00000000000000000 ) ) ;
#771 = ORIENTED_EDGE ( 'NONE', *, *, #529, .F. ) ;
#772 = CARTESIAN_POINT ( 'NONE',  ( -48.12510033020100053, 110.9353422606009900, -1.600000000000000755 ) ) ;
#773 = DIRECTION ( 'NONE',  ( 0.000000000000000000, -1.000000000000000000, 0.000000000000000000 ) ) ;
#774 = ORIENTED_EDGE ( 'NONE', *, *, #1511, .F. ) ;
#775 = CC_DESIGN_DATE_AND_TIME_ASSIGNMENT ( #3770, #1079, ( #3836 ) ) ;
#776 = DIRECTION ( 'NONE',  ( 0.7071067811865475727, 0.7071067811865475727, -0.000000000000000000 ) ) ;
#777 = DIRECTION ( 'NONE',  ( 0.000000000000000000, 0.000000000000000000, -1.000000000000000000 ) ) ;
#778 = ORIENTED_EDGE ( 'NONE', *, *, #3718, .F. ) ;
#779 = DIRECTION ( 'NONE',  ( -1.000000000000000000, 0.000000000000000000, 0.000000000000000000 ) ) ;
#780 = VECTOR ( 'NONE', #3129, 1000.000000000000000 ) ;
#781 = EDGE_LOOP ( 'NONE', ( #1043, #3288, #3618, #2158, #1019, #2317, #1415, #663, #3847, #3486 ) ) ;
#782 = DIRECTION ( 'NONE',  ( 0.5773502691896253980, 0.5773502691896255090, 0.5773502691896266192 ) ) ;
#783 = ADVANCED_FACE ( 'NONE', ( #3452 ), #2828, .F. ) ;
#784 = VECTOR ( 'NONE', #881, 1000.000000000000000 ) ;
#785 = EDGE_LOOP ( 'NONE', ( #3710, #3278, #2836, #2760 ) ) ;
#786 = AXIS2_PLACEMENT_3D ( 'NONE', #2328, #297, #1778 ) ;
#787 = DIRECTION ( 'NONE',  ( -0.000000000000000000, -0.000000000000000000, 1.000000000000000000 ) ) ;
#788 = LINE ( 'NONE', #1674, #2752 ) ;
#789 = DATE_AND_TIME ( #1417, #523 ) ;
#790 = DIRECTION ( 'NONE',  ( 0.000000000000000000, 0.000000000000000000, 1.000000000000000000 ) ) ;
#791 = EDGE_LOOP ( 'NONE', ( #1391, #3841, #3573, #1719 ) ) ;
#792 = EDGE_CURVE ( 'NONE', #714, #3561, #1372, .T. ) ;
#793 = DIRECTION ( 'NONE',  ( 0.000000000000000000, 0.000000000000000000, 1.000000000000000000 ) ) ;
#794 = LINE ( 'NONE', #815, #468 ) ;
#795 = DIRECTION ( 'NONE',  ( 0.000000000000000000, 0.000000000000000000, -1.000000000000000000 ) ) ;
#796 = PLANE ( 'NONE',  #110 ) ;
#797 = ORIENTED_EDGE ( 'NONE', *, *, #2772, .T. ) ;
#798 = VERTEX_POINT ( 'NONE', #2572 ) ;
#799 = DIRECTION ( 'NONE',  ( 0.000000000000000000, -1.000000000000000000, 0.000000000000000000 ) ) ;
#800 = EDGE_CURVE ( 'NONE', #1137, #667, #3110, .T. ) ;
#801 = ORIENTED_EDGE ( 'NONE', *, *, #2609, .T. ) ;
#802 = CARTESIAN_POINT ( 'NONE',  ( -49.28552197104399113, 115.5855275489900151, -14.00000000000000000 ) ) ;
#803 = AXIS2_PLACEMENT_3D ( 'NONE', #2217, #3667, #1921 ) ;
#804 = EDGE_CURVE ( 'NONE', #3857, #931, #3800, .T. ) ;
#805 = VERTEX_POINT ( 'NONE', #3472 ) ;
#806 = ORIENTED_EDGE ( 'NONE', *, *, #3133, .F. ) ;
#807 = LINE ( 'NONE', #1395, #1961 ) ;
#808 = CARTESIAN_POINT ( 'NONE',  ( -50.62510033020100053, 110.7252222504450003, 1.999999999999998224 ) ) ;
#809 = VECTOR ( 'NONE', #3035, 1000.000000000000000 ) ;
#810 = CALENDAR_DATE ( 2026, 20, 3 ) ;
#811 = EDGE_CURVE ( 'NONE', #3116, #3318, #3198, .T. ) ;
#812 = CARTESIAN_POINT ( 'NONE',  ( -24.75174470037796581, 112.5855275489900151, -13.00000000000000178 ) ) ;
#813 = ORIENTED_EDGE ( 'NONE', *, *, #3168, .T. ) ;
#814 = CARTESIAN_POINT ( 'NONE',  ( -48.62510033020098632, 110.7252222504450003, -14.00000000000000178 ) ) ;
#815 = CARTESIAN_POINT ( 'NONE',  ( -35.22237728473499629, 114.8983947167885020, 3.000000000000000000 ) ) ;
#816 = EDGE_CURVE ( 'NONE', #3785, #3016, #2247, .T. ) ;
#817 = ADVANCED_FACE ( 'NONE', ( #3137 ), #3735, .T. ) ;
#818 = DIRECTION ( 'NONE',  ( -5.551115123125777969E-15, -1.000000000000000000, 0.000000000000000000 ) ) ;
#819 = DIRECTION ( 'NONE',  ( -0.000000000000000000, -0.000000000000000000, -1.000000000000000000 ) ) ;
#820 = ORIENTED_EDGE ( 'NONE', *, *, #2643, .F. ) ;
#821 = ADVANCED_FACE ( 'NONE', ( #3848 ), #1164, .F. ) ;
#822 = ORIENTED_EDGE ( 'NONE', *, *, #1220, .F. ) ;
#823 = CARTESIAN_POINT ( 'NONE',  ( -42.56818897637700161, 107.8983947167885020, 0.000000000000000000 ) ) ;
#824 = ORIENTED_EDGE ( 'NONE', *, *, #910, .T. ) ;
#825 = DIRECTION ( 'NONE',  ( -1.000000000000000000, 0.000000000000000000, 0.000000000000000000 ) ) ;
#826 = EDGE_CURVE ( 'NONE', #1307, #203, #292, .T. ) ;
#827 = ORIENTED_EDGE ( 'NONE', *, *, #2856, .T. ) ;
#828 = VERTEX_POINT ( 'NONE', #3216 ) ;
#829 = DIRECTION ( 'NONE',  ( -0.000000000000000000, 0.000000000000000000, 1.000000000000000000 ) ) ;
#830 = FACE_OUTER_BOUND ( 'NONE', #582, .T. ) ;
#831 = PERSON_AND_ORGANIZATION_ROLE ( 'design_owner' ) ;
#832 = AXIS2_PLACEMENT_3D ( 'NONE', #1168, #252, #1482 ) ;
#833 = FACE_OUTER_BOUND ( 'NONE', #1075, .T. ) ;
#834 = ORIENTED_EDGE ( 'NONE', *, *, #2589, .F. ) ;
#835 = AXIS2_PLACEMENT_3D ( 'NONE', #886, #3636, #2965 ) ;
#836 = DIRECTION ( 'NONE',  ( 0.000000000000000000, 0.000000000000000000, -1.000000000000000000 ) ) ;
#837 = CARTESIAN_POINT ( 'NONE',  ( -114.8745315356199939, 28.37475742951500735, -14.00000000000000000 ) ) ;
#838 = DIRECTION ( 'NONE',  ( -1.000000000000000000, 0.000000000000000000, 0.000000000000000000 ) ) ;
#839 = VERTEX_POINT ( 'NONE', #2065 ) ;
#840 = EDGE_CURVE ( 'NONE', #1554, #1169, #1205, .T. ) ;
#841 = CARTESIAN_POINT ( 'NONE',  ( -91.33388084055398792, 109.1873250874420052, 2.000000000000000000 ) ) ;
#842 = DIRECTION ( 'NONE',  ( 1.000000000000000000, 0.000000000000000000, 0.000000000000000000 ) ) ;
#843 = ORIENTED_EDGE ( 'NONE', *, *, #2105, .F. ) ;
#844 = ORIENTED_EDGE ( 'NONE', *, *, #2298, .F. ) ;
#845 = LINE ( 'NONE', #185, #2083 ) ;
#846 = VECTOR ( 'NONE', #1790, 1000.000000000000000 ) ;
#847 = EDGE_CURVE ( 'NONE', #696, #3196, #1753, .T. ) ;
#848 = CARTESIAN_POINT ( 'NONE',  ( -115.3745315356199939, 102.3270104140210037, -4.200050813682007167 ) ) ;
#849 = AXIS2_PLACEMENT_3D ( 'NONE', #1324, #2258, #490 ) ;
#850 = ORIENTED_EDGE ( 'NONE', *, *, #3188, .T. ) ;
#851 = ORIENTED_EDGE ( 'NONE', *, *, #2977, .T. ) ;
#852 = FACE_OUTER_BOUND ( 'NONE', #260, .T. ) ;
#853 = FACE_OUTER_BOUND ( 'NONE', #3253, .T. ) ;
#854 = CARTESIAN_POINT ( 'NONE',  ( -114.3745315356199939, 103.5747574295150031, 1.399999999999999911 ) ) ;
#855 = ORIENTED_EDGE ( 'NONE', *, *, #3178, .T. ) ;
#856 = VECTOR ( 'NONE', #2490, 1000.000000000000000 ) ;
#857 = EDGE_CURVE ( 'NONE', #508, #2415, #1772, .T. ) ;
#858 = LINE ( 'NONE', #3558, #1609 ) ;
#859 = LINE ( 'NONE', #2093, #3620 ) ;
#860 = CYLINDRICAL_SURFACE ( 'NONE', #3321, 6.000000000000005329 ) ;
#861 = ORIENTED_EDGE ( 'NONE', *, *, #3551, .F. ) ;
#862 = CARTESIAN_POINT ( 'NONE',  ( -54.54786098415989670, 115.5855275489900151, 0.000000000000000000 ) ) ;
#863 = LINE ( 'NONE', #2055, #3799 ) ;
#864 = LINE ( 'NONE', #1765, #402 ) ;
#865 = EDGE_LOOP ( 'NONE', ( #801, #2209, #1528, #590 ) ) ;
#866 = CARTESIAN_POINT ( 'NONE',  ( -111.3745315356199939, 115.0855275489900293, -7.000000000000000888 ) ) ;
#867 = PLANE ( 'NONE',  #2597 ) ;
#868 = EDGE_LOOP ( 'NONE', ( #318, #3522, #2781, #213 ) ) ;
#869 = ORIENTED_EDGE ( 'NONE', *, *, #3123, .T. ) ;
#870 = LINE ( 'NONE', #1142, #1234 ) ;
#871 = CARTESIAN_POINT ( 'NONE',  ( -53.12510033020100053, 110.9353422606009900, -1.600000000000000755 ) ) ;
#872 = VECTOR ( 'NONE', #2561, 1000.000000000000000 ) ;
#873 = ADVANCED_FACE ( 'NONE', ( #542 ), #3235, .T. ) ;
#874 = LINE ( 'NONE', #2995, #898 ) ;
#875 = ORIENTED_EDGE ( 'NONE', *, *, #1506, .T. ) ;
#876 = AXIS2_PLACEMENT_3D ( 'NONE', #1870, #641, #1315 ) ;
#877 = DIRECTION ( 'NONE',  ( 1.000000000000000000, -0.000000000000000000, -0.000000000000000000 ) ) ;
#878 = CARTESIAN_POINT ( 'NONE',  ( -49.28552197104399824, 116.5855275489900151, 1.000000000000000000 ) ) ;
#879 = EDGE_CURVE ( 'NONE', #2272, #3380, #584, .T. ) ;
#880 = ORIENTED_EDGE ( 'NONE', *, *, #1923, .T. ) ;
#881 = DIRECTION ( 'NONE',  ( -0.000000000000000000, 1.000000000000000000, -0.000000000000000000 ) ) ;
#882 = FACE_OUTER_BOUND ( 'NONE', #865, .T. ) ;
#883 = DIRECTION ( 'NONE',  ( -1.000000000000000000, 0.000000000000000000, 0.000000000000000000 ) ) ;
#884 = VERTEX_POINT ( 'NONE', #2677 ) ;
#885 = CARTESIAN_POINT ( 'NONE',  ( -86.08388084055398792, 109.1873250874420052, 2.000000000000000000 ) ) ;
#886 = CARTESIAN_POINT ( 'NONE',  ( -49.62510033020099343, 115.5855275489900151, -14.00000000000000178 ) ) ;
#887 = DIRECTION ( 'NONE',  ( 0.7071067811865469066, 0.000000000000000000, -0.7071067811865481278 ) ) ;
#888 = ORIENTED_EDGE ( 'NONE', *, *, #1803, .T. ) ;
#889 = VECTOR ( 'NONE', #1026, 1000.000000000000000 ) ;
#890 = ORIENTED_EDGE ( 'NONE', *, *, #1605, .T. ) ;
#891 = EDGE_CURVE ( 'NONE', #2939, #1804, #3824, .T. ) ;
#892 = DIRECTION ( 'NONE',  ( 0.000000000000000000, 0.000000000000000000, 1.000000000000000000 ) ) ;
#893 = CARTESIAN_POINT ( 'NONE',  ( -42.56818897637700161, 110.3983947167885020, 1.000000000000000000 ) ) ;
#894 = DIRECTION ( 'NONE',  ( 0.000000000000000000, -1.000000000000000000, 0.000000000000000000 ) ) ;
#895 = ORIENTED_EDGE ( 'NONE', *, *, #2096, .T. ) ;
#896 = DIRECTION ( 'NONE',  ( 0.000000000000000000, 0.000000000000000000, 1.000000000000000000 ) ) ;
#897 = CARTESIAN_POINT ( 'NONE',  ( -24.75174470037796581, 112.5855275489900151, -7.000000000000000888 ) ) ;
#898 = VECTOR ( 'NONE', #273, 1000.000000000000000 ) ;
#899 = VECTOR ( 'NONE', #1540, 1000.000000000000000 ) ;
#900 = ORIENTED_EDGE ( 'NONE', *, *, #2482, .T. ) ;
#901 = DIRECTION ( 'NONE',  ( -0.000000000000000000, -0.000000000000000000, 1.000000000000000000 ) ) ;
#902 = DIRECTION ( 'NONE',  ( -1.000000000000000000, 0.000000000000000000, 0.000000000000000000 ) ) ;
#903 = DIRECTION ( 'NONE',  ( 0.000000000000000000, 0.000000000000000000, -1.000000000000000000 ) ) ;
#904 = ORIENTED_EDGE ( 'NONE', *, *, #2626, .T. ) ;
#905 = CYLINDRICAL_SURFACE ( 'NONE', #3635, 6.000000000000005329 ) ;
#906 = CARTESIAN_POINT ( 'NONE',  ( -108.7517447003779694, 101.5747574295149889, 2.500000000000000000 ) ) ;
#907 = CARTESIAN_POINT ( 'NONE',  ( -46.78552197104399113, 115.5855275489900151, 0.000000000000000000 ) ) ;
#908 = AXIS2_PLACEMENT_3D ( 'NONE', #2916, #1512, #1216 ) ;
#909 = ORIENTED_EDGE ( 'NONE', *, *, #1255, .T. ) ;
#910 = EDGE_CURVE ( 'NONE', #448, #1298, #870, .T. ) ;
#911 = ORIENTED_EDGE ( 'NONE', *, *, #1339, .T. ) ;
#912 = DIRECTION ( 'NONE',  ( -4.163336342344310994E-15, -1.000000000000000000, 0.000000000000000000 ) ) ;
#913 = FACE_BOUND ( 'NONE', #2676, .T. ) ;
#914 = CIRCLE ( 'NONE', #3222, 2.399999999999999467 ) ;
#915 = DIRECTION ( 'NONE',  ( -2.185478394931410575E-16, -1.000000000000000000, 0.000000000000000000 ) ) ;
#916 = ORIENTED_EDGE ( 'NONE', *, *, #2742, .F. ) ;
#917 = CARTESIAN_POINT ( 'NONE',  ( -93.45498533708212108, 103.5747574295150031, 1.399999999999999911 ) ) ;
#918 = PLANE ( 'NONE',  #926 ) ;
#919 = AXIS2_PLACEMENT_3D ( 'NONE', #2706, #702, #2455 ) ;
#920 = VERTEX_POINT ( 'NONE', #2086 ) ;
#921 = EDGE_CURVE ( 'NONE', #3489, #3325, #3260, .T. ) ;
#922 = CARTESIAN_POINT ( 'NONE',  ( -50.62510033020100053, 110.7252222504450003, 3.000000000000000000 ) ) ;
#923 = LINE ( 'NONE', #3024, #1880 ) ;
#924 = ORIENTED_EDGE ( 'NONE', *, *, #2924, .F. ) ;
#925 = FACE_OUTER_BOUND ( 'NONE', #64, .T. ) ;
#926 = AXIS2_PLACEMENT_3D ( 'NONE', #2683, #3603, #320 ) ;
#927 = CARTESIAN_POINT ( 'NONE',  ( -111.3745315356199939, 115.0855275489900293, -1.600000000000000755 ) ) ;
#928 = CARTESIAN_POINT ( 'NONE',  ( -114.3745315356199939, 103.5747574295150031, 0.000000000000000000 ) ) ;
#929 = AXIS2_PLACEMENT_3D ( 'NONE', #944, #614, #3631 ) ;
#930 = AXIS2_PLACEMENT_3D ( 'NONE', #2303, #3417, #769 ) ;
#931 = VERTEX_POINT ( 'NONE', #1185 ) ;
#932 = EDGE_CURVE ( 'NONE', #3460, #515, #3, .T. ) ;
#933 = ORIENTED_EDGE ( 'NONE', *, *, #3461, .T. ) ;
#934 = DIRECTION ( 'NONE',  ( 0.000000000000000000, 0.000000000000000000, 1.000000000000000000 ) ) ;
#935 = ADVANCED_FACE ( 'NONE', ( #2344 ), #1795, .F. ) ;
#936 = VECTOR ( 'NONE', #1912, 1000.000000000000000 ) ;
#937 = LINE ( 'NONE', #1906, #2714 ) ;
#938 = ORIENTED_EDGE ( 'NONE', *, *, #3767, .T. ) ;
#939 = CARTESIAN_POINT ( 'NONE',  ( -114.3745315356199939, 115.5855275489900151, 0.000000000000000000 ) ) ;
#940 = PLANE ( 'NONE',  #2243 ) ;
#941 = ORIENTED_EDGE ( 'NONE', *, *, #1180, .F. ) ;
#942 = ORIENTED_EDGE ( 'NONE', *, *, #423, .F. ) ;
#943 = CARTESIAN_POINT ( 'NONE',  ( -22.25174470037797647, 112.5855275489900151, -7.000000000000000888 ) ) ;
#944 = CARTESIAN_POINT ( 'NONE',  ( -113.8745315356199939, 32.37475742951500735, -1.600000000000000755 ) ) ;
#945 = ADVANCED_FACE ( 'NONE', ( #852 ), #2993, .F. ) ;
#946 = VERTEX_POINT ( 'NONE', #3302 ) ;
#947 = EDGE_CURVE ( 'NONE', #839, #3059, #2408, .T. ) ;
#948 = CYLINDRICAL_SURFACE ( 'NONE', #689, 2.399999999999999467 ) ;
#949 = EDGE_CURVE ( 'NONE', #1894, #2479, #2908, .T. ) ;
#950 = FACE_OUTER_BOUND ( 'NONE', #1261, .T. ) ;
#951 = DIRECTION ( 'NONE',  ( -0.000000000000000000, -0.000000000000000000, -1.000000000000000000 ) ) ;
#952 = ORIENTED_EDGE ( 'NONE', *, *, #1689, .T. ) ;
#953 = FACE_OUTER_BOUND ( 'NONE', #3681, .T. ) ;
#954 = EDGE_CURVE ( 'NONE', #3335, #1554, #2917, .T. ) ;
#955 = CARTESIAN_POINT ( 'NONE',  ( -114.3745315356200081, 103.5747574295150031, 2.500000000000000000 ) ) ;
#956 = ORIENTED_EDGE ( 'NONE', *, *, #1973, .F. ) ;
#957 = PLANE ( 'NONE',  #57 ) ;
#958 = LINE ( 'NONE', #718, #936 ) ;
#959 = ORIENTED_EDGE ( 'NONE', *, *, #1866, .T. ) ;
#960 = ORIENTED_EDGE ( 'NONE', *, *, #1039, .F. ) ;
#961 = DIRECTION ( 'NONE',  ( 1.000000000000000000, 0.000000000000000000, 0.000000000000000000 ) ) ;
#962 = DIRECTION ( 'NONE',  ( 1.000000000000000000, -0.000000000000000000, -0.000000000000000000 ) ) ;
#963 = ORIENTED_EDGE ( 'NONE', *, *, #1199, .F. ) ;
#964 = VECTOR ( 'NONE', #2148, 1000.000000000000000 ) ;
#965 = CARTESIAN_POINT ( 'NONE',  ( -42.56818897637700161, 105.8983947167885020, 1.000000000000000000 ) ) ;
#966 = VECTOR ( 'NONE', #1317, 1000.000000000000000 ) ;
#967 = LINE ( 'NONE', #1264, #1227 ) ;
#968 = EDGE_CURVE ( 'NONE', #1915, #2293, #249, .T. ) ;
#969 = ORIENTED_EDGE ( 'NONE', *, *, #44, .F. ) ;
#970 = CARTESIAN_POINT ( 'NONE',  ( -104.8884403073035969, 81.00130922592666138, 0.000000000000000000 ) ) ;
#971 = ORIENTED_EDGE ( 'NONE', *, *, #3480, .F. ) ;
#972 = CIRCLE ( 'NONE', #3154, 2.399999999999999467 ) ;
#973 = FACE_BOUND ( 'NONE', #632, .T. ) ;
#974 = VERTEX_POINT ( 'NONE', #332 ) ;
#975 = VECTOR ( 'NONE', #1561, 1000.000000000000000 ) ;
#976 = VERTEX_POINT ( 'NONE', #1525 ) ;
#977 = EDGE_CURVE ( 'NONE', #600, #1035, #2718, .T. ) ;
#978 = DIRECTION ( 'NONE',  ( 4.163336342344321249E-15, -1.000000000000000000, 0.000000000000000000 ) ) ;
#979 = CARTESIAN_POINT ( 'NONE',  ( -49.62510033020099343, 115.5855275489900151, 3.000000000000000000 ) ) ;
#980 = VECTOR ( 'NONE', #2396, 1000.000000000000000 ) ;
#981 = VERTEX_POINT ( 'NONE', #3267 ) ;
#982 = LINE ( 'NONE', #3109, #1361 ) ;
#983 = VECTOR ( 'NONE', #1953, 1000.000000000000000 ) ;
#984 = DIRECTION ( 'NONE',  ( 0.000000000000000000, 0.000000000000000000, -1.000000000000000000 ) ) ;
#985 = EDGE_LOOP ( 'NONE', ( #3653, #851, #3764, #672 ) ) ;
#986 = CARTESIAN_POINT ( 'NONE',  ( -104.8884403073035969, 81.00130922592666138, 1.399999999999999911 ) ) ;
#987 = ORIENTED_EDGE ( 'NONE', *, *, #1344, .F. ) ;
#988 = LINE ( 'NONE', #3365, #1707 ) ;
#989 = DIRECTION ( 'NONE',  ( -0.000000000000000000, -0.000000000000000000, -1.000000000000000000 ) ) ;
#990 = EDGE_CURVE ( 'NONE', #392, #2403, #2940, .T. ) ;
#991 = EDGE_CURVE ( 'NONE', #3329, #1936, #3520, .T. ) ;
#992 = ORIENTED_EDGE ( 'NONE', *, *, #921, .T. ) ;
#993 = VERTEX_POINT ( 'NONE', #2644 ) ;
#994 = CARTESIAN_POINT ( 'NONE',  ( -113.8745315356199939, 115.0855275489900293, -1.600000000000000755 ) ) ;
#995 = LINE ( 'NONE', #3721, #889 ) ;
#996 = ORIENTED_EDGE ( 'NONE', *, *, #1244, .T. ) ;
#997 = AXIS2_PLACEMENT_3D ( 'NONE', #382, #2493, #1941 ) ;
#998 = ADVANCED_FACE ( 'NONE', ( #2333, #1426 ), #1763, .F. ) ;
#999 = DIRECTION ( 'NONE',  ( -0.000000000000000000, -0.000000000000000000, 1.000000000000000000 ) ) ;
#1000 = VECTOR ( 'NONE', #2250, 1000.000000000000000 ) ;
#1001 = DIRECTION ( 'NONE',  ( -0.000000000000000000, -0.000000000000000000, 1.000000000000000000 ) ) ;
#1002 = ORIENTED_EDGE ( 'NONE', *, *, #3178, .F. ) ;
#1003 = CARTESIAN_POINT ( 'NONE',  ( -91.33388084055398792, 109.1873250874420052, 0.000000000000000000 ) ) ;
#1004 = ORIENTED_EDGE ( 'NONE', *, *, #1167, .T. ) ;
#1005 = DIRECTION ( 'NONE',  ( 1.000000000000000000, 0.000000000000000000, 0.000000000000000000 ) ) ;
#1006 = DIRECTION ( 'NONE',  ( 0.000000000000000000, 1.000000000000000000, 0.000000000000000000 ) ) ;
#1007 = ORIENTED_EDGE ( 'NONE', *, *, #2999, .F. ) ;
#1008 = ORIENTED_EDGE ( 'NONE', *, *, #2388, .T. ) ;
#1009 = DIRECTION ( 'NONE',  ( 1.000000000000000000, 0.000000000000000000, -0.000000000000000000 ) ) ;
#1010 = CARTESIAN_POINT ( 'NONE',  ( -49.62510033020099343, 115.5855275489900151, 3.000000000000000000 ) ) ;
#1011 = EDGE_LOOP ( 'NONE', ( #2137, #1871, #368, #1090 ) ) ;
#1012 = DIRECTION ( 'NONE',  ( -0.000000000000000000, 0.000000000000000000, -1.000000000000000000 ) ) ;
#1013 = CARTESIAN_POINT ( 'NONE',  ( -42.56818897637700161, 105.8983947167885020, 3.000000000000000000 ) ) ;
#1014 = VECTOR ( 'NONE', #2607, 1000.000000000000000 ) ;
#1015 = VECTOR ( 'NONE', #3750, 1000.000000000000000 ) ;
#1016 = CARTESIAN_POINT ( 'NONE',  ( -115.3745315356199939, 28.87475742951500735, 2.500000000000000444 ) ) ;
#1017 = ORIENTED_EDGE ( 'NONE', *, *, #2238, .F. ) ;
#1018 = CARTESIAN_POINT ( 'NONE',  ( -24.75174470037796581, 112.5855275489900151, -1.600000000000000755 ) ) ;
#1019 = ORIENTED_EDGE ( 'NONE', *, *, #2459, .F. ) ;
#1020 = CARTESIAN_POINT ( 'NONE',  ( -114.3745315356199939, 102.3270104140210037, -2.000050813682005213 ) ) ;
#1021 = PLANE ( 'NONE',  #2437 ) ;
#1022 = LINE ( 'NONE', #1080, #2874 ) ;
#1023 = ORIENTED_EDGE ( 'NONE', *, *, #422, .F. ) ;
#1024 = VECTOR ( 'NONE', #2843, 1000.000000000000000 ) ;
#1025 = FACE_OUTER_BOUND ( 'NONE', #546, .T. ) ;
#1026 = DIRECTION ( 'NONE',  ( 1.000000000000000000, -0.000000000000000000, -0.000000000000000000 ) ) ;
#1027 = ORIENTED_EDGE ( 'NONE', *, *, #3626, .F. ) ;
#1028 = TOROIDAL_SURFACE ( 'NONE', #2978, 4.500000000000002665, 2.000000000000000000 ) ;
#1029 = CYLINDRICAL_SURFACE ( 'NONE', #495, 2.000000000000000000 ) ;
#1030 = DIRECTION ( 'NONE',  ( -0.000000000000000000, -0.000000000000000000, -1.000000000000000000 ) ) ;
#1031 = EDGE_CURVE ( 'NONE', #1197, #2062, #421, .T. ) ;
#1032 = LINE ( 'NONE', #2133, #964 ) ;
#1033 = VECTOR ( 'NONE', #1416, 1000.000000000000000 ) ;
#1034 = AXIS2_PLACEMENT_3D ( 'NONE', #2749, #2139, #978 ) ;
#1035 = VERTEX_POINT ( 'NONE', #862 ) ;
#1036 = CARTESIAN_POINT ( 'NONE',  ( -49.62510033020099343, 112.4572730580138824, 1.999999999999998224 ) ) ;
#1037 = EDGE_CURVE ( 'NONE', #2424, #1590, #2102, .T. ) ;
#1038 = ORIENTED_EDGE ( 'NONE', *, *, #3704, .F. ) ;
#1039 = EDGE_CURVE ( 'NONE', #2365, #2724, #2354, .T. ) ;
#1040 = CARTESIAN_POINT ( 'NONE',  ( 0.000000000000000000, 0.000000000000000000, -1.600000000000000755 ) ) ;
#1041 = CARTESIAN_POINT ( 'NONE',  ( -115.3745315356199939, 94.38701041402200076, -2.000050813682005213 ) ) ;
#1042 = CARTESIAN_POINT ( 'NONE',  ( -96.58388084055400213, 109.1873250874420052, 0.000000000000000000 ) ) ;
#1043 = ORIENTED_EDGE ( 'NONE', *, *, #3607, .F. ) ;
#1044 = AXIS2_PLACEMENT_3D ( 'NONE', #1041, #498, #1638 ) ;
#1045 = PLANE ( 'NONE',  #1552 ) ;
#1046 = CARTESIAN_POINT ( 'NONE',  ( -49.62510033020099343, 115.5855275489900151, -14.00000000000000178 ) ) ;
#1047 = ORIENTED_EDGE ( 'NONE', *, *, #388, .F. ) ;
#1048 = VECTOR ( 'NONE', #2723, 1000.000000000000000 ) ;
#1049 = DIRECTION ( 'NONE',  ( -0.000000000000000000, 0.000000000000000000, 1.000000000000000000 ) ) ;
#1050 = ADVANCED_FACE ( 'NONE', ( #1806 ), #261, .T. ) ;
#1051 = PLANE ( 'NONE',  #849 ) ;
#1052 = EDGE_CURVE ( 'NONE', #1641, #2927, #323, .T. ) ;
#1053 = ORIENTED_EDGE ( 'NONE', *, *, #501, .T. ) ;
#1054 = CARTESIAN_POINT ( 'NONE',  ( -24.75174470037796581, 32.37475742951500735, -7.000000000000000888 ) ) ;
#1055 = VECTOR ( 'NONE', #795, 1000.000000000000000 ) ;
#1056 = EDGE_CURVE ( 'NONE', #2032, #2436, #2670, .T. ) ;
#1057 = ORIENTED_EDGE ( 'NONE', *, *, #2582, .F. ) ;
#1058 = VECTOR ( 'NONE', #1898, 1000.000000000000000 ) ;
#1059 = DIRECTION ( 'NONE',  ( 0.000000000000000000, 0.000000000000000000, 1.000000000000000000 ) ) ;
#1060 = DIRECTION ( 'NONE',  ( 0.5773502691896308381, -0.5773502691896228445, 0.5773502691896238437 ) ) ;
#1061 = DIRECTION ( 'NONE',  ( -0.000000000000000000, 1.000000000000000000, -0.000000000000000000 ) ) ;
#1062 = DIRECTION ( 'NONE',  ( 1.000000000000000000, 0.000000000000000000, -0.000000000000000000 ) ) ;
#1063 = ORIENTED_EDGE ( 'NONE', *, *, #3767, .F. ) ;
#1064 = CARTESIAN_POINT ( 'NONE',  ( -22.25174470037797647, 32.37475742951500735, -1.600000000000000755 ) ) ;
#1065 = CARTESIAN_POINT ( 'NONE',  ( -54.54786098415989670, 106.5149212680012170, 2.000000000000000000 ) ) ;
#1066 = EDGE_LOOP ( 'NONE', ( #1740, #99, #1889, #541 ) ) ;
#1067 = CARTESIAN_POINT ( 'NONE',  ( -113.8745315356199939, 32.37475742951500735, -1.600000000000000755 ) ) ;
#1068 = CARTESIAN_POINT ( 'NONE',  ( -21.25174470037796581, 116.5855275489900151, -14.00000000000000000 ) ) ;
#1069 = ORIENTED_EDGE ( 'NONE', *, *, #465, .F. ) ;
#1070 = DIRECTION ( 'NONE',  ( 1.000000000000000000, -0.000000000000000000, -0.000000000000000000 ) ) ;
#1071 = ORIENTED_EDGE ( 'NONE', *, *, #1267, .F. ) ;
#1072 = VECTOR ( 'NONE', #3534, 1000.000000000000000 ) ;
#1073 = CARTESIAN_POINT ( 'NONE',  ( -111.3745315356199939, 112.5855275489900151, -7.000000000000000888 ) ) ;
#1074 = EDGE_CURVE ( 'NONE', #3325, #1162, #2686, .T. ) ;
#1075 = EDGE_LOOP ( 'NONE', ( #3784, #2869, #2234, #636 ) ) ;
#1076 = LOCAL_TIME ( 20, 44, 46.00000000000000000, #3807 ) ;
#1077 = DIRECTION ( 'NONE',  ( 0.000000000000000000, -1.000000000000000000, 0.000000000000000000 ) ) ;
#1078 = DIRECTION ( 'NONE',  ( -1.000000000000000000, 0.000000000000000000, 0.000000000000000000 ) ) ;
#1079 = DATE_TIME_ROLE ( 'classification_date' ) ;
#1080 = CARTESIAN_POINT ( 'NONE',  ( -114.3745315356199939, 115.5855275489900151, 0.000000000000000000 ) ) ;
#1081 = VERTEX_POINT ( 'NONE', #3002 ) ;
#1082 = EDGE_CURVE ( 'NONE', #2747, #2090, #236, .T. ) ;
#1083 = CARTESIAN_POINT ( 'NONE',  ( -114.3745315356199939, 81.00130922592666138, 1.399999999999999911 ) ) ;
#1084 = PLANE ( 'NONE',  #1734 ) ;
#1085 = ORIENTED_EDGE ( 'NONE', *, *, #1037, .T. ) ;
#1086 = EDGE_CURVE ( 'NONE', #2036, #3042, #2074, .T. ) ;
#1087 = CARTESIAN_POINT ( 'NONE',  ( -111.3745315356199939, 112.5855275489900151, -7.000000000000000888 ) ) ;
#1088 = VECTOR ( 'NONE', #1222, 1000.000000000000000 ) ;
#1089 = DIRECTION ( 'NONE',  ( -1.000000000000000000, 0.000000000000000000, 0.000000000000000000 ) ) ;
#1090 = ORIENTED_EDGE ( 'NONE', *, *, #3581, .T. ) ;
#1091 = ORIENTED_EDGE ( 'NONE', *, *, #161, .F. ) ;
#1092 = LINE ( 'NONE', #2294, #745 ) ;
#1093 = ORIENTED_EDGE ( 'NONE', *, *, #1382, .T. ) ;
#1094 = ADVANCED_FACE ( 'NONE', ( #554 ), #1782, .T. ) ;
#1095 = CARTESIAN_POINT ( 'NONE',  ( -20.75174470037796581, 116.0855275489900151, 2.500000000000000444 ) ) ;
#1096 = VECTOR ( 'NONE', #892, 1000.000000000000000 ) ;
#1097 = EDGE_LOOP ( 'NONE', ( #3409, #3446, #1004, #1679, #1152, #151, #208, #2587, #1584, #2612 ) ) ;
#1098 = ORIENTED_EDGE ( 'NONE', *, *, #2394, .F. ) ;
#1099 = AXIS2_PLACEMENT_3D ( 'NONE', #2557, #2577, #3105 ) ;
#1100 = CARTESIAN_POINT ( 'NONE',  ( -113.8745315356199796, 112.5855275489900151, -1.600000000000000755 ) ) ;
#1101 = DIRECTION ( 'NONE',  ( -1.000000000000000000, 0.000000000000000000, 0.000000000000000000 ) ) ;
#1102 = CARTESIAN_POINT ( 'NONE',  ( 0.000000000000000000, 0.000000000000000000, 0.000000000000000000 ) ) ;
#1103 = EDGE_CURVE ( 'NONE', #1204, #974, #1194, .T. ) ;
#1104 = LINE ( 'NONE', #3439, #1878 ) ;
#1105 = ORIENTED_EDGE ( 'NONE', *, *, #2263, .T. ) ;
#1106 = VECTOR ( 'NONE', #1802, 1000.000000000000000 ) ;
#1107 = CARTESIAN_POINT ( 'NONE',  ( -49.28552197104399824, 113.5855275489900151, -1.617999994144118103 ) ) ;
#1108 = CARTESIAN_POINT ( 'NONE',  ( -114.3745315356199939, 115.5855275489900151, -14.00000000000000000 ) ) ;
#1109 = EDGE_CURVE ( 'NONE', #3054, #220, #1742, .T. ) ;
#1110 = ADVANCED_FACE ( 'NONE', ( #2098 ), #530, .T. ) ;
#1111 = CIRCLE ( 'NONE', #3680, 5.250000000000004441 ) ;
#1112 = CIRCLE ( 'NONE', #1737, 6.000000000000005329 ) ;
#1113 = CARTESIAN_POINT ( 'NONE',  ( -113.8745315356199939, 32.37475742951500735, -1.600000000000000755 ) ) ;
#1114 = DIRECTION ( 'NONE',  ( -0.7071067811865481278, 1.922962686383565542E-16, -0.7071067811865470176 ) ) ;
#1115 = EDGE_CURVE ( 'NONE', #3215, #669, #3814, .T. ) ;
#1116 = ORIENTED_EDGE ( 'NONE', *, *, #3064, .T. ) ;
#1117 = ORIENTED_EDGE ( 'NONE', *, *, #201, .F. ) ;
#1118 = FACE_OUTER_BOUND ( 'NONE', #322, .T. ) ;
#1119 = ORIENTED_EDGE ( 'NONE', *, *, #539, .F. ) ;
#1120 = DIRECTION ( 'NONE',  ( -0.000000000000000000, -0.000000000000000000, -1.000000000000000000 ) ) ;
#1121 = VECTOR ( 'NONE', #1398, 1000.000000000000000 ) ;
#1122 = ORIENTED_EDGE ( 'NONE', *, *, #355, .T. ) ;
#1123 = EDGE_LOOP ( 'NONE', ( #1303, #1119, #3507, #890 ) ) ;
#1124 = CARTESIAN_POINT ( 'NONE',  ( -91.33388084055398792, 109.1873250874420052, 2.000000000000000000 ) ) ;
#1125 = AXIS2_PLACEMENT_3D ( 'NONE', #3454, #1695, #1990 ) ;
#1126 = CALENDAR_DATE ( 2026, 20, 3 ) ;
#1127 = EDGE_CURVE ( 'NONE', #3135, #2757, #1797, .T. ) ;
#1128 = CARTESIAN_POINT ( 'NONE',  ( -21.75174470037798002, 35.57475742951498887, 1.399999999999999911 ) ) ;
#1129 = ORIENTED_EDGE ( 'NONE', *, *, #2673, .T. ) ;
#1130 = CARTESIAN_POINT ( 'NONE',  ( -114.3745315356199939, 115.5855275489900151, -14.00000000000000000 ) ) ;
#1131 = CARTESIAN_POINT ( 'NONE',  ( -46.78552197104399113, 106.5149212680012170, 0.000000000000000000 ) ) ;
#1132 = PLANE ( 'NONE',  #3181 ) ;
#1133 = ADVANCED_FACE ( 'NONE', ( #3630 ), #3060, .T. ) ;
#1134 = DIRECTION ( 'NONE',  ( -1.000000000000000000, -0.000000000000000000, -0.000000000000000000 ) ) ;
#1135 = DIRECTION ( 'NONE',  ( 0.000000000000000000, 0.000000000000000000, -1.000000000000000000 ) ) ;
#1136 = EDGE_LOOP ( 'NONE', ( #911, #2222, #455, #3676 ) ) ;
#1137 = VERTEX_POINT ( 'NONE', #1239 ) ;
#1138 = DIRECTION ( 'NONE',  ( 0.000000000000000000, -0.000000000000000000, 1.000000000000000000 ) ) ;
#1139 = DIRECTION ( 'NONE',  ( 0.000000000000000000, -0.000000000000000000, 1.000000000000000000 ) ) ;
#1140 = ORIENTED_EDGE ( 'NONE', *, *, #2307, .F. ) ;
#1141 = VERTEX_POINT ( 'NONE', #1603 ) ;
#1142 = CARTESIAN_POINT ( 'NONE',  ( -114.3745315356200081, 103.5747574295150031, -14.00099999999999945 ) ) ;
#1143 = CARTESIAN_POINT ( 'NONE',  ( -49.28552197104399824, 113.5855275489900151, 1.000000000000000000 ) ) ;
#1144 = PERSON_AND_ORGANIZATION_ROLE ( 'design_supplier' ) ;
#1145 = VECTOR ( 'NONE', #3328, 1000.000000000000114 ) ;
#1146 = CARTESIAN_POINT ( 'NONE',  ( -24.75174470037796581, 32.37475742951500735, -1.600000000000000755 ) ) ;
#1147 = ORIENTED_EDGE ( 'NONE', *, *, #3576, .F. ) ;
#1148 = VECTOR ( 'NONE', #1301, 1000.000000000000000 ) ;
#1149 = DIRECTION ( 'NONE',  ( 0.000000000000000000, 1.000000000000000000, -2.617791965760031614E-16 ) ) ;
#1150 = DIRECTION ( 'NONE',  ( 1.000000000000000000, 0.000000000000000000, 0.000000000000000000 ) ) ;
#1151 = DIRECTION ( 'NONE',  ( 0.000000000000000000, 0.000000000000000000, 1.000000000000000000 ) ) ;
#1152 = ORIENTED_EDGE ( 'NONE', *, *, #1327, .T. ) ;
#1153 = DIRECTION ( 'NONE',  ( 0.000000000000000000, 0.000000000000000000, 1.000000000000000000 ) ) ;
#1154 = DIRECTION ( 'NONE',  ( -1.000000000000000000, 7.333216591886357273E-17, 0.000000000000000000 ) ) ;
#1155 = PLANE ( 'NONE',  #2356 ) ;
#1156 = ORIENTED_EDGE ( 'NONE', *, *, #3773, .F. ) ;
#1157 = LINE ( 'NONE', #1998, #457 ) ;
#1158 = VECTOR ( 'NONE', #1928, 1000.000000000000000 ) ;
#1159 = DIRECTION ( 'NONE',  ( -0.7071067811865475727, 0.7071067811865475727, 0.000000000000000000 ) ) ;
#1160 = EDGE_CURVE ( 'NONE', #3329, #2724, #3646, .T. ) ;
#1161 = AXIS2_PLACEMENT_3D ( 'NONE', #2961, #842, #1176 ) ;
#1162 = VERTEX_POINT ( 'NONE', #1572 ) ;
#1163 = ORIENTED_EDGE ( 'NONE', *, *, #2901, .T. ) ;
#1164 = PLANE ( 'NONE',  #2617 ) ;
#1165 = DIRECTION ( 'NONE',  ( -1.000000000000000000, 0.000000000000000000, -0.000000000000000000 ) ) ;
#1166 = APPROVAL_DATE_TIME ( #2447, #1349 ) ;
#1167 = EDGE_CURVE ( 'NONE', #1307, #3527, #1259, .T. ) ;
#1168 = CARTESIAN_POINT ( 'NONE',  ( -35.22237728473499629, 110.3983947167885020, 1.000000000000000000 ) ) ;
#1169 = VERTEX_POINT ( 'NONE', #2194 ) ;
#1170 = VECTOR ( 'NONE', #3477, 1000.000000000000000 ) ;
#1171 = CARTESIAN_POINT ( 'NONE',  ( -54.54786098415989670, 106.5149212680012170, 2.000000000000000000 ) ) ;
#1172 = LINE ( 'NONE', #31, #1106 ) ;
#1173 = ORIENTED_EDGE ( 'NONE', *, *, #3660, .F. ) ;
#1174 = CARTESIAN_POINT ( 'NONE',  ( 0.000000000000000000, 0.000000000000000000, 2.500000000000000000 ) ) ;
#1175 = DIRECTION ( 'NONE',  ( 5.551115123125747203E-15, -1.000000000000000000, -0.000000000000000000 ) ) ;
#1176 = DIRECTION ( 'NONE',  ( 0.000000000000000000, 0.000000000000000000, -1.000000000000000000 ) ) ;
#1177 = ORIENTED_EDGE ( 'NONE', *, *, #1922, .T. ) ;
#1178 = DIRECTION ( 'NONE',  ( -0.000000000000000000, -0.000000000000000000, -1.000000000000000000 ) ) ;
#1179 = EDGE_CURVE ( 'NONE', #920, #606, #3671, .T. ) ;
#1180 = EDGE_CURVE ( 'NONE', #2424, #2757, #2434, .T. ) ;
#1181 = CARTESIAN_POINT ( 'NONE',  ( -24.75174470037796581, 112.5855275489900151, -1.600000000000000755 ) ) ;
#1182 = CARTESIAN_POINT ( 'NONE',  ( -85.33388084055398792, 109.1873250874420052, 2.000000000000000000 ) ) ;
#1183 = ORIENTED_EDGE ( 'NONE', *, *, #3608, .T. ) ;
#1184 = ORIENTED_EDGE ( 'NONE', *, *, #2856, .F. ) ;
#1185 = CARTESIAN_POINT ( 'NONE',  ( -52.62510033020100764, 110.7252222504450003, 1.999999999999998224 ) ) ;
#1186 = DIRECTION ( 'NONE',  ( -1.000000000000000000, 0.000000000000000000, 0.000000000000000000 ) ) ;
#1187 = AXIS2_PLACEMENT_3D ( 'NONE', #3702, #1012, #1884 ) ;
#1188 = CARTESIAN_POINT ( 'NONE',  ( -115.3745315356199939, 92.38701041402200076, -2.000050813682005213 ) ) ;
#1189 = ORIENTED_EDGE ( 'NONE', *, *, #1739, .T. ) ;
#1190 = AXIS2_PLACEMENT_3D ( 'NONE', #1819, #1457, #3598 ) ;
#1191 = CARTESIAN_POINT ( 'NONE',  ( -52.02510033020099911, 115.5855275489900151, 2.000000000000000000 ) ) ;
#1192 = CARTESIAN_POINT ( 'NONE',  ( -24.75174470037796581, 115.0855275489900293, -1.600000000000000755 ) ) ;
#1193 = VERTEX_POINT ( 'NONE', #1291 ) ;
#1194 = LINE ( 'NONE', #1716, #980 ) ;
#1195 = LINE ( 'NONE', #1447, #2806 ) ;
#1196 = LINE ( 'NONE', #3544, #2091 ) ;
#1197 = VERTEX_POINT ( 'NONE', #2801 ) ;
#1198 = CARTESIAN_POINT ( 'NONE',  ( -21.75174470037798002, 103.5747574295150031, 0.000000000000000000 ) ) ;
#1199 = EDGE_CURVE ( 'NONE', #2342, #2992, #1829, .T. ) ;
#1200 = CIRCLE ( 'NONE', #2704, 4.500000000000003553 ) ;
#1201 = DIRECTION ( 'NONE',  ( 0.000000000000000000, 0.000000000000000000, -1.000000000000000000 ) ) ;
#1202 = LINE ( 'NONE', #2041, #846 ) ;
#1203 = ORIENTED_EDGE ( 'NONE', *, *, #2461, .F. ) ;
#1204 = VERTEX_POINT ( 'NONE', #2507 ) ;
#1205 = LINE ( 'NONE', #1479, #1929 ) ;
#1206 = DIRECTION ( 'NONE',  ( 0.000000000000000000, -1.000000000000000000, 0.000000000000000000 ) ) ;
#1207 = EDGE_CURVE ( 'NONE', #1565, #3215, #3227, .T. ) ;
#1208 = CARTESIAN_POINT ( 'NONE',  ( -108.7517447003779694, 101.5747574295149889, 2.500000000000000000 ) ) ;
#1209 = VERTEX_POINT ( 'NONE', #3663 ) ;
#1210 = CARTESIAN_POINT ( 'NONE',  ( -96.58388084055400213, 109.1873250874420052, 2.000000000000000000 ) ) ;
#1211 = LINE ( 'NONE', #2413, #1048 ) ;
#1212 = AXIS2_PLACEMENT_3D ( 'NONE', #1208, #545, #915 ) ;
#1213 = VECTOR ( 'NONE', #3530, 1000.000000000000000 ) ;
#1214 = VECTOR ( 'NONE', #3103, 1000.000000000000000 ) ;
#1215 = ORIENTED_EDGE ( 'NONE', *, *, #1787, .T. ) ;
#1216 = DIRECTION ( 'NONE',  ( -0.000000000000000000, 0.000000000000000000, 1.000000000000000000 ) ) ;
#1217 = FACE_OUTER_BOUND ( 'NONE', #3364, .T. ) ;
#1218 = ORIENTED_EDGE ( 'NONE', *, *, #2673, .F. ) ;
#1219 = DIRECTION ( 'NONE',  ( -0.000000000000000000, -0.000000000000000000, -1.000000000000000000 ) ) ;
#1220 = EDGE_CURVE ( 'NONE', #3527, #3747, #378, .T. ) ;
#1221 = CARTESIAN_POINT ( 'NONE',  ( -54.54786098415989670, 106.5149212680012170, 0.000000000000000000 ) ) ;
#1222 = DIRECTION ( 'NONE',  ( -0.000000000000000000, -0.000000000000000000, 1.000000000000000000 ) ) ;
#1223 = ORIENTED_EDGE ( 'NONE', *, *, #3367, .T. ) ;
#1224 = EDGE_CURVE ( 'NONE', #2090, #2764, #125, .T. ) ;
#1225 = ORIENTED_EDGE ( 'NONE', *, *, #3670, .F. ) ;
#1226 = CARTESIAN_POINT ( 'NONE',  ( -49.78552197104399824, 113.5855275489900151, 1.000000000000000000 ) ) ;
#1227 = VECTOR ( 'NONE', #639, 1000.000000000000000 ) ;
#1228 = CARTESIAN_POINT ( 'NONE',  ( -113.8745315356200081, 29.87475742951500024, -1.600000000000000755 ) ) ;
#1229 = ORIENTED_EDGE ( 'NONE', *, *, #1464, .T. ) ;
#1230 = EDGE_CURVE ( 'NONE', #1607, #3776, #3315, .T. ) ;
#1231 = ADVANCED_FACE ( 'NONE', ( #1846 ), #1555, .F. ) ;
#1232 = CARTESIAN_POINT ( 'NONE',  ( -113.8745315356199939, 32.37475742951500735, -7.000000000000000888 ) ) ;
#1233 = CARTESIAN_POINT ( 'NONE',  ( -20.75174470037796581, 116.5855275489900151, 2.500000000000000444 ) ) ;
#1234 = VECTOR ( 'NONE', #2656, 1000.000000000000000 ) ;
#1235 = AXIS2_PLACEMENT_3D ( 'NONE', #2349, #3811, #3285 ) ;
#1236 = ORIENTED_EDGE ( 'NONE', *, *, #1815, .F. ) ;
#1237 = ORIENTED_EDGE ( 'NONE', *, *, #1872, .T. ) ;
#1238 = EDGE_CURVE ( 'NONE', #220, #1652, #3075, .T. ) ;
#1239 = CARTESIAN_POINT ( 'NONE',  ( -53.02510033020099911, 110.7252222504450003, 1.999999999999998224 ) ) ;
#1240 = FACE_OUTER_BOUND ( 'NONE', #781, .T. ) ;
#1241 = ORIENTED_EDGE ( 'NONE', *, *, #2210, .F. ) ;
#1242 = CARTESIAN_POINT ( 'NONE',  ( -24.75174470037796581, 32.37475742951500735, -7.000000000000000888 ) ) ;
#1243 = CIRCLE ( 'NONE', #3108, 2.000000000000000000 ) ;
#1244 = EDGE_CURVE ( 'NONE', #410, #3352, #3092, .T. ) ;
#1245 = CARTESIAN_POINT ( 'NONE',  ( -23.25174470037796937, 38.07475742951500308, 2.500000000000000000 ) ) ;
#1246 = DIRECTION ( 'NONE',  ( -0.000000000000000000, -1.000000000000000000, -0.000000000000000000 ) ) ;
#1247 = AXIS2_PLACEMENT_3D ( 'NONE', #734, #2885, #1078 ) ;
#1248 = EDGE_LOOP ( 'NONE', ( #2928, #813, #1726, #1602 ) ) ;
#1249 = DIRECTION ( 'NONE',  ( -0.000000000000000000, -0.000000000000000000, -1.000000000000000000 ) ) ;
#1250 = CIRCLE ( 'NONE', #562, 2.500000000000000000 ) ;
#1251 = CARTESIAN_POINT ( 'NONE',  ( -114.3745315356199939, 102.3270104140210037, -4.200050813682007167 ) ) ;
#1252 = ORIENTED_EDGE ( 'NONE', *, *, #520, .T. ) ;
#1253 = DIRECTION ( 'NONE',  ( 7.491562434037076050E-17, -1.000000000000000000, 0.000000000000000000 ) ) ;
#1254 = CARTESIAN_POINT ( 'NONE',  ( -24.75174470037796581, 32.37475742951500735, -1.600000000000000755 ) ) ;
#1255 = EDGE_CURVE ( 'NONE', #3632, #2780, #2739, .T. ) ;
#1256 = ORIENTED_EDGE ( 'NONE', *, *, #396, .T. ) ;
#1257 = VECTOR ( 'NONE', #3079, 1000.000000000000000 ) ;
#1258 = ORIENTED_EDGE ( 'NONE', *, *, #990, .T. ) ;
#1259 = LINE ( 'NONE', #1305, #2233 ) ;
#1260 = CARTESIAN_POINT ( 'NONE',  ( -20.75174470037796581, 116.5855275489900151, -14.00000000000000000 ) ) ;
#1261 = EDGE_LOOP ( 'NONE', ( #2570, #483, #757, #2608 ) ) ;
#1262 = ADVANCED_FACE ( 'NONE', ( #3333 ), #649, .F. ) ;
#1263 = CARTESIAN_POINT ( 'NONE',  ( -114.3745315356199939, 81.00130922592666138, 0.000000000000000000 ) ) ;
#1264 = CARTESIAN_POINT ( 'NONE',  ( -114.3745315356199939, 93.38701041402200076, -5.200050813682004502 ) ) ;
#1265 = ORIENTED_EDGE ( 'NONE', *, *, #1452, .F. ) ;
#1266 = LINE ( 'NONE', #1595, #2351 ) ;
#1267 = EDGE_CURVE ( 'NONE', #2514, #3600, #3354, .T. ) ;
#1268 = ORIENTED_EDGE ( 'NONE', *, *, #1916, .T. ) ;
#1269 = CARTESIAN_POINT ( 'NONE',  ( -22.25174470037797647, 112.5855275489900151, -7.000000000000000888 ) ) ;
#1270 = DIRECTION ( 'NONE',  ( -1.609751054141142317E-16, -1.000000000000000000, 0.000000000000000000 ) ) ;
#1271 = ORIENTED_EDGE ( 'NONE', *, *, #1578, .F. ) ;
#1272 = ORIENTED_EDGE ( 'NONE', *, *, #2733, .F. ) ;
#1273 = CARTESIAN_POINT ( 'NONE',  ( -24.75174470037796581, 32.37475742951500735, -7.000000000000000888 ) ) ;
#1274 = FACE_OUTER_BOUND ( 'NONE', #1727, .T. ) ;
#1275 = EDGE_LOOP ( 'NONE', ( #1865, #1785, #694, #68 ) ) ;
#1276 = CARTESIAN_POINT ( 'NONE',  ( -114.3745315356199939, 35.57475742951498887, 0.000000000000000000 ) ) ;
#1277 = LOCAL_TIME ( 20, 44, 46.00000000000000000, #1373 ) ;
#1278 = AXIS2_PLACEMENT_3D ( 'NONE', #2693, #1789, #1201 ) ;
#1279 = CARTESIAN_POINT ( 'NONE',  ( -52.02510033020099911, 112.6745811194067812, -14.00000000000000178 ) ) ;
#1280 = EDGE_CURVE ( 'NONE', #3214, #884, #2288, .T. ) ;
#1281 = ORIENTED_EDGE ( 'NONE', *, *, #2496, .T. ) ;
#1282 = CARTESIAN_POINT ( 'NONE',  ( -114.3745315356199939, 115.5855275489900151, 0.000000000000000000 ) ) ;
#1283 = EDGE_LOOP ( 'NONE', ( #2383, #2138, #1140, #3717 ) ) ;
#1284 = AXIS2_PLACEMENT_3D ( 'NONE', #2925, #1453, #21 ) ;
#1285 = DIRECTION ( 'NONE',  ( 0.000000000000000000, -1.000000000000000000, 0.000000000000000000 ) ) ;
#1286 = CYLINDRICAL_SURFACE ( 'NONE', #2440, 2.399999999999999467 ) ;
#1287 = EDGE_CURVE ( 'NONE', #203, #410, #1992, .T. ) ;
#1288 = VERTEX_POINT ( 'NONE', #1642 ) ;
#1289 = VECTOR ( 'NONE', #3149, 1000.000000000000000 ) ;
#1290 = EDGE_LOOP ( 'NONE', ( #2591, #1601, #2241, #941 ) ) ;
#1291 = CARTESIAN_POINT ( 'NONE',  ( -53.12510033020100053, 107.9353422606009900, -13.00000000000000178 ) ) ;
#1292 = CARTESIAN_POINT ( 'NONE',  ( -115.3745315356199939, 102.3270104140210037, -2.000050813682005213 ) ) ;
#1293 = AXIS2_PLACEMENT_3D ( 'NONE', #2615, #2698, #270 ) ;
#1294 = ORIENTED_EDGE ( 'NONE', *, *, #2945, .F. ) ;
#1295 = CYLINDRICAL_SURFACE ( 'NONE', #2692, 2.000000000000008882 ) ;
#1296 = VECTOR ( 'NONE', #3579, 1000.000000000000000 ) ;
#1297 = LINE ( 'NONE', #2144, #975 ) ;
#1298 = VERTEX_POINT ( 'NONE', #1401 ) ;
#1299 = CARTESIAN_POINT ( 'NONE',  ( -114.3745315356199939, 115.5855275489900151, -7.000000000000000888 ) ) ;
#1300 = ORIENTED_EDGE ( 'NONE', *, *, #2510, .F. ) ;
#1301 = DIRECTION ( 'NONE',  ( 2.143014530637550739E-15, -0.7071067811865492381, -0.7071067811865457964 ) ) ;
#1302 = CARTESIAN_POINT ( 'NONE',  ( -48.22510033020100195, 110.7252222504450003, 1.999999999999998224 ) ) ;
#1303 = ORIENTED_EDGE ( 'NONE', *, *, #1891, .F. ) ;
#1304 = ORIENTED_EDGE ( 'NONE', *, *, #968, .F. ) ;
#1305 = CARTESIAN_POINT ( 'NONE',  ( -46.78552197104399113, 115.5855275489900151, 2.000000000000000000 ) ) ;
#1306 = DIRECTION ( 'NONE',  ( -1.000000000000000000, 0.000000000000000000, 0.000000000000000000 ) ) ;
#1307 = VERTEX_POINT ( 'NONE', #1320 ) ;
#1308 = VECTOR ( 'NONE', #1629, 1000.000000000000000 ) ;
#1309 = CARTESIAN_POINT ( 'NONE',  ( -21.75174470037796581, 115.5855275489900151, -14.00000000000000000 ) ) ;
#1310 = AXIS2_PLACEMENT_3D ( 'NONE', #2595, #3159, #176 ) ;
#1311 = LINE ( 'NONE', #2876, #1663 ) ;
#1312 = EDGE_CURVE ( 'NONE', #1081, #736, #3053, .T. ) ;
#1313 = LINE ( 'NONE', #1016, #1145 ) ;
#1314 = ORIENTED_EDGE ( 'NONE', *, *, #2105, .T. ) ;
#1315 = DIRECTION ( 'NONE',  ( 0.000000000000000000, -0.000000000000000000, -1.000000000000000000 ) ) ;
#1316 = ORIENTED_EDGE ( 'NONE', *, *, #3729, .F. ) ;
#1317 = DIRECTION ( 'NONE',  ( -0.000000000000000000, 1.000000000000000000, -0.000000000000000000 ) ) ;
#1318 = DIRECTION ( 'NONE',  ( -1.000000000000000000, 0.000000000000000000, 0.000000000000000000 ) ) ;
#1319 = ORIENTED_EDGE ( 'NONE', *, *, #161, .T. ) ;
#1320 = CARTESIAN_POINT ( 'NONE',  ( -46.78552197104399113, 115.5855275489900151, 2.000000000000000000 ) ) ;
#1321 = FACE_BOUND ( 'NONE', #3504, .T. ) ;
#1322 = ORIENTED_EDGE ( 'NONE', *, *, #3289, .T. ) ;
#1323 = CARTESIAN_POINT ( 'NONE',  ( -50.62510033020100053, 110.7252222504450003, -14.00000000000000178 ) ) ;
#1324 = CARTESIAN_POINT ( 'NONE',  ( -114.3745315356200081, 103.5747574295150031, -14.00099999999999945 ) ) ;
#1325 = EDGE_CURVE ( 'NONE', #331, #3230, #144, .T. ) ;
#1326 = AXIS2_PLACEMENT_3D ( 'NONE', #1128, #2326, #727 ) ;
#1327 = EDGE_CURVE ( 'NONE', #1557, #600, #2818, .T. ) ;
#1328 = VECTOR ( 'NONE', #20, 1000.000000000000000 ) ;
#1329 = DIRECTION ( 'NONE',  ( 0.000000000000000000, 1.000000000000000000, -0.000000000000000000 ) ) ;
#1330 = ORIENTED_EDGE ( 'NONE', *, *, #3036, .F. ) ;
#1331 = CARTESIAN_POINT ( 'NONE',  ( -46.78552197104399113, 115.5855275489900151, 2.000000000000000000 ) ) ;
#1332 = ORIENTED_EDGE ( 'NONE', *, *, #525, .F. ) ;
#1333 = CARTESIAN_POINT ( 'NONE',  ( -21.25174470037796581, 116.5855275489900151, 3.000000000000000000 ) ) ;
#1334 = CARTESIAN_POINT ( 'NONE',  ( -24.75174470037796581, 115.0855275489900293, -1.600000000000000755 ) ) ;
#1335 = CARTESIAN_POINT ( 'NONE',  ( -24.75174470037796581, 112.5855275489900151, -1.600000000000000755 ) ) ;
#1336 = ORIENTED_EDGE ( 'NONE', *, *, #1576, .T. ) ;
#1337 = ADVANCED_FACE ( 'NONE', ( #3163 ), #3142, .F. ) ;
#1338 = VECTOR ( 'NONE', #3449, 1000.000000000000000 ) ;
#1339 = EDGE_CURVE ( 'NONE', #2445, #3210, #116, .T. ) ;
#1340 = DIRECTION ( 'NONE',  ( -1.000000000000000000, 0.000000000000000000, 0.000000000000000000 ) ) ;
#1341 = DIRECTION ( 'NONE',  ( 1.000000000000000000, -0.000000000000000000, -0.000000000000000000 ) ) ;
#1342 = VERTEX_POINT ( 'NONE', #178 ) ;
#1343 = CIRCLE ( 'NONE', #3536, 2.399999999999999467 ) ;
#1344 = EDGE_CURVE ( 'NONE', #1666, #920, #2540, .T. ) ;
#1345 = LINE ( 'NONE', #3374, #1568 ) ;
#1346 = CARTESIAN_POINT ( 'NONE',  ( -104.8884403073035969, 58.25087118297059163, 1.399999999999999911 ) ) ;
#1347 = CARTESIAN_POINT ( 'NONE',  ( -108.7517447003779836, 38.07475742951500308, 2.500000000000000000 ) ) ;
#1348 = AXIS2_PLACEMENT_3D ( 'NONE', #2523, #504, #755 ) ;
#1349 = APPROVAL ( #3473, '未指定' ) ;
#1350 = ORIENTED_EDGE ( 'NONE', *, *, #847, .T. ) ;
#1351 = CARTESIAN_POINT ( 'NONE',  ( -111.3745315356199939, 112.5855275489900151, -1.600000000000000755 ) ) ;
#1352 = FACE_OUTER_BOUND ( 'NONE', #2013, .T. ) ;
#1353 = LINE ( 'NONE', #1932, #3238 ) ;
#1354 = CARTESIAN_POINT ( 'NONE',  ( -111.3745315356199939, 112.5855275489900151, -1.600000000000000755 ) ) ;
#1355 = ORIENTED_EDGE ( 'NONE', *, *, #3396, .T. ) ;
#1356 = DIRECTION ( 'NONE',  ( -0.000000000000000000, 1.000000000000000000, -0.000000000000000000 ) ) ;
#1357 = CARTESIAN_POINT ( 'NONE',  ( -49.22510033020100195, 115.5855275489900151, -14.00000000000000178 ) ) ;
#1358 = ORIENTED_EDGE ( 'NONE', *, *, #142, .F. ) ;
#1359 = PLANE ( 'NONE',  #571 ) ;
#1360 = CARTESIAN_POINT ( 'NONE',  ( -48.12510033020100053, 107.9353422606009900, -13.00000000000000178 ) ) ;
#1361 = VECTOR ( 'NONE', #436, 1000.000000000000000 ) ;
#1362 = VERTEX_POINT ( 'NONE', #3720 ) ;
#1363 = EDGE_CURVE ( 'NONE', #2186, #1193, #1697, .T. ) ;
#1364 = CYLINDRICAL_SURFACE ( 'NONE', #3560, 2.500000000000002220 ) ;
#1365 = AXIS2_PLACEMENT_3D ( 'NONE', #1335, #1375, #3496 ) ;
#1366 = ORIENTED_EDGE ( 'NONE', *, *, #891, .F. ) ;
#1367 = VECTOR ( 'NONE', #3647, 1000.000000000000000 ) ;
#1368 = CARTESIAN_POINT ( 'NONE',  ( -114.3745315356199939, 93.38701041402200076, -5.081368200537429713E-05 ) ) ;
#1369 = EDGE_CURVE ( 'NONE', #2229, #2506, #197, .T. ) ;
#1370 = ORIENTED_EDGE ( 'NONE', *, *, #3022, .F. ) ;
#1371 = DIRECTION ( 'NONE',  ( 4.163336342344310205E-15, 1.000000000000000000, 0.000000000000000000 ) ) ;
#1372 = LINE ( 'NONE', #3751, #2931 ) ;
#1373 = COORDINATED_UNIVERSAL_TIME_OFFSET ( 8, 0, .AHEAD. ) ;
#1374 = ADVANCED_FACE ( 'NONE', ( #3421 ), #1677, .F. ) ;
#1375 = DIRECTION ( 'NONE',  ( 0.000000000000000000, 1.000000000000000000, 0.000000000000000000 ) ) ;
#1376 = VERTEX_POINT ( 'NONE', #1624 ) ;
#1377 = CARTESIAN_POINT ( 'NONE',  ( -114.8745315356199939, 116.5855275489900151, -14.00000000000000000 ) ) ;
#1378 = DIRECTION ( 'NONE',  ( 0.000000000000000000, 0.000000000000000000, 1.000000000000000000 ) ) ;
#1379 = EDGE_LOOP ( 'NONE', ( #616, #682, #924 ) ) ;
#1380 = CARTESIAN_POINT ( 'NONE',  ( 0.000000000000000000, 0.000000000000000000, -14.00000000000000000 ) ) ;
#1381 = ADVANCED_FACE ( 'NONE', ( #1025 ), #1045, .T. ) ;
#1382 = EDGE_CURVE ( 'NONE', #3823, #3173, #3733, .T. ) ;
#1383 = CARTESIAN_POINT ( 'NONE',  ( -21.25174470037796581, 28.37475742951500024, -14.00000000000000000 ) ) ;
#1384 = VERTEX_POINT ( 'NONE', #3402 ) ;
#1385 = ORIENTED_EDGE ( 'NONE', *, *, #1506, .F. ) ;
#1386 = DIRECTION ( 'NONE',  ( 0.000000000000000000, 1.000000000000000000, 0.000000000000000000 ) ) ;
#1387 = VERTEX_POINT ( 'NONE', #1377 ) ;
#1388 = VECTOR ( 'NONE', #894, 1000.000000000000000 ) ;
#1389 = FACE_OUTER_BOUND ( 'NONE', #1290, .T. ) ;
#1390 = AXIS2_PLACEMENT_3D ( 'NONE', #2128, #2421, #3296 ) ;
#1391 = ORIENTED_EDGE ( 'NONE', *, *, #2893, .F. ) ;
#1392 = EDGE_CURVE ( 'NONE', #3805, #508, #2252, .T. ) ;
#1393 = EDGE_CURVE ( 'NONE', #2605, #392, #2852, .T. ) ;
#1394 = ORIENTED_EDGE ( 'NONE', *, *, #3547, .T. ) ;
#1395 = CARTESIAN_POINT ( 'NONE',  ( -46.78552197104399824, 0.000000000000000000, 0.000000000000000000 ) ) ;
#1396 = DIRECTION ( 'NONE',  ( 0.000000000000000000, 0.000000000000000000, -1.000000000000000000 ) ) ;
#1397 = MECHANICAL_CONTEXT ( 'NONE', #2364, 'mechanical' ) ;
#1398 = DIRECTION ( 'NONE',  ( -0.000000000000000000, -0.000000000000000000, 1.000000000000000000 ) ) ;
#1399 = ORIENTED_EDGE ( 'NONE', *, *, #1551, .F. ) ;
#1400 = EDGE_CURVE ( 'NONE', #2254, #2516, #1860, .T. ) ;
#1401 = CARTESIAN_POINT ( 'NONE',  ( -114.3745315356200081, 103.5747574295150031, 2.499999999999998668 ) ) ;
#1402 = CARTESIAN_POINT ( 'NONE',  ( -111.3745315356199939, 32.37475742951500735, -13.00000000000000178 ) ) ;
#1403 = VECTOR ( 'NONE', #3226, 1000.000000000000000 ) ;
#1404 = LINE ( 'NONE', #2332, #3437 ) ;
#1405 = VECTOR ( 'NONE', #2862, 1000.000000000000000 ) ;
#1406 = DIRECTION ( 'NONE',  ( -0.000000000000000000, -0.000000000000000000, -1.000000000000000000 ) ) ;
#1407 = ORIENTED_EDGE ( 'NONE', *, *, #3019, .F. ) ;
#1408 = ORIENTED_EDGE ( 'NONE', *, *, #1382, .F. ) ;
#1409 = DIRECTION ( 'NONE',  ( 0.000000000000000000, 0.000000000000000000, 1.000000000000000000 ) ) ;
#1410 = ORIENTED_EDGE ( 'NONE', *, *, #316, .T. ) ;
#1411 = EDGE_CURVE ( 'NONE', #1817, #2882, #2212, .T. ) ;
#1412 = FACE_OUTER_BOUND ( 'NONE', #2689, .T. ) ;
#1413 = AXIS2_PLACEMENT_3D ( 'NONE', #592, #2981, #13 ) ;
#1414 = EDGE_LOOP ( 'NONE', ( #1751, #2659, #2, #415 ) ) ;
#1415 = ORIENTED_EDGE ( 'NONE', *, *, #681, .F. ) ;
#1416 = DIRECTION ( 'NONE',  ( -1.000000000000000000, -0.000000000000000000, -0.000000000000000000 ) ) ;
#1417 = CALENDAR_DATE ( 2026, 20, 3 ) ;
#1418 = PLANE ( 'NONE',  #1326 ) ;
#1419 = VERTEX_POINT ( 'NONE', #1191 ) ;
#1420 = AXIS2_PLACEMENT_3D ( 'NONE', #257, #629, #1442 ) ;
#1421 = FACE_OUTER_BOUND ( 'NONE', #1780, .T. ) ;
#1422 = DIRECTION ( 'NONE',  ( 1.000000000000000000, 0.000000000000000000, 0.000000000000000000 ) ) ;
#1423 = VECTOR ( 'NONE', #14, 1000.000000000000000 ) ;
#1424 = AXIS2_PLACEMENT_3D ( 'NONE', #3436, #751, #1950 ) ;
#1425 = DIRECTION ( 'NONE',  ( -0.000000000000000000, 0.000000000000000000, -1.000000000000000000 ) ) ;
#1426 = FACE_OUTER_BOUND ( 'NONE', #102, .T. ) ;
#1427 = DIRECTION ( 'NONE',  ( -0.000000000000000000, 0.000000000000000000, -1.000000000000000000 ) ) ;
#1428 = ORIENTED_EDGE ( 'NONE', *, *, #1741, .T. ) ;
#1429 = TOROIDAL_SURFACE ( 'NONE', #3629, 2.000000000000000000, 1.000000000000000000 ) ;
#1430 = ORIENTED_EDGE ( 'NONE', *, *, #2330, .F. ) ;
#1431 = CARTESIAN_POINT ( 'NONE',  ( -114.3745315356199939, 115.5855275489900151, -14.00000000000000000 ) ) ;
#1432 = DIRECTION ( 'NONE',  ( -1.000000000000000000, 0.000000000000000000, 0.000000000000000000 ) ) ;
#1433 = VECTOR ( 'NONE', #2770, 1000.000000000000000 ) ;
#1434 = ORIENTED_EDGE ( 'NONE', *, *, #430, .F. ) ;
#1435 = ORIENTED_EDGE ( 'NONE', *, *, #932, .F. ) ;
#1436 = CARTESIAN_POINT ( 'NONE',  ( -114.3745315356199939, 35.57475742951499598, 0.000000000000000000 ) ) ;
#1437 = PLANE ( 'NONE',  #3501 ) ;
#1438 = DIRECTION ( 'NONE',  ( 0.000000000000000000, 0.000000000000000000, 1.000000000000000000 ) ) ;
#1439 = CARTESIAN_POINT ( 'NONE',  ( -21.75174470037796581, 115.5855275489900151, -14.00000000000000000 ) ) ;
#1440 = EDGE_LOOP ( 'NONE', ( #1581, #1147, #2675, #2948 ) ) ;
#1441 = CARTESIAN_POINT ( 'NONE',  ( -114.3745315356199939, 93.38701041402200076, -6.200050813682004502 ) ) ;
#1442 = DIRECTION ( 'NONE',  ( 0.7071067811865482389, 0.000000000000000000, 0.7071067811865467956 ) ) ;
#1443 = FACE_OUTER_BOUND ( 'NONE', #2898, .T. ) ;
#1444 = VERTEX_POINT ( 'NONE', #1735 ) ;
#1445 = EDGE_CURVE ( 'NONE', #1387, #395, #1801, .T. ) ;
#1446 = CARTESIAN_POINT ( 'NONE',  ( -24.75174470037796581, 32.37475742951500735, -7.000000000000000888 ) ) ;
#1447 = CARTESIAN_POINT ( 'NONE',  ( -115.3745315356199939, 28.37475742951500735, 2.500000000000000444 ) ) ;
#1448 = CARTESIAN_POINT ( 'NONE',  ( -114.3745315356199939, 94.38701041402200076, -2.000050813682005213 ) ) ;
#1449 = ORIENTED_EDGE ( 'NONE', *, *, #2878, .F. ) ;
#1450 = DIRECTION ( 'NONE',  ( -0.000000000000000000, -0.000000000000000000, 1.000000000000000000 ) ) ;
#1451 = EDGE_CURVE ( 'NONE', #1342, #171, #2997, .T. ) ;
#1452 = EDGE_CURVE ( 'NONE', #1839, #2445, #2008, .T. ) ;
#1453 = DIRECTION ( 'NONE',  ( 0.000000000000000000, 0.000000000000000000, 1.000000000000000000 ) ) ;
#1454 = ORIENTED_EDGE ( 'NONE', *, *, #1031, .T. ) ;
#1455 = EDGE_LOOP ( 'NONE', ( #496, #3201, #2920 ) ) ;
#1456 = DIRECTION ( 'NONE',  ( -0.000000000000000000, 1.000000000000000000, -0.000000000000000000 ) ) ;
#1457 = DIRECTION ( 'NONE',  ( 0.000000000000000000, 0.000000000000000000, -1.000000000000000000 ) ) ;
#1458 = APPROVAL_STATUS ( 'not_yet_approved' ) ;
#1459 = VECTOR ( 'NONE', #1822, 1000.000000000000000 ) ;
#1460 = EDGE_LOOP ( 'NONE', ( #3073, #3455, #1, #1229 ) ) ;
#1461 = VECTOR ( 'NONE', #2441, 1000.000000000000000 ) ;
#1462 = LINE ( 'NONE', #2392, #1296 ) ;
#1463 = DIRECTION ( 'NONE',  ( -0.000000000000000000, -0.000000000000000000, -1.000000000000000000 ) ) ;
#1464 = EDGE_CURVE ( 'NONE', #1209, #1362, #319, .T. ) ;
#1465 = EDGE_CURVE ( 'NONE', #3596, #1770, #1507, .T. ) ;
#1466 = ORIENTED_EDGE ( 'NONE', *, *, #128, .T. ) ;
#1467 = CARTESIAN_POINT ( 'NONE',  ( -114.3745315356199939, 92.38701041402200076, -2.000050813682005213 ) ) ;
#1468 = DIRECTION ( 'NONE',  ( 1.000000000000000000, 0.000000000000000000, 0.000000000000000000 ) ) ;
#1469 = CARTESIAN_POINT ( 'NONE',  ( -108.7517447003779694, 101.5747574295149889, 3.000000000000000000 ) ) ;
#1470 = VERTEX_POINT ( 'NONE', #2308 ) ;
#1471 = DIRECTION ( 'NONE',  ( 0.000000000000000000, 0.000000000000000000, -1.000000000000000000 ) ) ;
#1472 = AXIS2_PLACEMENT_3D ( 'NONE', #2694, #1139, #3508 ) ;
#1473 = DIRECTION ( 'NONE',  ( -0.000000000000000000, -0.000000000000000000, 1.000000000000000000 ) ) ;
#1474 = PLANE ( 'NONE',  #166 ) ;
#1475 = VECTOR ( 'NONE', #1114, 1000.000000000000000 ) ;
#1476 = CC_DESIGN_PERSON_AND_ORGANIZATION_ASSIGNMENT ( #228, #3199, ( #2754 ) ) ;
#1477 = EDGE_LOOP ( 'NONE', ( #462, #3005, #2454, #1237 ) ) ;
#1478 = ORIENTED_EDGE ( 'NONE', *, *, #2084, .T. ) ;
#1479 = CARTESIAN_POINT ( 'NONE',  ( -114.3745315356200081, 103.5747574295150031, 2.000000000000001776 ) ) ;
#1480 = LINE ( 'NONE', #1226, #499 ) ;
#1481 = VECTOR ( 'NONE', #1134, 1000.000000000000000 ) ;
#1482 = DIRECTION ( 'NONE',  ( 1.000000000000000000, 0.000000000000000000, 0.000000000000000000 ) ) ;
#1483 = VERTEX_POINT ( 'NONE', #2682 ) ;
#1484 = VECTOR ( 'NONE', #877, 1000.000000000000000 ) ;
#1485 = DIRECTION ( 'NONE',  ( -1.000000000000000000, 0.000000000000000000, 0.000000000000000000 ) ) ;
#1486 = DIRECTION ( 'NONE',  ( -0.5773502691896253980, -0.5773502691896255090, 0.5773502691896266192 ) ) ;
#1487 = ADVANCED_FACE ( 'NONE', ( #1421 ), #3675, .T. ) ;
#1488 = ORIENTED_EDGE ( 'NONE', *, *, #1127, .F. ) ;
#1489 = DIRECTION ( 'NONE',  ( 1.000000000000000000, 0.000000000000000000, 0.000000000000000000 ) ) ;
#1490 = CARTESIAN_POINT ( 'NONE',  ( -52.02510033020099911, 115.5855275489900151, 3.000000000000000000 ) ) ;
#1491 = CLOSED_SHELL ( 'NONE', ( #3695, #363, #2489, #2318, #2775, #404, #1110, #1050, #2165, #2154, #136, #2221 ) ) ;
#1492 = CARTESIAN_POINT ( 'NONE',  ( -108.7517447003779694, 101.5747574295149889, 2.500000000000000000 ) ) ;
#1493 = ORIENTED_EDGE ( 'NONE', *, *, #2038, .F. ) ;
#1494 = LINE ( 'NONE', #286, #3376 ) ;
#1495 = ADVANCED_FACE ( 'NONE', ( #608, #3791 ), #1713, .F. ) ;
#1496 = CARTESIAN_POINT ( 'NONE',  ( -91.33388084055398792, 109.1873250874420052, 1.399999999999999911 ) ) ;
#1497 = CARTESIAN_POINT ( 'NONE',  ( -114.8745315356199939, 116.5855275489900151, -14.00000000000000000 ) ) ;
#1498 = ORIENTED_EDGE ( 'NONE', *, *, #2183, .T. ) ;
#1499 = ORIENTED_EDGE ( 'NONE', *, *, #2924, .T. ) ;
#1500 = DIRECTION ( 'NONE',  ( -1.000000000000000000, 0.000000000000000000, -0.000000000000000000 ) ) ;
#1501 = DIRECTION ( 'NONE',  ( -0.7071067811865425767, -0.7071067811865525687, -9.185433182841486710E-17 ) ) ;
#1502 = AXIS2_PLACEMENT_3D ( 'NONE', #489, #3760, #2291 ) ;
#1503 = DIRECTION ( 'NONE',  ( 1.000000000000000000, 0.000000000000000000, 0.000000000000000000 ) ) ;
#1504 = ORIENTED_EDGE ( 'NONE', *, *, #1393, .F. ) ;
#1505 = AXIS2_PLACEMENT_3D ( 'NONE', #271, #1206, #25 ) ;
#1506 = EDGE_CURVE ( 'NONE', #3116, #2036, #2621, .T. ) ;
#1507 = LINE ( 'NONE', #2913, #1484 ) ;
#1508 = CARTESIAN_POINT ( 'NONE',  ( -42.56818897637700161, 110.3983947167885020, 0.000000000000000000 ) ) ;
#1509 = ORIENTED_EDGE ( 'NONE', *, *, #1859, .T. ) ;
#1510 = VERTEX_POINT ( 'NONE', #1130 ) ;
#1511 = EDGE_CURVE ( 'NONE', #2470, #1657, #3265, .T. ) ;
#1512 = DIRECTION ( 'NONE',  ( -1.000000000000000000, 0.000000000000000000, -0.000000000000000000 ) ) ;
#1513 = DIRECTION ( 'NONE',  ( -0.000000000000000000, -0.000000000000000000, -1.000000000000000000 ) ) ;
#1514 = ORIENTED_EDGE ( 'NONE', *, *, #2298, .T. ) ;
#1515 = EDGE_CURVE ( 'NONE', #2605, #3540, #1462, .T. ) ;
#1516 = DIRECTION ( 'NONE',  ( 0.000000000000000000, 0.000000000000000000, 1.000000000000000000 ) ) ;
#1517 = AXIS2_PLACEMENT_3D ( 'NONE', #450, #1422, #2541 ) ;
#1518 = DIRECTION ( 'NONE',  ( 0.000000000000000000, -1.000000000000000000, 0.000000000000000000 ) ) ;
#1519 = DIRECTION ( 'NONE',  ( 1.000000000000000000, -0.000000000000000000, -0.000000000000000000 ) ) ;
#1520 = EDGE_CURVE ( 'NONE', #326, #2764, #2092, .T. ) ;
#1521 = EDGE_CURVE ( 'NONE', #1565, #1793, #550, .T. ) ;
#1522 = ORIENTED_EDGE ( 'NONE', *, *, #309, .F. ) ;
#1523 = VECTOR ( 'NONE', #3683, 1000.000000000000000 ) ;
#1524 = ORIENTED_EDGE ( 'NONE', *, *, #1287, .T. ) ;
#1525 = CARTESIAN_POINT ( 'NONE',  ( -53.12510033020100053, 110.9353422606009900, -1.600000000000000755 ) ) ;
#1526 = CARTESIAN_POINT ( 'NONE',  ( -30.72237728473499629, 110.3983947167885020, 1.000000000000000000 ) ) ;
#1527 = EDGE_CURVE ( 'NONE', #3857, #3648, #3499, .T. ) ;
#1528 = ORIENTED_EDGE ( 'NONE', *, *, #2389, .F. ) ;
#1529 = CARTESIAN_POINT ( 'NONE',  ( -50.62510033020100053, 110.7252222504450003, 3.000000000000000000 ) ) ;
#1530 = DIRECTION ( 'NONE',  ( -1.000000000000000000, -0.000000000000000000, -0.000000000000000000 ) ) ;
#1531 = VECTOR ( 'NONE', #3763, 1000.000000000000000 ) ;
#1532 = VECTOR ( 'NONE', #2988, 1000.000000000000000 ) ;
#1533 = ORIENTED_EDGE ( 'NONE', *, *, #3719, .F. ) ;
#1534 = ADVANCED_FACE ( 'NONE', ( #256 ), #2070, .T. ) ;
#1535 = ORIENTED_EDGE ( 'NONE', *, *, #1451, .F. ) ;
#1536 = CARTESIAN_POINT ( 'NONE',  ( -48.28552197104399824, 115.5855275489900151, -3.350050801712995074 ) ) ;
#1537 = LINE ( 'NONE', #3584, #1616 ) ;
#1538 = ORIENTED_EDGE ( 'NONE', *, *, #3324, .F. ) ;
#1539 = CARTESIAN_POINT ( 'NONE',  ( -52.02510033020099911, 112.6745811194067812, 3.000000000000000000 ) ) ;
#1540 = DIRECTION ( 'NONE',  ( -1.922962686383565542E-16, -0.7071067811865481278, 0.7071067811865470176 ) ) ;
#1541 = FACE_OUTER_BOUND ( 'NONE', #127, .T. ) ;
#1542 = AXIS2_PLACEMENT_3D ( 'NONE', #677, #2202, #135 ) ;
#1543 = EDGE_CURVE ( 'NONE', #2816, #1670, #858, .T. ) ;
#1544 = ORIENTED_EDGE ( 'NONE', *, *, #2482, .F. ) ;
#1545 = FACE_OUTER_BOUND ( 'NONE', #785, .T. ) ;
#1546 = VECTOR ( 'NONE', #1630, 1000.000000000000000 ) ;
#1547 = FACE_OUTER_BOUND ( 'NONE', #2064, .T. ) ;
#1548 = VERTEX_POINT ( 'NONE', #2051 ) ;
#1549 = FACE_OUTER_BOUND ( 'NONE', #1712, .T. ) ;
#1550 = LINE ( 'NONE', #3659, #2248 ) ;
#1551 = EDGE_CURVE ( 'NONE', #612, #1793, #572, .T. ) ;
#1552 = AXIS2_PLACEMENT_3D ( 'NONE', #2231, #3757, #1009 ) ;
#1553 = ORIENTED_EDGE ( 'NONE', *, *, #2218, .F. ) ;
#1554 = VERTEX_POINT ( 'NONE', #3855 ) ;
#1555 = PLANE ( 'NONE',  #1034 ) ;
#1556 = DIRECTION ( 'NONE',  ( 0.000000000000000000, -0.000000000000000000, 1.000000000000000000 ) ) ;
#1557 = VERTEX_POINT ( 'NONE', #1171 ) ;
#1558 = DIRECTION ( 'NONE',  ( -1.000000000000000000, 0.000000000000000000, 0.000000000000000000 ) ) ;
#1559 = CARTESIAN_POINT ( 'NONE',  ( -35.22237728473499629, 105.8983947167885020, 1.000000000000000000 ) ) ;
#1560 = ADVANCED_FACE ( 'NONE', ( #2115 ), #957, .T. ) ;
#1561 = DIRECTION ( 'NONE',  ( 1.000000000000000000, 0.000000000000000000, 0.000000000000000000 ) ) ;
#1562 = ORIENTED_EDGE ( 'NONE', *, *, #2269, .T. ) ;
#1563 = LINE ( 'NONE', #2147, #538 ) ;
#1564 = VECTOR ( 'NONE', #2763, 1000.000000000000000 ) ;
#1565 = VERTEX_POINT ( 'NONE', #644 ) ;
#1566 = CARTESIAN_POINT ( 'NONE',  ( -52.02510033020099911, 115.5855275489900151, 3.000000000000000000 ) ) ;
#1567 = FACE_OUTER_BOUND ( 'NONE', #493, .T. ) ;
#1568 = VECTOR ( 'NONE', #2785, 1000.000000000000000 ) ;
#1569 = ORIENTED_EDGE ( 'NONE', *, *, #1369, .T. ) ;
#1570 = VECTOR ( 'NONE', #552, 1000.000000000000000 ) ;
#1571 = ORIENTED_EDGE ( 'NONE', *, *, #1634, .F. ) ;
#1572 = CARTESIAN_POINT ( 'NONE',  ( -111.3745315356199939, 32.37475742951500735, -7.000000000000000888 ) ) ;
#1573 = FACE_OUTER_BOUND ( 'NONE', #2487, .T. ) ;
#1574 = ORIENTED_EDGE ( 'NONE', *, *, #1103, .F. ) ;
#1575 = FACE_OUTER_BOUND ( 'NONE', #3083, .T. ) ;
#1576 = EDGE_CURVE ( 'NONE', #3160, #3489, #988, .T. ) ;
#1577 = DIRECTION ( 'NONE',  ( 1.000000000000000000, 0.000000000000000000, 0.000000000000000000 ) ) ;
#1578 = EDGE_CURVE ( 'NONE', #2201, #3823, #628, .T. ) ;
#1579 = VERTEX_POINT ( 'NONE', #679 ) ;
#1580 = CARTESIAN_POINT ( 'NONE',  ( -23.25174470037798358, 101.5747574295149889, 2.500000000000000000 ) ) ;
#1581 = ORIENTED_EDGE ( 'NONE', *, *, #549, .F. ) ;
#1582 = LINE ( 'NONE', #1232, #214 ) ;
#1583 = FACE_OUTER_BOUND ( 'NONE', #2146, .T. ) ;
#1584 = ORIENTED_EDGE ( 'NONE', *, *, #800, .T. ) ;
#1585 = EDGE_LOOP ( 'NONE', ( #180, #1708, #2974, #869 ) ) ;
#1586 = AXIS2_PLACEMENT_3D ( 'NONE', #1559, #3338, #1850 ) ;
#1587 = DIRECTION ( 'NONE',  ( 0.000000000000000000, 0.000000000000000000, -1.000000000000000000 ) ) ;
#1588 = PLANE ( 'NONE',  #704 ) ;
#1589 = ADVANCED_FACE ( 'NONE', ( #2412 ), #1825, .F. ) ;
#1590 = VERTEX_POINT ( 'NONE', #1210 ) ;
#1591 = DIRECTION ( 'NONE',  ( 0.000000000000000000, 0.000000000000000000, -1.000000000000000000 ) ) ;
#1592 = AXIS2_PLACEMENT_3D ( 'NONE', #2011, #2688, #2603 ) ;
#1593 = DIRECTION ( 'NONE',  ( -2.185478394931410575E-16, -1.000000000000000000, 0.000000000000000000 ) ) ;
#1594 = ORIENTED_EDGE ( 'NONE', *, *, #2769, .F. ) ;
#1595 = CARTESIAN_POINT ( 'NONE',  ( -51.62510033020100053, 115.5855275489900151, 1.999999999999998224 ) ) ;
#1596 = VECTOR ( 'NONE', #1456, 1000.000000000000000 ) ;
#1597 = ORIENTED_EDGE ( 'NONE', *, *, #707, .F. ) ;
#1598 = VECTOR ( 'NONE', #2185, 1000.000000000000000 ) ;
#1599 = CARTESIAN_POINT ( 'NONE',  ( -21.25174470037796581, 28.37475742951500024, 2.500000000000000444 ) ) ;
#1600 = PLANE ( 'NONE',  #741 ) ;
#1601 = ORIENTED_EDGE ( 'NONE', *, *, #2889, .T. ) ;
#1602 = ORIENTED_EDGE ( 'NONE', *, *, #1086, .T. ) ;
#1603 = CARTESIAN_POINT ( 'NONE',  ( -30.72237728473499629, 110.3983947167885020, 3.000000000000000000 ) ) ;
#1604 = CYLINDRICAL_SURFACE ( 'NONE', #1774, 6.000000000000005329 ) ;
#1605 = EDGE_CURVE ( 'NONE', #3369, #3492, #1873, .T. ) ;
#1606 = VECTOR ( 'NONE', #3838, 1000.000000000000000 ) ;
#1607 = VERTEX_POINT ( 'NONE', #1269 ) ;
#1608 = LINE ( 'NONE', #2821, #1308 ) ;
#1609 = VECTOR ( 'NONE', #3244, 1000.000000000000000 ) ;
#1610 = LINE ( 'NONE', #2807, #3048 ) ;
#1611 = CARTESIAN_POINT ( 'NONE',  ( -20.75174470037796581, 116.0855275489900151, -14.00000000000000000 ) ) ;
#1612 = AXIS2_PLACEMENT_3D ( 'NONE', #2253, #2914, #3442 ) ;
#1613 = EDGE_CURVE ( 'NONE', #981, #3114, #1582, .T. ) ;
#1614 = ORIENTED_EDGE ( 'NONE', *, *, #3591, .F. ) ;
#1615 = FACE_OUTER_BOUND ( 'NONE', #1136, .T. ) ;
#1616 = VECTOR ( 'NONE', #2665, 1000.000000000000000 ) ;
#1617 = CIRCLE ( 'NONE', #1044, 2.000000000000000000 ) ;
#1618 = VERTEX_POINT ( 'NONE', #3602 ) ;
#1619 = LINE ( 'NONE', #2813, #966 ) ;
#1620 = CARTESIAN_POINT ( 'NONE',  ( -114.3745315356199939, 102.3270104140210037, -2.000050813682005213 ) ) ;
#1621 = AXIS2_PLACEMENT_3D ( 'NONE', #699, #120, #1270 ) ;
#1622 = ORIENTED_EDGE ( 'NONE', *, *, #1238, .F. ) ;
#1623 = EDGE_CURVE ( 'NONE', #828, #55, #66, .T. ) ;
#1624 = CARTESIAN_POINT ( 'NONE',  ( -53.12510033020100053, 110.9353422606009900, -13.00000000000000178 ) ) ;
#1625 = CARTESIAN_POINT ( 'NONE',  ( -46.78552197104399113, 115.5855275489900151, 0.9999999999999997780 ) ) ;
#1626 = ORIENTED_EDGE ( 'NONE', *, *, #1411, .F. ) ;
#1627 = VECTOR ( 'NONE', #1935, 1000.000000000000000 ) ;
#1628 = EDGE_CURVE ( 'NONE', #2391, #3606, #3071, .T. ) ;
#1629 = DIRECTION ( 'NONE',  ( 0.000000000000000000, -1.000000000000000000, 0.000000000000000000 ) ) ;
#1630 = DIRECTION ( 'NONE',  ( 0.000000000000000000, 0.000000000000000000, -1.000000000000000000 ) ) ;
#1631 = DIRECTION ( 'NONE',  ( 0.7071067811865474617, 0.7071067811865474617, -0.000000000000000000 ) ) ;
#1632 = ORIENTED_EDGE ( 'NONE', *, *, #954, .F. ) ;
#1633 = PLANE ( 'NONE',  #3605 ) ;
#1634 = EDGE_CURVE ( 'NONE', #2466, #1197, #3590, .T. ) ;
#1635 = EDGE_CURVE ( 'NONE', #117, #3632, #665, .T. ) ;
#1636 = VERTEX_POINT ( 'NONE', #3055 ) ;
#1637 = DIRECTION ( 'NONE',  ( 1.000000000000000000, 7.491562434037076050E-17, 0.000000000000000000 ) ) ;
#1638 = DIRECTION ( 'NONE',  ( 0.000000000000000000, 0.000000000000000000, 1.000000000000000000 ) ) ;
#1639 = ADVANCED_FACE ( 'NONE', ( #1549, #49, #973, #372, #2777 ), #389, .T. ) ;
#1640 = DIRECTION ( 'NONE',  ( -1.000000000000000000, 0.000000000000000000, 0.000000000000000000 ) ) ;
#1641 = VERTEX_POINT ( 'NONE', #3677 ) ;
#1642 = CARTESIAN_POINT ( 'NONE',  ( -21.75174470037796581, 29.37475742951500024, -14.00000000000000000 ) ) ;
#1643 = DIRECTION ( 'NONE',  ( -0.000000000000000000, -0.000000000000000000, 1.000000000000000000 ) ) ;
#1644 = EDGE_LOOP ( 'NONE', ( #488, #2497, #1493, #312 ) ) ;
#1645 = DIRECTION ( 'NONE',  ( 0.000000000000000000, 1.000000000000000000, 0.000000000000000000 ) ) ;
#1646 = DIRECTION ( 'NONE',  ( -0.000000000000000000, -0.000000000000000000, -1.000000000000000000 ) ) ;
#1647 = AXIS2_PLACEMENT_3D ( 'NONE', #126, #3355, #1882 ) ;
#1648 = AXIS2_PLACEMENT_3D ( 'NONE', #2618, #569, #2068 ) ;
#1649 = CIRCLE ( 'NONE', #1592, 2.500000000000002220 ) ;
#1650 = VECTOR ( 'NONE', #1285, 1000.000000000000000 ) ;
#1651 = PLANE ( 'NONE',  #710 ) ;
#1652 = VERTEX_POINT ( 'NONE', #1566 ) ;
#1653 = CARTESIAN_POINT ( 'NONE',  ( -32.72237728473499629, 110.3983947167885020, 0.000000000000000000 ) ) ;
#1654 = DIRECTION ( 'NONE',  ( 0.000000000000000000, 1.000000000000000000, 0.000000000000000000 ) ) ;
#1655 = PLANE ( 'NONE',  #243 ) ;
#1656 = DIRECTION ( 'NONE',  ( -0.000000000000000000, -0.000000000000000000, -1.000000000000000000 ) ) ;
#1657 = VERTEX_POINT ( 'NONE', #3382 ) ;
#1658 = VECTOR ( 'NONE', #3690, 1000.000000000000000 ) ;
#1659 = EDGE_CURVE ( 'NONE', #606, #3348, #2762, .T. ) ;
#1660 = CARTESIAN_POINT ( 'NONE',  ( -21.75174470037798002, 35.57475742951498887, 1.399999999999999911 ) ) ;
#1661 = LINE ( 'NONE', #487, #618 ) ;
#1662 = ORIENTED_EDGE ( 'NONE', *, *, #92, .F. ) ;
#1663 = VECTOR ( 'NONE', #1924, 1000.000000000000000 ) ;
#1664 = CARTESIAN_POINT ( 'NONE',  ( -114.3745315356199939, 115.5855275489900151, 0.000000000000000000 ) ) ;
#1665 = FACE_OUTER_BOUND ( 'NONE', #985, .T. ) ;
#1666 = VERTEX_POINT ( 'NONE', #1892 ) ;
#1667 = CARTESIAN_POINT ( 'NONE',  ( -114.3745315356199939, 29.37475742951500735, 0.000000000000000000 ) ) ;
#1668 = VECTOR ( 'NONE', #2028, 1000.000000000000000 ) ;
#1669 = EDGE_CURVE ( 'NONE', #2697, #448, #3624, .T. ) ;
#1670 = VERTEX_POINT ( 'NONE', #3088 ) ;
#1671 = CARTESIAN_POINT ( 'NONE',  ( -91.33388084055398792, 109.1873250874420052, 0.000000000000000000 ) ) ;
#1672 = ORIENTED_EDGE ( 'NONE', *, *, #3381, .F. ) ;
#1673 = LINE ( 'NONE', #3118, #2407 ) ;
#1674 = CARTESIAN_POINT ( 'NONE',  ( -46.78552197104399113, 106.5149212680012170, 2.000000000000000000 ) ) ;
#1675 = DIRECTION ( 'NONE',  ( -0.000000000000000000, -0.000000000000000000, 1.000000000000000000 ) ) ;
#1676 = ORIENTED_EDGE ( 'NONE', *, *, #2024, .F. ) ;
#1677 = PLANE ( 'NONE',  #3228 ) ;
#1678 = FACE_OUTER_BOUND ( 'NONE', #3062, .T. ) ;
#1679 = ORIENTED_EDGE ( 'NONE', *, *, #749, .T. ) ;
#1680 = LINE ( 'NONE', #3224, #1055 ) ;
#1681 = CARTESIAN_POINT ( 'NONE',  ( -89.21277634402586898, 103.5747574295150031, 1.399999999999999911 ) ) ;
#1682 = ORIENTED_EDGE ( 'NONE', *, *, #2078, .F. ) ;
#1683 = ADVANCED_FACE ( 'NONE', ( #2702 ), #3330, .F. ) ;
#1684 = EDGE_CURVE ( 'NONE', #466, #1342, #750, .T. ) ;
#1685 = LINE ( 'NONE', #2586, #77 ) ;
#1686 = TOROIDAL_SURFACE ( 'NONE', #1310, 4.500000000000002665, 2.000000000000000000 ) ;
#1687 = ORIENTED_EDGE ( 'NONE', *, *, #2609, .F. ) ;
#1688 = CARTESIAN_POINT ( 'NONE',  ( -114.3745315356199939, 102.3270104140210037, -5.081368200515745670E-05 ) ) ;
#1689 = EDGE_CURVE ( 'NONE', #2313, #612, #1673, .T. ) ;
#1690 = ORIENTED_EDGE ( 'NONE', *, *, #374, .T. ) ;
#1691 = ORIENTED_EDGE ( 'NONE', *, *, #2307, .T. ) ;
#1692 = CARTESIAN_POINT ( 'NONE',  ( -89.21277634402586898, 103.5747574295150031, 1.399999999999999911 ) ) ;
#1693 = DIRECTION ( 'NONE',  ( -2.185478394931410575E-16, 1.000000000000000000, -0.000000000000000000 ) ) ;
#1694 = COORDINATED_UNIVERSAL_TIME_OFFSET ( 8, 0, .AHEAD. ) ;
#1695 = DIRECTION ( 'NONE',  ( 1.000000000000000000, 5.551115123125748781E-15, -0.000000000000000000 ) ) ;
#1696 = ORIENTED_EDGE ( 'NONE', *, *, #2097, .F. ) ;
#1697 = LINE ( 'NONE', #2871, #3166 ) ;
#1698 = LINE ( 'NONE', #163, #3701 ) ;
#1699 = FACE_OUTER_BOUND ( 'NONE', #1766, .T. ) ;
#1700 = CARTESIAN_POINT ( 'NONE',  ( -115.1245315356199939, 116.0855275489900151, 2.750000000000000888 ) ) ;
#1701 = ORIENTED_EDGE ( 'NONE', *, *, #3341, .T. ) ;
#1702 = VERTEX_POINT ( 'NONE', #717 ) ;
#1703 = CARTESIAN_POINT ( 'NONE',  ( -46.78552197104399824, 116.5855275489900151, 0.9999999999999997780 ) ) ;
#1704 = ORIENTED_EDGE ( 'NONE', *, *, #2808, .F. ) ;
#1705 = AXIS2_PLACEMENT_3D ( 'NONE', #2368, #2026, #3577 ) ;
#1706 = PLANE ( 'NONE',  #3531 ) ;
#1707 = VECTOR ( 'NONE', #3309, 1000.000000000000000 ) ;
#1708 = ORIENTED_EDGE ( 'NONE', *, *, #529, .T. ) ;
#1709 = ORIENTED_EDGE ( 'NONE', *, *, #2200, .F. ) ;
#1710 = CARTESIAN_POINT ( 'NONE',  ( -114.3745315356199939, 58.25087118297059163, 1.399999999999999911 ) ) ;
#1711 = CARTESIAN_POINT ( 'NONE',  ( -35.22237728473499629, 110.3983947167885020, 0.000000000000000000 ) ) ;
#1712 = EDGE_LOOP ( 'NONE', ( #1053, #2996, #1428, #2944 ) ) ;
#1713 = PLANE ( 'NONE',  #786 ) ;
#1714 = LINE ( 'NONE', #1046, #2804 ) ;
#1715 = CARTESIAN_POINT ( 'NONE',  ( -49.28552197104399824, 116.5855275489900151, -1.617999994144118103 ) ) ;
#1716 = CARTESIAN_POINT ( 'NONE',  ( -21.75174470037798002, 103.5747574295150031, 2.500000000000000000 ) ) ;
#1717 = CIRCLE ( 'NONE', #2030, 6.000000000000005329 ) ;
#1718 = CARTESIAN_POINT ( 'NONE',  ( -46.78552197104399113, 115.5855275489900151, 2.000000000000000000 ) ) ;
#1719 = ORIENTED_EDGE ( 'NONE', *, *, #3031, .T. ) ;
#1720 = EDGE_LOOP ( 'NONE', ( #700, #1823, #205, #472, #2196, #1963, #1183, #426 ) ) ;
#1721 = CARTESIAN_POINT ( 'NONE',  ( -24.75174470037796581, 112.5855275489900151, -7.000000000000000888 ) ) ;
#1722 = ORIENTED_EDGE ( 'NONE', *, *, #1363, .F. ) ;
#1723 = FACE_OUTER_BOUND ( 'NONE', #1901, .T. ) ;
#1724 = AXIS2_PLACEMENT_3D ( 'NONE', #2633, #2046, #1728 ) ;
#1725 = VECTOR ( 'NONE', #526, 1000.000000000000000 ) ;
#1726 = ORIENTED_EDGE ( 'NONE', *, *, #2589, .T. ) ;
#1727 = EDGE_LOOP ( 'NONE', ( #3448, #1696, #2109, #1093 ) ) ;
#1728 = DIRECTION ( 'NONE',  ( 1.000000000000000000, 0.000000000000000000, 0.000000000000000000 ) ) ;
#1729 = DIRECTION ( 'NONE',  ( -4.163336342344321249E-15, 1.000000000000000000, -0.000000000000000000 ) ) ;
#1730 = PERSON_AND_ORGANIZATION_ROLE ( 'creator' ) ;
#1731 = ADVANCED_FACE ( 'NONE', ( #1949 ), #2795, .F. ) ;
#1732 = LINE ( 'NONE', #2113, #652 ) ;
#1733 = ORIENTED_EDGE ( 'NONE', *, *, #2900, .F. ) ;
#1734 = AXIS2_PLACEMENT_3D ( 'NONE', #3478, #1972, #756 ) ;
#1735 = CARTESIAN_POINT ( 'NONE',  ( -22.25174470037796937, 115.0855275489900293, -1.600000000000000755 ) ) ;
#1736 = DIRECTION ( 'NONE',  ( 0.7071067811865482389, 0.000000000000000000, 0.7071067811865467956 ) ) ;
#1737 = AXIS2_PLACEMENT_3D ( 'NONE', #141, #1396, #1318 ) ;
#1738 = LINE ( 'NONE', #1994, #1570 ) ;
#1739 = EDGE_CURVE ( 'NONE', #1162, #3059, #119, .T. ) ;
#1740 = ORIENTED_EDGE ( 'NONE', *, *, #1287, .F. ) ;
#1741 = EDGE_CURVE ( 'NONE', #1817, #2613, #2246, .T. ) ;
#1742 = LINE ( 'NONE', #3583, #2987 ) ;
#1743 = CARTESIAN_POINT ( 'NONE',  ( -91.33388084055398792, 109.1873250874420052, 1.399999999999999911 ) ) ;
#1744 = FACE_OUTER_BOUND ( 'NONE', #583, .T. ) ;
#1745 = ORIENTED_EDGE ( 'NONE', *, *, #1948, .T. ) ;
#1746 = VECTOR ( 'NONE', #680, 1000.000000000000000 ) ;
#1747 = DIRECTION ( 'NONE',  ( 1.000000000000000000, 0.000000000000000000, 0.000000000000000000 ) ) ;
#1748 = CARTESIAN_POINT ( 'NONE',  ( -47.28552197104399824, 115.5855275489900151, -1.617999994144117881 ) ) ;
#1749 = VECTOR ( 'NONE', #528, 1000.000000000000000 ) ;
#1750 = ORIENTED_EDGE ( 'NONE', *, *, #355, .F. ) ;
#1751 = ORIENTED_EDGE ( 'NONE', *, *, #3864, .F. ) ;
#1752 = ADVANCED_FACE ( 'NONE', ( #1352 ), #3136, .T. ) ;
#1753 = LINE ( 'NONE', #3574, #1096 ) ;
#1754 = FACE_OUTER_BOUND ( 'NONE', #1248, .T. ) ;
#1755 = APPLICATION_PROTOCOL_DEFINITION ( 'international standard', 'config_control_design', 1994, #2553 ) ;
#1756 = EDGE_CURVE ( 'NONE', #993, #884, #428, .T. ) ;
#1757 = CARTESIAN_POINT ( 'NONE',  ( -42.56818897637700161, 112.8983947167885020, 0.000000000000000000 ) ) ;
#1758 = EDGE_LOOP ( 'NONE', ( #595, #2373, #1947, #729 ) ) ;
#1759 = EDGE_CURVE ( 'NONE', #1839, #1483, #2526, .T. ) ;
#1760 = CARTESIAN_POINT ( 'NONE',  ( -35.22237728473499629, 107.8983947167885020, 1.000000000000000000 ) ) ;
#1761 = CARTESIAN_POINT ( 'NONE',  ( -21.75174470037796581, 29.37475742951500024, -13.00000000000000178 ) ) ;
#1762 = EDGE_LOOP ( 'NONE', ( #2921, #2826, #1008, #1569 ) ) ;
#1763 = PLANE ( 'NONE',  #3790 ) ;
#1764 = DIRECTION ( 'NONE',  ( 0.000000000000000000, 1.000000000000000000, 0.000000000000000000 ) ) ;
#1765 = CARTESIAN_POINT ( 'NONE',  ( -22.25174470037797647, 112.5855275489900151, -1.600000000000000755 ) ) ;
#1766 = EDGE_LOOP ( 'NONE', ( #2715, #2668, #1614, #121, #2824, #3257, #3070, #3491 ) ) ;
#1767 = CARTESIAN_POINT ( 'NONE',  ( -91.33388084055398792, 109.1873250874420052, 1.399999999999999911 ) ) ;
#1768 = CARTESIAN_POINT ( 'NONE',  ( -24.75174470037796581, 112.5855275489900151, -7.000000000000000888 ) ) ;
#1769 = CARTESIAN_POINT ( 'NONE',  ( -113.8745315356199939, 115.0855275489900293, -1.600000000000000755 ) ) ;
#1770 = VERTEX_POINT ( 'NONE', #2226 ) ;
#1771 = ORIENTED_EDGE ( 'NONE', *, *, #2183, .F. ) ;
#1772 = LINE ( 'NONE', #1710, #1596 ) ;
#1773 = CARTESIAN_POINT ( 'NONE',  ( -24.75174470037796581, 115.0855275489900293, -7.000000000000000888 ) ) ;
#1774 = AXIS2_PLACEMENT_3D ( 'NONE', #3664, #145, #685 ) ;
#1775 = FACE_OUTER_BOUND ( 'NONE', #375, .T. ) ;
#1776 = VERTEX_POINT ( 'NONE', #733 ) ;
#1777 = VECTOR ( 'NONE', #1135, 1000.000000000000000 ) ;
#1778 = DIRECTION ( 'NONE',  ( 1.000000000000000000, 0.000000000000000000, 0.000000000000000000 ) ) ;
#1779 = LINE ( 'NONE', #2372, #427 ) ;
#1780 = EDGE_LOOP ( 'NONE', ( #3394, #748, #942, #861 ) ) ;
#1781 = EDGE_CURVE ( 'NONE', #2747, #1666, #459, .T. ) ;
#1782 = CYLINDRICAL_SURFACE ( 'NONE', #1413, 1.000000000000000888 ) ;
#1783 = CARTESIAN_POINT ( 'NONE',  ( -35.22237728473499629, 105.8983947167885020, 3.000000000000000000 ) ) ;
#1784 = CARTESIAN_POINT ( 'NONE',  ( -23.25174470037798358, 101.5747574295149889, 2.500000000000000000 ) ) ;
#1785 = ORIENTED_EDGE ( 'NONE', *, *, #1922, .F. ) ;
#1786 = LINE ( 'NONE', #2690, #2556 ) ;
#1787 = EDGE_CURVE ( 'NONE', #3460, #2327, #2536, .T. ) ;
#1788 = AXIS2_PLACEMENT_3D ( 'NONE', #675, #2756, #347 ) ;
#1789 = DIRECTION ( 'NONE',  ( 1.000000000000000000, 0.000000000000000000, 0.000000000000000000 ) ) ;
#1790 = DIRECTION ( 'NONE',  ( 1.000000000000000000, 7.491562434037076050E-17, 0.000000000000000000 ) ) ;
#1791 = AXIS2_PLACEMENT_3D ( 'NONE', #3111, #2583, #2512 ) ;
#1792 = EDGE_CURVE ( 'NONE', #3797, #1959, #3734, .T. ) ;
#1793 = VERTEX_POINT ( 'NONE', #2846 ) ;
#1794 = ORIENTED_EDGE ( 'NONE', *, *, #800, .F. ) ;
#1795 = PLANE ( 'NONE',  #1977 ) ;
#1796 = FACE_OUTER_BOUND ( 'NONE', #1097, .T. ) ;
#1797 = CIRCLE ( 'NONE', #919, 5.250000000000004441 ) ;
#1798 = LINE ( 'NONE', #317, #519 ) ;
#1799 = VERTEX_POINT ( 'NONE', #174 ) ;
#1800 = AXIS2_PLACEMENT_3D ( 'NONE', #2890, #2270, #793 ) ;
#1801 = LINE ( 'NONE', #2639, #2486 ) ;
#1802 = DIRECTION ( 'NONE',  ( -0.000000000000000000, 1.000000000000000000, -0.000000000000000000 ) ) ;
#1803 = EDGE_CURVE ( 'NONE', #1470, #3131, #1619, .T. ) ;
#1804 = VERTEX_POINT ( 'NONE', #2551 ) ;
#1805 = ORIENTED_EDGE ( 'NONE', *, *, #1109, .F. ) ;
#1806 = FACE_OUTER_BOUND ( 'NONE', #2725, .T. ) ;
#1807 = DIRECTION ( 'NONE',  ( 1.000000000000000000, 0.000000000000000000, 0.000000000000000000 ) ) ;
#1808 = VECTOR ( 'NONE', #3269, 1000.000000000000114 ) ;
#1809 = DIRECTION ( 'NONE',  ( -1.000000000000000000, 0.000000000000000000, 0.000000000000000000 ) ) ;
#1810 = ORIENTED_EDGE ( 'NONE', *, *, #75, .T. ) ;
#1811 = FACE_OUTER_BOUND ( 'NONE', #2335, .T. ) ;
#1812 = DIRECTION ( 'NONE',  ( 1.000000000000000000, 0.000000000000000000, 0.000000000000000000 ) ) ;
#1813 = DIRECTION ( 'NONE',  ( -0.7071067811865425767, -0.7071067811865525687, 0.000000000000000000 ) ) ;
#1814 = ADVANCED_FACE ( 'NONE', ( #768 ), #2864, .T. ) ;
#1815 = EDGE_CURVE ( 'NONE', #1548, #2405, #3693, .T. ) ;
#1816 = ORIENTED_EDGE ( 'NONE', *, *, #765, .F. ) ;
#1817 = VERTEX_POINT ( 'NONE', #3451 ) ;
#1818 = DIRECTION ( 'NONE',  ( -0.000000000000000000, -0.000000000000000000, -1.000000000000000000 ) ) ;
#1819 = CARTESIAN_POINT ( 'NONE',  ( -91.33388084055398792, 109.1873250874420052, 2.000000000000000000 ) ) ;
#1820 = CIRCLE ( 'NONE', #803, 2.000000000000008882 ) ;
#1821 = EDGE_CURVE ( 'NONE', #3759, #1444, #1965, .T. ) ;
#1822 = DIRECTION ( 'NONE',  ( -1.000000000000000000, 0.000000000000000000, 0.000000000000000000 ) ) ;
#1823 = ORIENTED_EDGE ( 'NONE', *, *, #2679, .T. ) ;
#1824 = VECTOR ( 'NONE', #3575, 1000.000000000000000 ) ;
#1825 = PLANE ( 'NONE',  #281 ) ;
#1826 = CARTESIAN_POINT ( 'NONE',  ( -53.12510033020100053, 110.9353422606009900, -1.600000000000000755 ) ) ;
#1827 = ORIENTED_EDGE ( 'NONE', *, *, #3601, .F. ) ;
#1828 = ORIENTED_EDGE ( 'NONE', *, *, #1684, .T. ) ;
#1829 = LINE ( 'NONE', #3682, #2738 ) ;
#1830 = CARTESIAN_POINT ( 'NONE',  ( -50.62510033020100053, 110.7252222504450003, 1.999999999999998224 ) ) ;
#1831 = ORIENTED_EDGE ( 'NONE', *, *, #3311, .F. ) ;
#1832 = ADVANCED_FACE ( 'NONE', ( #3157 ), #2571, .F. ) ;
#1833 = DIRECTION ( 'NONE',  ( -0.000000000000000000, -0.000000000000000000, 1.000000000000000000 ) ) ;
#1834 = CARTESIAN_POINT ( 'NONE',  ( -111.3745315356199939, 32.37475742951500735, -7.000000000000000888 ) ) ;
#1835 = DIRECTION ( 'NONE',  ( 0.000000000000000000, 0.000000000000000000, 1.000000000000000000 ) ) ;
#1836 = ORIENTED_EDGE ( 'NONE', *, *, #1815, .T. ) ;
#1837 = FACE_OUTER_BOUND ( 'NONE', #2130, .T. ) ;
#1838 = DIRECTION ( 'NONE',  ( -1.000000000000000000, 0.000000000000000000, 0.000000000000000000 ) ) ;
#1839 = VERTEX_POINT ( 'NONE', #2106 ) ;
#1840 = CARTESIAN_POINT ( 'NONE',  ( -114.3745315356199939, 29.37475742951500024, -13.00000000000000178 ) ) ;
#1841 = CARTESIAN_POINT ( 'NONE',  ( -54.54786098415989670, 115.5855275489900151, 2.000000000000000000 ) ) ;
#1842 = CIRCLE ( 'NONE', #1586, 2.000000000000000000 ) ;
#1843 = AXIS2_PLACEMENT_3D ( 'NONE', #1020, #479, #3416 ) ;
#1844 = ORIENTED_EDGE ( 'NONE', *, *, #1756, .F. ) ;
#1845 = ORIENTED_EDGE ( 'NONE', *, *, #1781, .T. ) ;
#1846 = FACE_OUTER_BOUND ( 'NONE', #3001, .T. ) ;
#1847 = CARTESIAN_POINT ( 'NONE',  ( -49.78552197104399824, 113.5855275489900151, -1.350050801712995741 ) ) ;
#1848 = EDGE_LOOP ( 'NONE', ( #1909, #43, #2433, #3578 ) ) ;
#1849 = LINE ( 'NONE', #2460, #3066 ) ;
#1850 = DIRECTION ( 'NONE',  ( 0.000000000000000000, 0.000000000000000000, -1.000000000000000000 ) ) ;
#1851 = LINE ( 'NONE', #3360, #169 ) ;
#1852 = VECTOR ( 'NONE', #3844, 1000.000000000000000 ) ;
#1853 = EDGE_LOOP ( 'NONE', ( #2632, #1241, #1272, #370 ) ) ;
#1854 = DIRECTION ( 'NONE',  ( -0.000000000000000000, 1.000000000000000000, -0.000000000000000000 ) ) ;
#1855 = AXIS2_PLACEMENT_3D ( 'NONE', #1448, #883, #2311 ) ;
#1856 = ORIENTED_EDGE ( 'NONE', *, *, #1876, .T. ) ;
#1857 = CARTESIAN_POINT ( 'NONE',  ( 2.117448502688132673E-15, 28.87475742951500024, 3.000000000000000000 ) ) ;
#1858 = DIRECTION ( 'NONE',  ( 1.000000000000000000, 0.000000000000000000, -0.000000000000000000 ) ) ;
#1859 = EDGE_CURVE ( 'NONE', #1776, #1670, #3786, .T. ) ;
#1860 = CIRCLE ( 'NONE', #1800, 1.000000000000000000 ) ;
#1861 = EDGE_LOOP ( 'NONE', ( #3432, #2184, #2954, #1322 ) ) ;
#1862 = ORIENTED_EDGE ( 'NONE', *, *, #991, .T. ) ;
#1863 = DIRECTION ( 'NONE',  ( 0.000000000000000000, 0.000000000000000000, 1.000000000000000000 ) ) ;
#1864 = FACE_OUTER_BOUND ( 'NONE', #2628, .T. ) ;
#1865 = ORIENTED_EDGE ( 'NONE', *, *, #124, .T. ) ;
#1866 = EDGE_CURVE ( 'NONE', #3596, #12, #2671, .T. ) ;
#1867 = LINE ( 'NONE', #3405, #2312 ) ;
#1868 = CARTESIAN_POINT ( 'NONE',  ( -114.3745315356199939, 29.37475742951500024, -14.00000000000000000 ) ) ;
#1869 = ORIENTED_EDGE ( 'NONE', *, *, #3614, .T. ) ;
#1870 = CARTESIAN_POINT ( 'NONE',  ( -114.3745315356199939, 115.5855275489900151, -14.00000000000000000 ) ) ;
#1871 = ORIENTED_EDGE ( 'NONE', *, *, #3367, .F. ) ;
#1872 = EDGE_CURVE ( 'NONE', #2479, #2969, #3615, .T. ) ;
#1873 = LINE ( 'NONE', #1840, #3087 ) ;
#1874 = DIRECTION ( 'NONE',  ( -0.000000000000000000, -0.000000000000000000, 1.000000000000000000 ) ) ;
#1875 = VECTOR ( 'NONE', #3171, 1000.000000000000000 ) ;
#1876 = EDGE_CURVE ( 'NONE', #828, #3596, #654, .T. ) ;
#1877 = ORIENTED_EDGE ( 'NONE', *, *, #764, .F. ) ;
#1878 = VECTOR ( 'NONE', #3716, 1000.000000000000000 ) ;
#1879 = EDGE_LOOP ( 'NONE', ( #992, #900, #1985, #1336 ) ) ;
#1880 = VECTOR ( 'NONE', #35, 1000.000000000000000 ) ;
#1881 = DIRECTION ( 'NONE',  ( 0.000000000000000000, -0.000000000000000000, -1.000000000000000000 ) ) ;
#1882 = DIRECTION ( 'NONE',  ( -1.000000000000000000, 0.000000000000000000, 0.000000000000000000 ) ) ;
#1883 = VERTEX_POINT ( 'NONE', #1221 ) ;
#1884 = DIRECTION ( 'NONE',  ( -1.000000000000000000, 0.000000000000000000, 0.000000000000000000 ) ) ;
#1885 = PRODUCT_RELATED_PRODUCT_CATEGORY ( 'detail', '', ( #2685 ) ) ;
#1886 = DIRECTION ( 'NONE',  ( -1.000000000000000000, 0.000000000000000000, 0.000000000000000000 ) ) ;
#1887 = ORIENTED_EDGE ( 'NONE', *, *, #1659, .F. ) ;
#1888 = DIRECTION ( 'NONE',  ( 0.000000000000000000, 0.000000000000000000, 1.000000000000000000 ) ) ;
#1889 = ORIENTED_EDGE ( 'NONE', *, *, #1280, .T. ) ;
#1890 = VECTOR ( 'NONE', #722, 1000.000000000000000 ) ;
#1891 = EDGE_CURVE ( 'NONE', #1288, #3492, #3028, .T. ) ;
#1892 = CARTESIAN_POINT ( 'NONE',  ( -49.78552197104399824, 115.5855275489900151, 1.000000000000000000 ) ) ;
#1893 = CARTESIAN_POINT ( 'NONE',  ( -46.78552197104399824, 115.5855275489900151, -1.350050801712995741 ) ) ;
#1894 = VERTEX_POINT ( 'NONE', #3275 ) ;
#1895 = ORIENTED_EDGE ( 'NONE', *, *, #5, .T. ) ;
#1896 = VECTOR ( 'NONE', #626, 1000.000000000000000 ) ;
#1897 = DIRECTION ( 'NONE',  ( 0.000000000000000000, 0.000000000000000000, -1.000000000000000000 ) ) ;
#1898 = DIRECTION ( 'NONE',  ( 0.000000000000000000, -1.000000000000000000, 0.000000000000000000 ) ) ;
#1899 = UNCERTAINTY_MEASURE_WITH_UNIT (LENGTH_MEASURE( 1.000000000000000082E-05 ), #2346, 'distance_accuracy_value', 'NONE');
#1900 = VECTOR ( 'NONE', #787, 1000.000000000000000 ) ;
#1901 = EDGE_LOOP ( 'NONE', ( #1385, #29, #1709, #3689 ) ) ;
#1902 = ADVANCED_FACE ( 'NONE', ( #3592 ), #2003, .F. ) ;
#1903 = DIRECTION ( 'NONE',  ( -1.000000000000000000, 0.000000000000000000, -0.000000000000000000 ) ) ;
#1904 = AXIS2_PLACEMENT_3D ( 'NONE', #1102, #1438, #3237 ) ;
#1905 = PLANE ( 'NONE',  #3219 ) ;
#1906 = CARTESIAN_POINT ( 'NONE',  ( -108.7517447003779694, 101.5747574295149889, 3.000000000000000000 ) ) ;
#1907 = ORIENTED_EDGE ( 'NONE', *, *, #3172, .T. ) ;
#1908 = CARTESIAN_POINT ( 'NONE',  ( -85.33388084055398792, 109.1873250874420052, 2.000000000000000000 ) ) ;
#1909 = ORIENTED_EDGE ( 'NONE', *, *, #3831, .T. ) ;
#1910 = CIRCLE ( 'NONE', #3357, 1.000000000000000000 ) ;
#1911 = DIRECTION ( 'NONE',  ( -0.000000000000000000, -0.000000000000000000, -1.000000000000000000 ) ) ;
#1912 = DIRECTION ( 'NONE',  ( -0.000000000000000000, 1.000000000000000000, -0.000000000000000000 ) ) ;
#1913 = ADVANCED_FACE ( 'NONE', ( #950 ), #2143, .F. ) ;
#1914 = ORIENTED_EDGE ( 'NONE', *, *, #1445, .F. ) ;
#1915 = VERTEX_POINT ( 'NONE', #2302 ) ;
#1916 = EDGE_CURVE ( 'NONE', #1618, #220, #3008, .T. ) ;
#1917 = CARTESIAN_POINT ( 'NONE',  ( -21.25174470037796581, 28.37475742951500024, 2.500000000000000444 ) ) ;
#1918 = CARTESIAN_POINT ( 'NONE',  ( -51.62510033020100053, 115.5855275489900151, 3.000000000000000000 ) ) ;
#1919 = VECTOR ( 'NONE', #2386, 1000.000000000000000 ) ;
#1920 = ORIENTED_EDGE ( 'NONE', *, *, #2679, .F. ) ;
#1921 = DIRECTION ( 'NONE',  ( 1.000000000000000000, 0.000000000000000000, 0.000000000000000000 ) ) ;
#1922 = EDGE_CURVE ( 'NONE', #1936, #305, #328, .T. ) ;
#1923 = EDGE_CURVE ( 'NONE', #3747, #3348, #807, .T. ) ;
#1924 = DIRECTION ( 'NONE',  ( -0.000000000000000000, 1.000000000000000000, -0.000000000000000000 ) ) ;
#1925 = FACE_OUTER_BOUND ( 'NONE', #2751, .T. ) ;
#1926 = AXIS2_PLACEMENT_3D ( 'NONE', #1938, #3812, #1954 ) ;
#1927 = ORIENTED_EDGE ( 'NONE', *, *, #534, .F. ) ;
#1928 = DIRECTION ( 'NONE',  ( 0.000000000000000000, 0.000000000000000000, 1.000000000000000000 ) ) ;
#1929 = VECTOR ( 'NONE', #3554, 1000.000000000000000 ) ;
#1930 = ORIENTED_EDGE ( 'NONE', *, *, #255, .F. ) ;
#1931 = DIRECTION ( 'NONE',  ( -0.000000000000000000, 1.000000000000000000, -0.000000000000000000 ) ) ;
#1932 = CARTESIAN_POINT ( 'NONE',  ( -114.3745315356200081, 103.5747574295150031, 2.500000000000000000 ) ) ;
#1933 = ADVANCED_FACE ( 'NONE', ( #2592 ), #2734, .F. ) ;
#1934 = AXIS2_PLACEMENT_3D ( 'NONE', #3643, #85, #2206 ) ;
#1935 = DIRECTION ( 'NONE',  ( 0.000000000000000000, 0.000000000000000000, 1.000000000000000000 ) ) ;
#1936 = VERTEX_POINT ( 'NONE', #3493 ) ;
#1937 = DIRECTION ( 'NONE',  ( 0.000000000000000000, -1.000000000000000000, 0.000000000000000000 ) ) ;
#1938 = CARTESIAN_POINT ( 'NONE',  ( -46.78552197104399824, 113.5855275489900151, 0.9999999999999997780 ) ) ;
#1939 = ORIENTED_EDGE ( 'NONE', *, *, #2043, .F. ) ;
#1940 = VECTOR ( 'NONE', #2986, 1000.000000000000000 ) ;
#1941 = DIRECTION ( 'NONE',  ( 0.000000000000000000, -0.000000000000000000, -1.000000000000000000 ) ) ;
#1942 = LINE ( 'NONE', #2545, #2983 ) ;
#1943 = ADVANCED_FACE ( 'NONE', ( #3197 ), #516, .T. ) ;
#1944 = CARTESIAN_POINT ( 'NONE',  ( -114.8745315356199939, 116.5855275489900151, -14.00000000000000000 ) ) ;
#1945 = ORIENTED_EDGE ( 'NONE', *, *, #2443, .F. ) ;
#1946 = FACE_OUTER_BOUND ( 'NONE', #2281, .T. ) ;
#1947 = ORIENTED_EDGE ( 'NONE', *, *, #1821, .F. ) ;
#1948 = EDGE_CURVE ( 'NONE', #612, #3632, #2968, .T. ) ;
#1949 = FACE_OUTER_BOUND ( 'NONE', #1879, .T. ) ;
#1950 = DIRECTION ( 'NONE',  ( 0.000000000000000000, 0.000000000000000000, -1.000000000000000000 ) ) ;
#1951 = FACE_OUTER_BOUND ( 'NONE', #139, .T. ) ;
#1952 = ORIENTED_EDGE ( 'NONE', *, *, #422, .T. ) ;
#1953 = DIRECTION ( 'NONE',  ( 0.000000000000000000, 0.000000000000000000, -1.000000000000000000 ) ) ;
#1954 = DIRECTION ( 'NONE',  ( 1.000000000000000000, 0.000000000000000000, -0.000000000000000000 ) ) ;
#1955 = ORIENTED_EDGE ( 'NONE', *, *, #80, .T. ) ;
#1956 = ADVANCED_FACE ( 'NONE', ( #2401 ), #41, .T. ) ;
#1957 = DIRECTION ( 'NONE',  ( -0.000000000000000000, -0.000000000000000000, -1.000000000000000000 ) ) ;
#1958 = LINE ( 'NONE', #1068, #1289 ) ;
#1959 = VERTEX_POINT ( 'NONE', #927 ) ;
#1960 = VECTOR ( 'NONE', #3585, 1000.000000000000000 ) ;
#1961 = VECTOR ( 'NONE', #638, 1000.000000000000000 ) ;
#1962 = CARTESIAN_POINT ( 'NONE',  ( -21.75174470037798002, 35.57475742951499598, -14.00099999999999945 ) ) ;
#1963 = ORIENTED_EDGE ( 'NONE', *, *, #910, .F. ) ;
#1964 = LINE ( 'NONE', #802, #2533 ) ;
#1965 = LINE ( 'NONE', #191, #2340 ) ;
#1966 = DIRECTION ( 'NONE',  ( -1.000000000000000000, -0.000000000000000000, -0.000000000000000000 ) ) ;
#1967 =( NAMED_UNIT ( * ) PLANE_ANGLE_UNIT ( ) SI_UNIT ( $, .RADIAN. ) );
#1968 = DIRECTION ( 'NONE',  ( 0.000000000000000000, -1.000000000000000000, 0.000000000000000000 ) ) ;
#1969 = ORIENTED_EDGE ( 'NONE', *, *, #3819, .F. ) ;
#1970 = AXIS2_PLACEMENT_3D ( 'NONE', #3326, #1854, #2758 ) ;
#1971 = DIRECTION ( 'NONE',  ( -0.000000000000000000, 1.000000000000000000, -0.000000000000000000 ) ) ;
#1972 = DIRECTION ( 'NONE',  ( 0.000000000000000000, -1.000000000000000000, 0.000000000000000000 ) ) ;
#1973 = EDGE_CURVE ( 'NONE', #1162, #2403, #619, .T. ) ;
#1974 = ORIENTED_EDGE ( 'NONE', *, *, #1400, .T. ) ;
#1975 = AXIS2_PLACEMENT_3D ( 'NONE', #2376, #507, #2035 ) ;
#1976 = PLANE ( 'NONE',  #1502 ) ;
#1977 = AXIS2_PLACEMENT_3D ( 'NONE', #2950, #3528, #912 ) ;
#1978 = DIRECTION ( 'NONE',  ( -1.000000000000000000, 0.000000000000000000, -0.000000000000000000 ) ) ;
#1979 = EDGE_CURVE ( 'NONE', #2859, #2613, #58, .T. ) ;
#1980 = ORIENTED_EDGE ( 'NONE', *, *, #3426, .F. ) ;
#1981 = CARTESIAN_POINT ( 'NONE',  ( -21.75174470037798002, 35.57475742951498887, 1.399999999999999911 ) ) ;
#1982 = VECTOR ( 'NONE', #1485, 1000.000000000000000 ) ;
#1983 = ORIENTED_EDGE ( 'NONE', *, *, #3026, .T. ) ;
#1984 = CARTESIAN_POINT ( 'NONE',  ( -47.28552197104399824, 115.5855275489900151, 0.9999999999999997780 ) ) ;
#1985 = ORIENTED_EDGE ( 'NONE', *, *, #2733, .T. ) ;
#1986 = CIRCLE ( 'NONE', #311, 5.250000000000004441 ) ;
#1987 = CARTESIAN_POINT ( 'NONE',  ( -24.75174470037796581, 32.37475742951500735, -13.00000000000000178 ) ) ;
#1988 = CARTESIAN_POINT ( 'NONE',  ( -23.25174470037798358, 101.5747574295149889, 2.500000000000000000 ) ) ;
#1989 = PERSON_AND_ORGANIZATION ( #3258, #3144 ) ;
#1990 = DIRECTION ( 'NONE',  ( -5.551115123125748781E-15, 1.000000000000000000, 0.000000000000000000 ) ) ;
#1991 = EDGE_LOOP ( 'NONE', ( #451, #3091, #2799, #3107 ) ) ;
#1992 = LINE ( 'NONE', #721, #478 ) ;
#1993 = LINE ( 'NONE', #2558, #3304 ) ;
#1994 = CARTESIAN_POINT ( 'NONE',  ( -114.3745315356199939, 29.37475742951500024, -7.000000000000000888 ) ) ;
#1995 = LINE ( 'NONE', #1718, #3156 ) ;
#1996 = ORIENTED_EDGE ( 'NONE', *, *, #2808, .T. ) ;
#1997 = EDGE_LOOP ( 'NONE', ( #1258, #3180, #2474, #2306 ) ) ;
#1998 = CARTESIAN_POINT ( 'NONE',  ( -21.75174470037798002, 115.5855275489900151, 0.000000000000000000 ) ) ;
#1999 = VECTOR ( 'NONE', #3303, 1000.000000000000000 ) ;
#2000 = EDGE_LOOP ( 'NONE', ( #3155, #3187, #683, #2124 ) ) ;
#2001 = ORIENTED_EDGE ( 'NONE', *, *, #2230, .T. ) ;
#2002 = EDGE_LOOP ( 'NONE', ( #3604, #1218, #2883, #1952 ) ) ;
#2003 = PLANE ( 'NONE',  #835 ) ;
#2004 = DIRECTION ( 'NONE',  ( -0.000000000000000000, -0.000000000000000000, -1.000000000000000000 ) ) ;
#2005 = APPROVAL_DATE_TIME ( #2023, #3271 ) ;
#2006 = EDGE_CURVE ( 'NONE', #1579, #659, #366, .T. ) ;
#2007 = ORIENTED_EDGE ( 'NONE', *, *, #2600, .F. ) ;
#2008 = LINE ( 'NONE', #588, #173 ) ;
#2009 = PLANE ( 'NONE',  #2611 ) ;
#2010 = DIRECTION ( 'NONE',  ( -1.000000000000000000, 0.000000000000000000, -0.000000000000000000 ) ) ;
#2011 = CARTESIAN_POINT ( 'NONE',  ( -35.22237728473499629, 110.3983947167885020, 1.000000000000000000 ) ) ;
#2012 = ORIENTED_EDGE ( 'NONE', *, *, #147, .F. ) ;
#2013 = EDGE_LOOP ( 'NONE', ( #510, #186, #640, #2531 ) ) ;
#2014 = LINE ( 'NONE', #1721, #1014 ) ;
#2015 = ORIENTED_EDGE ( 'NONE', *, *, #597, .T. ) ;
#2016 = VECTOR ( 'NONE', #1631, 1000.000000000000114 ) ;
#2017 = DIRECTION ( 'NONE',  ( 1.000000000000000000, 0.000000000000000000, 0.000000000000000000 ) ) ;
#2018 = AXIS2_PLACEMENT_3D ( 'NONE', #1496, #1473, #3570 ) ;
#2019 = ORIENTED_EDGE ( 'NONE', *, *, #3753, .T. ) ;
#2020 = ORIENTED_EDGE ( 'NONE', *, *, #3411, .F. ) ;
#2021 = CARTESIAN_POINT ( 'NONE',  ( -46.78552197104399113, 115.5855275489900151, 2.000000000000000000 ) ) ;
#2022 = PLANE ( 'NONE',  #193 ) ;
#2023 = DATE_AND_TIME ( #810, #97 ) ;
#2024 = EDGE_CURVE ( 'NONE', #1793, #117, #1842, .T. ) ;
#2025 = ADVANCED_FACE ( 'NONE', ( #2089 ), #3220, .F. ) ;
#2026 = DIRECTION ( 'NONE',  ( 0.000000000000000000, 1.000000000000000000, 0.000000000000000000 ) ) ;
#2027 = ORIENTED_EDGE ( 'NONE', *, *, #990, .F. ) ;
#2028 = DIRECTION ( 'NONE',  ( 1.000000000000000000, -0.000000000000000000, -0.000000000000000000 ) ) ;
#2029 = DIRECTION ( 'NONE',  ( 0.000000000000000000, 0.000000000000000000, -1.000000000000000000 ) ) ;
#2030 = AXIS2_PLACEMENT_3D ( 'NONE', #3650, #1001, #3375 ) ;
#2031 = CARTESIAN_POINT ( 'NONE',  ( 0.000000000000000000, 0.000000000000000000, -1.600000000000000755 ) ) ;
#2032 = VERTEX_POINT ( 'NONE', #1188 ) ;
#2033 = DIRECTION ( 'NONE',  ( -0.000000000000000000, -0.000000000000000000, 1.000000000000000000 ) ) ;
#2034 = VECTOR ( 'NONE', #1246, 1000.000000000000000 ) ;
#2035 = DIRECTION ( 'NONE',  ( 0.000000000000000000, 0.000000000000000000, -1.000000000000000000 ) ) ;
#2036 = VERTEX_POINT ( 'NONE', #3512 ) ;
#2037 = FACE_OUTER_BOUND ( 'NONE', #2224, .T. ) ;
#2038 = EDGE_CURVE ( 'NONE', #409, #2369, #1732, .T. ) ;
#2039 = EDGE_CURVE ( 'NONE', #3131, #2506, #2410, .T. ) ;
#2040 = ADVANCED_FACE ( 'NONE', ( #1775 ), #3306, .F. ) ;
#2041 = CARTESIAN_POINT ( 'NONE',  ( -114.3745315356199939, 29.37475742951500024, -14.00000000000000000 ) ) ;
#2042 = AXIS2_PLACEMENT_3D ( 'NONE', #162, #738, #463 ) ;
#2043 = EDGE_CURVE ( 'NONE', #225, #1470, #294, .T. ) ;
#2044 = ORIENTED_EDGE ( 'NONE', *, *, #1628, .F. ) ;
#2045 = EDGE_LOOP ( 'NONE', ( #1184, #1304, #2655, #153 ) ) ;
#2046 = DIRECTION ( 'NONE',  ( -0.000000000000000000, -0.000000000000000000, 1.000000000000000000 ) ) ;
#2047 = CARTESIAN_POINT ( 'NONE',  ( -52.02510033020099911, 115.5855275489900151, 1.999999999999998224 ) ) ;
#2048 = CARTESIAN_POINT ( 'NONE',  ( -111.3745315356199796, 29.87475742951500024, -1.600000000000000755 ) ) ;
#2049 = VERTEX_POINT ( 'NONE', #3852 ) ;
#2050 = CC_DESIGN_PERSON_AND_ORGANIZATION_ASSIGNMENT ( #3826, #1730, ( #39 ) ) ;
#2051 = CARTESIAN_POINT ( 'NONE',  ( -24.75174470037796581, 32.37475742951500735, -13.00000000000000178 ) ) ;
#2052 = FACE_OUTER_BOUND ( 'NONE', #3466, .T. ) ;
#2053 = VERTEX_POINT ( 'NONE', #2390 ) ;
#2054 = DIRECTION ( 'NONE',  ( 0.000000000000000000, 1.000000000000000000, 0.000000000000000000 ) ) ;
#2055 = CARTESIAN_POINT ( 'NONE',  ( -47.28552197104399113, 115.5855275489900151, -14.00000000000000000 ) ) ;
#2056 = DIRECTION ( 'NONE',  ( -2.185478394931410575E-16, 1.000000000000000000, 0.000000000000000000 ) ) ;
#2057 = ORIENTED_EDGE ( 'NONE', *, *, #1280, .F. ) ;
#2058 = DIRECTION ( 'NONE',  ( 0.000000000000000000, 0.000000000000000000, -1.000000000000000000 ) ) ;
#2059 = VECTOR ( 'NONE', #1957, 1000.000000000000000 ) ;
#2060 = CARTESIAN_POINT ( 'NONE',  ( -50.62510033020100053, 110.7252222504450003, 3.000000000000000000 ) ) ;
#2061 = AXIS2_PLACEMENT_3D ( 'NONE', #735, #1062, #447 ) ;
#2062 = VERTEX_POINT ( 'NONE', #6 ) ;
#2063 = VECTOR ( 'NONE', #1175, 1000.000000000000000 ) ;
#2064 = EDGE_LOOP ( 'NONE', ( #2423, #1980, #570, #240 ) ) ;
#2065 = CARTESIAN_POINT ( 'NONE',  ( -111.3745315356199939, 112.5855275489900151, -13.00000000000000178 ) ) ;
#2066 = CARTESIAN_POINT ( 'NONE',  ( -52.02510033020099911, 112.6745811194067812, 1.999999999999998224 ) ) ;
#2067 = ADVANCED_FACE ( 'NONE', ( #833 ), #155, .T. ) ;
#2068 = DIRECTION ( 'NONE',  ( -1.000000000000000000, 0.000000000000000000, 0.000000000000000000 ) ) ;
#2069 = ORIENTED_EDGE ( 'NONE', *, *, #2839, .F. ) ;
#2070 = CYLINDRICAL_SURFACE ( 'NONE', #2918, 1.000000000000000000 ) ;
#2071 = DIRECTION ( 'NONE',  ( -0.000000000000000000, -1.000000000000000000, -0.000000000000000000 ) ) ;
#2072 = ADVANCED_FACE ( 'NONE', ( #3827 ), #3283, .T. ) ;
#2073 = ORIENTED_EDGE ( 'NONE', *, *, #113, .F. ) ;
#2074 = LINE ( 'NONE', #3268, #1403 ) ;
#2075 = PLANE ( 'NONE',  #2562 ) ;
#2076 = CARTESIAN_POINT ( 'NONE',  ( -22.25174470037796937, 115.0855275489900293, -7.000000000000000888 ) ) ;
#2077 = ORIENTED_EDGE ( 'NONE', *, *, #3427, .T. ) ;
#2078 = EDGE_CURVE ( 'NONE', #1362, #1288, #3556, .T. ) ;
#2079 = LINE ( 'NONE', #2142, #3749 ) ;
#2080 = CARTESIAN_POINT ( 'NONE',  ( -46.78552197104399113, 106.5149212680012170, 2.000000000000000000 ) ) ;
#2081 = FACE_OUTER_BOUND ( 'NONE', #3732, .T. ) ;
#2082 = ORIENTED_EDGE ( 'NONE', *, *, #80, .F. ) ;
#2083 = VECTOR ( 'NONE', #2899, 1000.000000000000000 ) ;
#2084 = EDGE_CURVE ( 'NONE', #3540, #2403, #2637, .T. ) ;
#2085 = ORIENTED_EDGE ( 'NONE', *, *, #3007, .F. ) ;
#2086 = CARTESIAN_POINT ( 'NONE',  ( -49.78552197104399824, 115.5855275489900151, -1.350050801712995741 ) ) ;
#2087 = DIRECTION ( 'NONE',  ( 0.000000000000000000, 1.000000000000000000, -0.000000000000000000 ) ) ;
#2088 = PRODUCT_DEFINITION_SHAPE ( 'NONE', 'NONE',  #2754 ) ;
#2089 = FACE_OUTER_BOUND ( 'NONE', #1477, .T. ) ;
#2090 = VERTEX_POINT ( 'NONE', #2347 ) ;
#2091 = VECTOR ( 'NONE', #2625, 1000.000000000000000 ) ;
#2092 = LINE ( 'NONE', #1107, #2295 ) ;
#2093 = CARTESIAN_POINT ( 'NONE',  ( -115.3745315356199939, 102.3270104140210037, -6.200050813682007167 ) ) ;
#2094 = VERTEX_POINT ( 'NONE', #854 ) ;
#2095 = EDGE_LOOP ( 'NONE', ( #2701, #48, #3553, #719 ) ) ;
#2096 = EDGE_CURVE ( 'NONE', #1444, #3776, #874, .T. ) ;
#2097 = EDGE_CURVE ( 'NONE', #2201, #3335, #3032, .T. ) ;
#2098 = FACE_OUTER_BOUND ( 'NONE', #2176, .T. ) ;
#2099 = CARTESIAN_POINT ( 'NONE',  ( -89.21277634402586898, 103.5747574295150031, 0.000000000000000000 ) ) ;
#2100 = CARTESIAN_POINT ( 'NONE',  ( -114.3745315356199939, 92.38701041402200076, -4.200050813682005391 ) ) ;
#2101 = EDGE_LOOP ( 'NONE', ( #1662, #73, #3662, #1117 ) ) ;
#2102 = CIRCLE ( 'NONE', #728, 5.250000000000004441 ) ;
#2103 = CARTESIAN_POINT ( 'NONE',  ( -42.56818897637700161, 114.8983947167885020, 1.000000000000000000 ) ) ;
#2104 = VECTOR ( 'NONE', #3100, 1000.000000000000000 ) ;
#2105 = EDGE_CURVE ( 'NONE', #2842, #1804, #3263, .T. ) ;
#2106 = CARTESIAN_POINT ( 'NONE',  ( -114.3745315356199939, 102.3270104140210037, -1.000050813682005213 ) ) ;
#2107 = CARTESIAN_POINT ( 'NONE',  ( -111.3745315356199939, 32.37475742951500735, -1.600000000000000755 ) ) ;
#2108 = ORIENTED_EDGE ( 'NONE', *, *, #3189, .T. ) ;
#2109 = ORIENTED_EDGE ( 'NONE', *, *, #1578, .T. ) ;
#2110 = DIRECTION ( 'NONE',  ( 0.000000000000000000, -1.000000000000000000, 0.000000000000000000 ) ) ;
#2111 = CARTESIAN_POINT ( 'NONE',  ( -49.22510033020100195, 115.5855275489900151, 2.000000000000000000 ) ) ;
#2112 = VECTOR ( 'NONE', #2110, 1000.000000000000000 ) ;
#2113 = CARTESIAN_POINT ( 'NONE',  ( -24.75174470037796581, 29.87475742951499313, -1.600000000000000755 ) ) ;
#2114 = ORIENTED_EDGE ( 'NONE', *, *, #932, .T. ) ;
#2115 = FACE_OUTER_BOUND ( 'NONE', #2527, .T. ) ;
#2116 = CARTESIAN_POINT ( 'NONE',  ( -115.3745315356199939, 28.87475742951500735, 2.500000000000000444 ) ) ;
#2117 = EDGE_CURVE ( 'NONE', #1936, #3797, #586, .T. ) ;
#2118 = EDGE_LOOP ( 'NONE', ( #3804, #514, #2638, #1069 ) ) ;
#2119 = VECTOR ( 'NONE', #1463, 1000.000000000000000 ) ;
#2120 = ORIENTED_EDGE ( 'NONE', *, *, #1756, .T. ) ;
#2121 = DIRECTION ( 'NONE',  ( -0.000000000000000000, -0.000000000000000000, -1.000000000000000000 ) ) ;
#2122 = LINE ( 'NONE', #1490, #2494 ) ;
#2123 = VECTOR ( 'NONE', #2355, 1000.000000000000000 ) ;
#2124 = ORIENTED_EDGE ( 'NONE', *, *, #3168, .F. ) ;
#2125 = AXIS2_PLACEMENT_3D ( 'NONE', #2847, #175, #3769 ) ;
#2126 = DIRECTION ( 'NONE',  ( 0.000000000000000000, -1.000000000000000000, -0.000000000000000000 ) ) ;
#2127 = CIRCLE ( 'NONE', #245, 2.500000000000002220 ) ;
#2128 = CARTESIAN_POINT ( 'NONE',  ( -21.25174470037796581, 28.37475742951500024, -14.00000000000000000 ) ) ;
#2129 = CARTESIAN_POINT ( 'NONE',  ( -111.3745315356199939, 115.0855275489900293, -1.600000000000000755 ) ) ;
#2130 = EDGE_LOOP ( 'NONE', ( #2985, #3809, #3094, #1810 ) ) ;
#2131 = CARTESIAN_POINT ( 'NONE',  ( -51.62510033020100053, 115.5855275489900151, 2.000000000000000000 ) ) ;
#2132 = CIRCLE ( 'NONE', #440, 2.000000000000000000 ) ;
#2133 = CARTESIAN_POINT ( 'NONE',  ( -52.02510033020099911, 115.5855275489900151, -14.00000000000000178 ) ) ;
#2134 = ORIENTED_EDGE ( 'NONE', *, *, #8, .F. ) ;
#2135 = DIRECTION ( 'NONE',  ( 0.000000000000000000, -1.000000000000000000, 0.000000000000000000 ) ) ;
#2136 = DIRECTION ( 'NONE',  ( 0.000000000000000000, 0.000000000000000000, 1.000000000000000000 ) ) ;
#2137 = ORIENTED_EDGE ( 'NONE', *, *, #1527, .F. ) ;
#2138 = ORIENTED_EDGE ( 'NONE', *, *, #1160, .F. ) ;
#2139 = DIRECTION ( 'NONE',  ( -1.000000000000000000, -4.163336342344321249E-15, 0.000000000000000000 ) ) ;
#2140 = LINE ( 'NONE', #3291, #2450 ) ;
#2141 = EDGE_LOOP ( 'NONE', ( #1690, #1722, #1007, #3661 ) ) ;
#2142 = CARTESIAN_POINT ( 'NONE',  ( -46.78552197104399824, 115.5855275489900151, 0.9999999999999997780 ) ) ;
#2143 = PLANE ( 'NONE',  #3034 ) ;
#2144 = CARTESIAN_POINT ( 'NONE',  ( -114.3745315356200081, 103.5747574295150031, 0.000000000000000000 ) ) ;
#2145 = EDGE_CURVE ( 'NONE', #3016, #2049, #1798, .T. ) ;
#2146 = EDGE_LOOP ( 'NONE', ( #952, #731, #199, #3384 ) ) ;
#2147 = CARTESIAN_POINT ( 'NONE',  ( -21.75174470037798002, 29.37475742951500735, -14.00000000000000000 ) ) ;
#2148 = DIRECTION ( 'NONE',  ( -0.000000000000000000, -0.000000000000000000, 1.000000000000000000 ) ) ;
#2149 = ORIENTED_EDGE ( 'NONE', *, *, #968, .T. ) ;
#2150 = DIRECTION ( 'NONE',  ( 1.000000000000000000, 0.000000000000000000, 0.000000000000000000 ) ) ;
#2151 = CARTESIAN_POINT ( 'NONE',  ( -48.28552197104399824, 116.5855275489900151, -3.350050801712995074 ) ) ;
#2152 = EDGE_CURVE ( 'NONE', #2049, #3192, #2700, .T. ) ;
#2153 = AXIS2_PLACEMENT_3D ( 'NONE', #3843, #1386, #1138 ) ;
#2154 = ADVANCED_FACE ( 'NONE', ( #3015 ), #1418, .T. ) ;
#2155 = LOCAL_TIME ( 20, 44, 46.00000000000000000, #1694 ) ;
#2156 = VECTOR ( 'NONE', #3658, 1000.000000000000000 ) ;
#2157 = ORIENTED_EDGE ( 'NONE', *, *, #3080, .F. ) ;
#2158 = ORIENTED_EDGE ( 'NONE', *, *, #251, .F. ) ;
#2159 = CARTESIAN_POINT ( 'NONE',  ( -49.28552197104399824, 116.5855275489900151, -1.617999994144117881 ) ) ;
#2160 = FACE_OUTER_BOUND ( 'NONE', #405, .T. ) ;
#2161 = VERTEX_POINT ( 'NONE', #1611 ) ;
#2162 = DIRECTION ( 'NONE',  ( 0.000000000000000000, 0.000000000000000000, 1.000000000000000000 ) ) ;
#2163 = PLANE ( 'NONE',  #3470 ) ;
#2164 = VECTOR ( 'NONE', #2891, 1000.000000000000000 ) ;
#2165 = ADVANCED_FACE ( 'NONE', ( #334 ), #642, .T. ) ;
#2166 = VECTOR ( 'NONE', #3490, 1000.000000000000000 ) ;
#2167 = ADVANCED_FACE ( 'NONE', ( #1547 ), #211, .T. ) ;
#2168 = ORIENTED_EDGE ( 'NONE', *, *, #279, .T. ) ;
#2169 = LINE ( 'NONE', #3674, #1598 ) ;
#2170 = VECTOR ( 'NONE', #2822, 1000.000000000000000 ) ;
#2171 = EDGE_CURVE ( 'NONE', #2470, #1817, #3640, .T. ) ;
#2172 = ORIENTED_EDGE ( 'NONE', *, *, #2729, .F. ) ;
#2173 = CARTESIAN_POINT ( 'NONE',  ( -46.78552197104399113, 115.5855275489900151, -14.00000000000000000 ) ) ;
#2174 = CARTESIAN_POINT ( 'NONE',  ( -50.62510033020100053, 110.7252222504450003, -14.00000000000000178 ) ) ;
#2175 = AXIS2_PLACEMENT_3D ( 'NONE', #684, #2178, #88 ) ;
#2176 = EDGE_LOOP ( 'NONE', ( #3351, #1939, #3150, #114 ) ) ;
#2177 = ORIENTED_EDGE ( 'NONE', *, *, #2145, .T. ) ;
#2178 = DIRECTION ( 'NONE',  ( -0.000000000000000000, -0.000000000000000000, -1.000000000000000000 ) ) ;
#2179 = LINE ( 'NONE', #671, #95 ) ;
#2180 = ORIENTED_EDGE ( 'NONE', *, *, #535, .T. ) ;
#2181 = CARTESIAN_POINT ( 'NONE',  ( -53.02510033020099911, 110.7252222504450003, -14.00000000000000178 ) ) ;
#2182 = CARTESIAN_POINT ( 'NONE',  ( -114.8745315356199939, 28.87475742951500735, 3.000000000000000000 ) ) ;
#2183 = EDGE_CURVE ( 'NONE', #1298, #103, #3098, .T. ) ;
#2184 = ORIENTED_EDGE ( 'NONE', *, *, #1859, .F. ) ;
#2185 = DIRECTION ( 'NONE',  ( -0.000000000000000000, 1.000000000000000000, -0.000000000000000000 ) ) ;
#2186 = VERTEX_POINT ( 'NONE', #47 ) ;
#2187 = DIRECTION ( 'NONE',  ( 0.000000000000000000, 0.000000000000000000, -1.000000000000000000 ) ) ;
#2188 = LINE ( 'NONE', #2430, #3314 ) ;
#2189 = CIRCLE ( 'NONE', #3810, 2.000000000000008882 ) ;
#2190 = EDGE_CURVE ( 'NONE', #1419, #1652, #1032, .T. ) ;
#2191 = ORIENTED_EDGE ( 'NONE', *, *, #977, .T. ) ;
#2192 = VECTOR ( 'NONE', #2972, 1000.000000000000000 ) ;
#2193 = ORIENTED_EDGE ( 'NONE', *, *, #1115, .T. ) ;
#2194 = CARTESIAN_POINT ( 'NONE',  ( -93.45498533708212108, 103.5747574295150031, 2.000000000000000000 ) ) ;
#2195 = DIRECTION ( 'NONE',  ( 1.000000000000000000, 0.000000000000000000, 0.000000000000000000 ) ) ;
#2196 = ORIENTED_EDGE ( 'NONE', *, *, #720, .T. ) ;
#2197 = FACE_OUTER_BOUND ( 'NONE', #3572, .T. ) ;
#2198 = ADVANCED_FACE ( 'NONE', ( #1925 ), #439, .F. ) ;
#2199 = LINE ( 'NONE', #2422, #3854 ) ;
#2200 = EDGE_CURVE ( 'NONE', #3042, #1387, #662, .T. ) ;
#2201 = VERTEX_POINT ( 'NONE', #3037 ) ;
#2202 = DIRECTION ( 'NONE',  ( -1.000000000000000000, 0.000000000000000000, 0.000000000000000000 ) ) ;
#2203 = ORIENTED_EDGE ( 'NONE', *, *, #3745, .T. ) ;
#2204 = EDGE_CURVE ( 'NONE', #2053, #1636, #2338, .T. ) ;
#2205 = CARTESIAN_POINT ( 'NONE',  ( -114.8745315356199939, 28.62475742951501090, 2.750000000000001776 ) ) ;
#2206 = DIRECTION ( 'NONE',  ( 0.000000000000000000, -0.000000000000000000, -1.000000000000000000 ) ) ;
#2207 = ORIENTED_EDGE ( 'NONE', *, *, #1520, .F. ) ;
#2208 = ADVANCED_FACE ( 'NONE', ( #2530 ), #2740, .T. ) ;
#2209 = ORIENTED_EDGE ( 'NONE', *, *, #1511, .T. ) ;
#2210 = EDGE_CURVE ( 'NONE', #3160, #3114, #2427, .T. ) ;
#2211 = VECTOR ( 'NONE', #2953, 1000.000000000000000 ) ;
#2212 = LINE ( 'NONE', #1917, #548 ) ;
#2213 = CARTESIAN_POINT ( 'NONE',  ( -104.8884403073035969, 58.25087118297059163, 0.000000000000000000 ) ) ;
#2214 = APPROVAL_PERSON_ORGANIZATION ( #2284, #1349, #500 ) ;
#2215 = VECTOR ( 'NONE', #2264, 1000.000000000000000 ) ;
#2216 = ORIENTED_EDGE ( 'NONE', *, *, #754, .F. ) ;
#2217 = CARTESIAN_POINT ( 'NONE',  ( -50.62510033020100053, 110.7252222504450003, 3.000000000000000000 ) ) ;
#2218 = EDGE_CURVE ( 'NONE', #2684, #2969, #937, .T. ) ;
#2219 = FACE_OUTER_BOUND ( 'NONE', #1720, .T. ) ;
#2220 = DIRECTION ( 'NONE',  ( 1.000000000000000000, -7.333216591886357273E-17, 0.000000000000000000 ) ) ;
#2221 = ADVANCED_FACE ( 'NONE', ( #63 ), #1651, .T. ) ;
#2222 = ORIENTED_EDGE ( 'NONE', *, *, #3547, .F. ) ;
#2223 = LINE ( 'NONE', #1331, #2477 ) ;
#2224 = EDGE_LOOP ( 'NONE', ( #1314, #1983, #2696, #1332 ) ) ;
#2225 = VECTOR ( 'NONE', #1593, 1000.000000000000000 ) ;
#2226 = CARTESIAN_POINT ( 'NONE',  ( -21.75174470037798002, 103.5747574295150031, 1.399999999999999911 ) ) ;
#2227 = LINE ( 'NONE', #517, #737 ) ;
#2228 = FACE_OUTER_BOUND ( 'NONE', #623, .T. ) ;
#2229 = VERTEX_POINT ( 'NONE', #132 ) ;
#2230 = EDGE_CURVE ( 'NONE', #515, #2327, #1313, .T. ) ;
#2231 = CARTESIAN_POINT ( 'NONE',  ( 0.000000000000000000, 0.000000000000000000, -1.600000000000000755 ) ) ;
#2232 = FACE_OUTER_BOUND ( 'NONE', #740, .T. ) ;
#2233 = VECTOR ( 'NONE', #340, 1000.000000000000000 ) ;
#2234 = ORIENTED_EDGE ( 'NONE', *, *, #3753, .F. ) ;
#2235 = VECTOR ( 'NONE', #449, 1000.000000000000000 ) ;
#2236 = DIRECTION ( 'NONE',  ( 1.000000000000000000, 0.000000000000000000, 0.000000000000000000 ) ) ;
#2237 = LINE ( 'NONE', #130, #2170 ) ;
#2238 = EDGE_CURVE ( 'NONE', #3460, #1817, #744, .T. ) ;
#2239 = CARTESIAN_POINT ( 'NONE',  ( -114.3745315356199939, 115.5855275489900151, -13.00000000000000178 ) ) ;
#2240 = CIRCLE ( 'NONE', #732, 1.000000000000000000 ) ;
#2241 = ORIENTED_EDGE ( 'NONE', *, *, #1127, .T. ) ;
#2242 = DIRECTION ( 'NONE',  ( 0.000000000000000000, 0.000000000000000000, 1.000000000000000000 ) ) ;
#2243 = AXIS2_PLACEMENT_3D ( 'NONE', #1254, #1858, #3056 ) ;
#2244 = VERTEX_POINT ( 'NONE', #1347 ) ;
#2245 = MANIFOLD_SOLID_BREP ( '凸台-拉伸7', #621 ) ;
#2246 = LINE ( 'NONE', #1333, #1214 ) ;
#2247 = LINE ( 'NONE', #1334, #559 ) ;
#2248 = VECTOR ( 'NONE', #3366, 1000.000000000000000 ) ;
#2249 = EDGE_CURVE ( 'NONE', #2403, #2342, #3746, .T. ) ;
#2250 = DIRECTION ( 'NONE',  ( -1.000000000000000000, 0.000000000000000000, 0.000000000000000000 ) ) ;
#2251 = EDGE_LOOP ( 'NONE', ( #1845, #503, #3443, #3045 ) ) ;
#2252 = LINE ( 'NONE', #1660, #3543 ) ;
#2253 = CARTESIAN_POINT ( 'NONE',  ( -46.78552197104399824, 113.5855275489900151, 0.9999999999999997780 ) ) ;
#2254 = VERTEX_POINT ( 'NONE', #3447 ) ;
#2255 = MANIFOLD_SOLID_BREP ( '切除-拉伸8', #3488 ) ;
#2256 = VECTOR ( 'NONE', #3742, 1000.000000000000000 ) ;
#2257 = FACE_BOUND ( 'NONE', #300, .T. ) ;
#2258 = DIRECTION ( 'NONE',  ( -0.000000000000000000, 1.000000000000000000, 0.000000000000000000 ) ) ;
#2259 = ORIENTED_EDGE ( 'NONE', *, *, #2797, .F. ) ;
#2260 = DIRECTION ( 'NONE',  ( 0.000000000000000000, -1.000000000000000000, 0.000000000000000000 ) ) ;
#2261 = ORIENTED_EDGE ( 'NONE', *, *, #1465, .T. ) ;
#2262 = CARTESIAN_POINT ( 'NONE',  ( -114.3745315356199939, 35.57475742951499598, -14.00099999999999945 ) ) ;
#2263 = EDGE_CURVE ( 'NONE', #1915, #1204, #761, .T. ) ;
#2264 = DIRECTION ( 'NONE',  ( 0.000000000000000000, 1.000000000000000000, 0.000000000000000000 ) ) ;
#2265 = CARTESIAN_POINT ( 'NONE',  ( 0.000000000000000000, 0.000000000000000000, -13.00000000000000178 ) ) ;
#2266 = PERSON_AND_ORGANIZATION ( #3258, #3144 ) ;
#2267 = CARTESIAN_POINT ( 'NONE',  ( -48.12510033020100053, 110.9353422606009900, -13.00000000000000178 ) ) ;
#2268 = VERTEX_POINT ( 'NONE', #3780 ) ;
#2269 = EDGE_CURVE ( 'NONE', #2049, #1607, #2014, .T. ) ;
#2270 = DIRECTION ( 'NONE',  ( -1.000000000000000000, 0.000000000000000000, 0.000000000000000000 ) ) ;
#2271 = LINE ( 'NONE', #1402, #2164 ) ;
#2272 = VERTEX_POINT ( 'NONE', #1667 ) ;
#2273 = DIRECTION ( 'NONE',  ( -0.000000000000000000, -0.000000000000000000, -1.000000000000000000 ) ) ;
#2274 = LINE ( 'NONE', #419, #1546 ) ;
#2275 = ORIENTED_EDGE ( 'NONE', *, *, #1787, .F. ) ;
#2276 = CC_DESIGN_APPROVAL ( #3147, ( #39 ) ) ;
#2277 = LINE ( 'NONE', #1981, #1875 ) ;
#2278 = ORIENTED_EDGE ( 'NONE', *, *, #2320, .T. ) ;
#2279 = CYLINDRICAL_SURFACE ( 'NONE', #3046, 5.250000000000004441 ) ;
#2280 = ADVANCED_FACE ( 'NONE', ( #2922, #1118 ), #242, .F. ) ;
#2281 = EDGE_LOOP ( 'NONE', ( #2085, #1930, #2296, #3846 ) ) ;
#2282 = CARTESIAN_POINT ( 'NONE',  ( -49.22510033020100195, 115.5855275489900151, 3.000000000000000000 ) ) ;
#2283 = DIRECTION ( 'NONE',  ( -1.000000000000000000, 0.000000000000000000, 0.000000000000000000 ) ) ;
#2284 = PERSON_AND_ORGANIZATION ( #3258, #3144 ) ;
#2285 = CARTESIAN_POINT ( 'NONE',  ( -21.25174470037796581, 28.37475742951500024, 2.500000000000000444 ) ) ;
#2286 = ORIENTED_EDGE ( 'NONE', *, *, #3080, .T. ) ;
#2287 = AXIS2_PLACEMENT_3D ( 'NONE', #42, #1886, #1835 ) ;
#2288 = LINE ( 'NONE', #3125, #303 ) ;
#2289 = LINE ( 'NONE', #1108, #2299 ) ;
#2290 = AXIS2_PLACEMENT_3D ( 'NONE', #94, #2476, #453 ) ;
#2291 = DIRECTION ( 'NONE',  ( 0.000000000000000000, 0.000000000000000000, 1.000000000000000000 ) ) ;
#2292 = CARTESIAN_POINT ( 'NONE',  ( -48.12510033020100053, 110.9353422606009900, -1.600000000000000755 ) ) ;
#2293 = VERTEX_POINT ( 'NONE', #2337 ) ;
#2294 = CARTESIAN_POINT ( 'NONE',  ( -20.75174470037796581, 116.5855275489900151, -14.00000000000000000 ) ) ;
#2295 = VECTOR ( 'NONE', #2936, 1000.000000000000000 ) ;
#2296 = ORIENTED_EDGE ( 'NONE', *, *, #3723, .T. ) ;
#2297 = FACE_OUTER_BOUND ( 'NONE', #348, .T. ) ;
#2298 = EDGE_CURVE ( 'NONE', #1510, #2877, #3798, .T. ) ;
#2299 = VECTOR ( 'NONE', #1378, 1000.000000000000000 ) ;
#2300 = ORIENTED_EDGE ( 'NONE', *, *, #418, .F. ) ;
#2301 = ORIENTED_EDGE ( 'NONE', *, *, #509, .F. ) ;
#2302 = CARTESIAN_POINT ( 'NONE',  ( -21.75174470037798002, 35.57475742951498887, 0.000000000000000000 ) ) ;
#2303 = CARTESIAN_POINT ( 'NONE',  ( -111.3745315356199939, 32.37475742951500735, -1.600000000000000755 ) ) ;
#2304 = APPROVAL_STATUS ( 'not_yet_approved' ) ;
#2305 = DIRECTION ( 'NONE',  ( -1.000000000000000000, 0.000000000000000000, 0.000000000000000000 ) ) ;
#2306 = ORIENTED_EDGE ( 'NONE', *, *, #1393, .T. ) ;
#2307 = EDGE_CURVE ( 'NONE', #1959, #3329, #3231, .T. ) ;
#2308 = CARTESIAN_POINT ( 'NONE',  ( -104.8884403073035969, 58.25087118297059163, 0.000000000000000000 ) ) ;
#2309 = PLANE ( 'NONE',  #1612 ) ;
#2310 = LINE ( 'NONE', #3482, #1749 ) ;
#2311 = DIRECTION ( 'NONE',  ( 0.000000000000000000, 0.000000000000000000, 1.000000000000000000 ) ) ;
#2312 = VECTOR ( 'NONE', #397, 1000.000000000000000 ) ;
#2313 = VERTEX_POINT ( 'NONE', #823 ) ;
#2314 = ORIENTED_EDGE ( 'NONE', *, *, #3030, .F. ) ;
#2315 = CARTESIAN_POINT ( 'NONE',  ( -115.3745315356199939, 116.5855275489900151, 2.500000000000000444 ) ) ;
#2316 = VECTOR ( 'NONE', #1501, 1000.000000000000000 ) ;
#2317 = ORIENTED_EDGE ( 'NONE', *, *, #2388, .F. ) ;
#2318 = ADVANCED_FACE ( 'NONE', ( #3191 ), #2648, .T. ) ;
#2319 = CARTESIAN_POINT ( 'NONE',  ( -50.62510033020100053, 110.7252222504450003, 1.999999999999998224 ) ) ;
#2320 = EDGE_CURVE ( 'NONE', #3380, #1915, #1157, .T. ) ;
#2321 = ORIENTED_EDGE ( 'NONE', *, *, #3064, .F. ) ;
#2322 = ORIENTED_EDGE ( 'NONE', *, *, #2465, .F. ) ;
#2323 = DIRECTION ( 'NONE',  ( 0.000000000000000000, 0.000000000000000000, -1.000000000000000000 ) ) ;
#2324 = DATE_AND_TIME ( #1126, #1076 ) ;
#2325 = ADVANCED_FACE ( 'NONE', ( #2860 ), #2629, .T. ) ;
#2326 = DIRECTION ( 'NONE',  ( 0.000000000000000000, -1.000000000000000000, -0.000000000000000000 ) ) ;
#2327 = VERTEX_POINT ( 'NONE', #2359 ) ;
#2328 = CARTESIAN_POINT ( 'NONE',  ( 0.000000000000000000, 0.000000000000000000, 0.000000000000000000 ) ) ;
#2329 = DIRECTION ( 'NONE',  ( -1.000000000000000000, 0.000000000000000000, 0.000000000000000000 ) ) ;
#2330 = EDGE_CURVE ( 'NONE', #884, #410, #3523, .T. ) ;
#2331 = EDGE_CURVE ( 'NONE', #931, #2268, #3151, .T. ) ;
#2332 = CARTESIAN_POINT ( 'NONE',  ( -89.21277634402586898, 103.5747574295150031, 2.000000000000000000 ) ) ;
#2333 = FACE_BOUND ( 'NONE', #3638, .T. ) ;
#2334 = PLANE ( 'NONE',  #1161 ) ;
#2335 = EDGE_LOOP ( 'NONE', ( #1794, #3256, #1454, #574 ) ) ;
#2336 = EDGE_CURVE ( 'NONE', #2514, #3679, #845, .T. ) ;
#2337 = CARTESIAN_POINT ( 'NONE',  ( -114.3745315356199939, 35.57475742951498887, 0.000000000000000000 ) ) ;
#2338 = CIRCLE ( 'NONE', #2404, 1.000000000000000000 ) ;
#2339 = CARTESIAN_POINT ( 'NONE',  ( -115.3745315356199939, 104.3270104140210037, -2.000050813682005213 ) ) ;
#2340 = VECTOR ( 'NONE', #1371, 1000.000000000000000 ) ;
#2341 = ADVANCED_FACE ( 'NONE', ( #2037 ), #1364, .F. ) ;
#2342 = VERTEX_POINT ( 'NONE', #2946 ) ;
#2343 = ORIENTED_EDGE ( 'NONE', *, *, #646, .T. ) ;
#2344 = FACE_OUTER_BOUND ( 'NONE', #1758, .T. ) ;
#2345 = CARTESIAN_POINT ( 'NONE',  ( -115.3745315356199939, 116.5855275489900151, -14.00000000000000000 ) ) ;
#2346 =( LENGTH_UNIT ( ) NAMED_UNIT ( * ) SI_UNIT ( .MILLI., .METRE. ) );
#2347 = CARTESIAN_POINT ( 'NONE',  ( -49.28552197104399824, 116.5855275489900151, 1.000000000000000000 ) ) ;
#2348 = ORIENTED_EDGE ( 'NONE', *, *, #1224, .T. ) ;
#2349 = CARTESIAN_POINT ( 'NONE',  ( -114.3745315356199939, 94.38701041402200076, -4.200050813682005391 ) ) ;
#2350 = CARTESIAN_POINT ( 'NONE',  ( -48.28552197104399824, 116.5855275489900151, -3.350050801712995074 ) ) ;
#2351 = VECTOR ( 'NONE', #2464, 1000.000000000000000 ) ;
#2352 = DIRECTION ( 'NONE',  ( 1.000000000000000000, 0.000000000000000000, -0.000000000000000000 ) ) ;
#2353 = ORIENTED_EDGE ( 'NONE', *, *, #1979, .F. ) ;
#2354 = LINE ( 'NONE', #2416, #2602 ) ;
#2355 = DIRECTION ( 'NONE',  ( 1.000000000000000000, -0.000000000000000000, -0.000000000000000000 ) ) ;
#2356 = AXIS2_PLACEMENT_3D ( 'NONE', #1492, #3503, #3521 ) ;
#2357 = CARTESIAN_POINT ( 'NONE',  ( -46.78552197104399113, 106.5149212680012170, 0.000000000000000000 ) ) ;
#2358 = EDGE_LOOP ( 'NONE', ( #3611, #2907, #2353, #1173 ) ) ;
#2359 = CARTESIAN_POINT ( 'NONE',  ( -114.8745315356199939, 28.37475742951500735, 2.500000000000000444 ) ) ;
#2360 = EDGE_CURVE ( 'NONE', #3114, #946, #266, .T. ) ;
#2361 = PLANE ( 'NONE',  #724 ) ;
#2362 = VECTOR ( 'NONE', #486, 1000.000000000000000 ) ;
#2363 = VERTEX_POINT ( 'NONE', #3546 ) ;
#2364 = APPLICATION_CONTEXT ( 'configuration controlled 3d designs of mechanical parts and assemblies' ) ;
#2365 = VERTEX_POINT ( 'NONE', #866 ) ;
#2366 = CARTESIAN_POINT ( 'NONE',  ( -42.56818897637700161, 112.8983947167885020, 1.000000000000000000 ) ) ;
#2367 = CARTESIAN_POINT ( 'NONE',  ( -42.56818897637700161, 107.8983947167885020, 0.000000000000000000 ) ) ;
#2368 = CARTESIAN_POINT ( 'NONE',  ( -21.75174470037796581, 115.5855275489900151, -13.00000000000000178 ) ) ;
#2369 = VERTEX_POINT ( 'NONE', #2567 ) ;
#2370 = EDGE_CURVE ( 'NONE', #3805, #3606, #2277, .T. ) ;
#2371 = CARTESIAN_POINT ( 'NONE',  ( -114.8745315356199939, 116.5855275489900151, 2.500000000000000444 ) ) ;
#2372 = CARTESIAN_POINT ( 'NONE',  ( -21.75174470037796581, 115.5855275489900151, -13.00000000000000178 ) ) ;
#2373 = ORIENTED_EDGE ( 'NONE', *, *, #2096, .F. ) ;
#2374 = DIRECTION ( 'NONE',  ( -1.000000000000000000, 0.000000000000000000, 0.000000000000000000 ) ) ;
#2375 = DIRECTION ( 'NONE',  ( -7.333216591886357273E-17, -1.000000000000000000, 0.000000000000000000 ) ) ;
#2376 = CARTESIAN_POINT ( 'NONE',  ( -35.22237728473499629, 114.8983947167885020, 1.000000000000000000 ) ) ;
#2377 = ORIENTED_EDGE ( 'NONE', *, *, #3124, .T. ) ;
#2378 = CARTESIAN_POINT ( 'NONE',  ( -50.62510033020100053, 110.7252222504450003, -14.00000000000000178 ) ) ;
#2379 = VECTOR ( 'NONE', #1645, 1000.000000000000000 ) ;
#2380 = DIRECTION ( 'NONE',  ( 0.000000000000000000, -1.000000000000000000, 0.000000000000000000 ) ) ;
#2381 = DIRECTION ( 'NONE',  ( 1.000000000000000000, -0.000000000000000000, -0.000000000000000000 ) ) ;
#2382 = VECTOR ( 'NONE', #521, 1000.000000000000000 ) ;
#2383 = ORIENTED_EDGE ( 'NONE', *, *, #1039, .T. ) ;
#2384 = AXIS2_PLACEMENT_3D ( 'NONE', #1743, #2941, #262 ) ;
#2385 = ORIENTED_EDGE ( 'NONE', *, *, #3626, .T. ) ;
#2386 = DIRECTION ( 'NONE',  ( -0.7071067811865481278, -1.922962686383565542E-16, -0.7071067811865470176 ) ) ;
#2387 = CARTESIAN_POINT ( 'NONE',  ( -35.22237728473499629, 112.8983947167885020, 1.000000000000000000 ) ) ;
#2388 = EDGE_CURVE ( 'NONE', #3101, #2229, #1685, .T. ) ;
#2389 = EDGE_CURVE ( 'NONE', #2161, #1657, #1092, .T. ) ;
#2390 = CARTESIAN_POINT ( 'NONE',  ( -115.3745315356199939, 102.3270104140210037, -6.200050813682007167 ) ) ;
#2391 = VERTEX_POINT ( 'NONE', #1198 ) ;
#2392 = CARTESIAN_POINT ( 'NONE',  ( -24.75174470037796581, 32.37475742951500735, -1.600000000000000755 ) ) ;
#2393 = LINE ( 'NONE', #878, #2926 ) ;
#2394 = EDGE_CURVE ( 'NONE', #3648, #2268, #2189, .T. ) ;
#2395 = ORIENTED_EDGE ( 'NONE', *, *, #2461, .T. ) ;
#2396 = DIRECTION ( 'NONE',  ( -0.000000000000000000, 1.000000000000000000, -0.000000000000000000 ) ) ;
#2397 = DIRECTION ( 'NONE',  ( -0.000000000000000000, -0.000000000000000000, 1.000000000000000000 ) ) ;
#2398 = CARTESIAN_POINT ( 'NONE',  ( -97.33388084055400213, 109.1873250874420052, 0.000000000000000000 ) ) ;
#2399 = ORIENTED_EDGE ( 'NONE', *, *, #1759, .F. ) ;
#2400 = FACE_OUTER_BOUND ( 'NONE', #22, .T. ) ;
#2401 = FACE_OUTER_BOUND ( 'NONE', #2934, .T. ) ;
#2402 = DIRECTION ( 'NONE',  ( 1.000000000000000000, 0.000000000000000000, -0.000000000000000000 ) ) ;
#2403 = VERTEX_POINT ( 'NONE', #1242 ) ;
#2404 = AXIS2_PLACEMENT_3D ( 'NONE', #350, #1329, #3407 ) ;
#2405 = VERTEX_POINT ( 'NONE', #2709 ) ;
#2406 = VECTOR ( 'NONE', #1427, 1000.000000000000000 ) ;
#2407 = VECTOR ( 'NONE', #3398, 1000.000000000000000 ) ;
#2408 = LINE ( 'NONE', #3597, #2112 ) ;
#2409 = CARTESIAN_POINT ( 'NONE',  ( 0.000000000000000000, 0.000000000000000000, -1.600000000000000755 ) ) ;
#2410 = LINE ( 'NONE', #3240, #2522 ) ;
#2411 = ORIENTED_EDGE ( 'NONE', *, *, #754, .T. ) ;
#2412 = FACE_OUTER_BOUND ( 'NONE', #401, .T. ) ;
#2413 = CARTESIAN_POINT ( 'NONE',  ( -48.12510033020100053, 110.9353422606009900, -1.600000000000000755 ) ) ;
#2414 = ORIENTED_EDGE ( 'NONE', *, *, #1623, .T. ) ;
#2415 = VERTEX_POINT ( 'NONE', #2669 ) ;
#2416 = CARTESIAN_POINT ( 'NONE',  ( -111.3745315356199939, 115.0855275489900293, -7.000000000000000888 ) ) ;
#2417 = PLANE ( 'NONE',  #79 ) ;
#2418 = ORIENTED_EDGE ( 'NONE', *, *, #847, .F. ) ;
#2419 = CARTESIAN_POINT ( 'NONE',  ( -114.3745315356199939, 94.38701041402200076, -1.000050813682005213 ) ) ;
#2420 = VECTOR ( 'NONE', #152, 1000.000000000000000 ) ;
#2421 = DIRECTION ( 'NONE',  ( 0.7071067811865524577, -0.7071067811865425767, 0.000000000000000000 ) ) ;
#2422 = CARTESIAN_POINT ( 'NONE',  ( -115.3745315356199939, 116.5855275489900151, -14.00000000000000000 ) ) ;
#2423 = ORIENTED_EDGE ( 'NONE', *, *, #2204, .T. ) ;
#2424 = VERTEX_POINT ( 'NONE', #885 ) ;
#2425 = LINE ( 'NONE', #4, #137 ) ;
#2426 = AXIS2_PLACEMENT_3D ( 'NONE', #922, #1153, #1489 ) ;
#2427 = LINE ( 'NONE', #1228, #3086 ) ;
#2428 = ORIENTED_EDGE ( 'NONE', *, *, #3833, .F. ) ;
#2429 = DIRECTION ( 'NONE',  ( 0.000000000000000000, 0.000000000000000000, 1.000000000000000000 ) ) ;
#2430 = CARTESIAN_POINT ( 'NONE',  ( -35.22237728473499629, 112.8983947167885020, 0.000000000000000000 ) ) ;
#2431 = ORIENTED_EDGE ( 'NONE', *, *, #2171, .F. ) ;
#2432 = VECTOR ( 'NONE', #3457, 1000.000000000000000 ) ;
#2433 = ORIENTED_EDGE ( 'NONE', *, *, #921, .F. ) ;
#2434 = LINE ( 'NONE', #413, #547 ) ;
#2435 = CARTESIAN_POINT ( 'NONE',  ( -111.3745315356199939, 112.5855275489900151, -7.000000000000000888 ) ) ;
#2436 = VERTEX_POINT ( 'NONE', #74 ) ;
#2437 = AXIS2_PLACEMENT_3D ( 'NONE', #3177, #480, #2519 ) ;
#2438 = CARTESIAN_POINT ( 'NONE',  ( -114.3745315356199939, 115.5855275489900151, -7.000000000000000888 ) ) ;
#2439 = ADVANCED_FACE ( 'NONE', ( #1811 ), #948, .F. ) ;
#2440 = AXIS2_PLACEMENT_3D ( 'NONE', #2174, #1874, #2796 ) ;
#2441 = DIRECTION ( 'NONE',  ( 0.000000000000000000, 0.000000000000000000, 1.000000000000000000 ) ) ;
#2442 = LINE ( 'NONE', #111, #3666 ) ;
#2443 = EDGE_CURVE ( 'NONE', #203, #3214, #2079, .T. ) ;
#2444 = EDGE_CURVE ( 'NONE', #2369, #2605, #580, .T. ) ;
#2445 = VERTEX_POINT ( 'NONE', #2419 ) ;
#2446 = CARTESIAN_POINT ( 'NONE',  ( -115.3745315356199939, 116.0855275489900151, -14.00000000000000000 ) ) ;
#2447 = DATE_AND_TIME ( #2594, #2155 ) ;
#2448 = CARTESIAN_POINT ( 'NONE',  ( -114.3745315356199939, 58.25087118297059163, 1.399999999999999911 ) ) ;
#2449 = ORIENTED_EDGE ( 'NONE', *, *, #501, .F. ) ;
#2450 = VECTOR ( 'NONE', #555, 1000.000000000000000 ) ;
#2451 = DIRECTION ( 'NONE',  ( -5.551115123125777969E-15, -1.000000000000000000, 0.000000000000000000 ) ) ;
#2452 = FACE_OUTER_BOUND ( 'NONE', #2957, .T. ) ;
#2453 = ORIENTED_EDGE ( 'NONE', *, *, #388, .T. ) ;
#2454 = ORIENTED_EDGE ( 'NONE', *, *, #3427, .F. ) ;
#2455 = DIRECTION ( 'NONE',  ( 1.000000000000000000, 0.000000000000000000, 0.000000000000000000 ) ) ;
#2456 = DIRECTION ( 'NONE',  ( 0.000000000000000000, 1.000000000000000000, 0.000000000000000000 ) ) ;
#2457 = EDGE_CURVE ( 'NONE', #688, #2642, #3612, .T. ) ;
#2458 = ORIENTED_EDGE ( 'NONE', *, *, #1576, .F. ) ;
#2459 = EDGE_CURVE ( 'NONE', #2229, #2094, #3027, .T. ) ;
#2460 = CARTESIAN_POINT ( 'NONE',  ( -21.75174470037796581, 115.5855275489900151, -14.00000000000000000 ) ) ;
#2461 = EDGE_CURVE ( 'NONE', #2436, #2516, #1494, .T. ) ;
#2462 = DIRECTION ( 'NONE',  ( -2.185478394931410575E-16, 1.000000000000000000, -0.000000000000000000 ) ) ;
#2463 = EDGE_LOOP ( 'NONE', ( #3284, #45, #512, #1189 ) ) ;
#2464 = DIRECTION ( 'NONE',  ( 0.000000000000000000, 1.000000000000000000, 0.000000000000000000 ) ) ;
#2465 = EDGE_CURVE ( 'NONE', #3489, #946, #1786, .T. ) ;
#2466 = VERTEX_POINT ( 'NONE', #1539 ) ;
#2467 = CARTESIAN_POINT ( 'NONE',  ( -97.33388084055400213, 109.1873250874420052, 2.000000000000000000 ) ) ;
#2468 = DIRECTION ( 'NONE',  ( 0.7071067811865469066, 0.000000000000000000, 0.7071067811865481278 ) ) ;
#2469 = CIRCLE ( 'NONE', #2585, 1.000000000000000888 ) ;
#2470 = VERTEX_POINT ( 'NONE', #19 ) ;
#2471 = ORIENTED_EDGE ( 'NONE', *, *, #3831, .F. ) ;
#2472 = DIRECTION ( 'NONE',  ( -0.000000000000000000, -0.000000000000000000, -1.000000000000000000 ) ) ;
#2473 = PLANE ( 'NONE',  #3340 ) ;
#2474 = ORIENTED_EDGE ( 'NONE', *, *, #1515, .F. ) ;
#2475 = CARTESIAN_POINT ( 'NONE',  ( -35.22237728473499629, 112.8983947167885020, 0.000000000000000000 ) ) ;
#2476 = DIRECTION ( 'NONE',  ( 1.000000000000000000, 0.000000000000000000, -0.000000000000000000 ) ) ;
#2477 = VECTOR ( 'NONE', #3410, 1000.000000000000000 ) ;
#2478 = ADVANCED_FACE ( 'NONE', ( #2400 ), #2731, .F. ) ;
#2479 = VERTEX_POINT ( 'NONE', #3589 ) ;
#2480 = DIRECTION ( 'NONE',  ( -1.000000000000000000, -0.000000000000000000, -0.000000000000000000 ) ) ;
#2481 = ORIENTED_EDGE ( 'NONE', *, *, #949, .F. ) ;
#2482 = EDGE_CURVE ( 'NONE', #3325, #3312, #3006, .T. ) ;
#2483 = AXIS2_PLACEMENT_3D ( 'NONE', #1124, #2323, #2929 ) ;
#2484 = DIRECTION ( 'NONE',  ( 1.000000000000000000, 0.000000000000000000, -0.000000000000000000 ) ) ;
#2485 = PLANE ( 'NONE',  #1621 ) ;
#2486 = VECTOR ( 'NONE', #2975, 1000.000000000000000 ) ;
#2487 = EDGE_LOOP ( 'NONE', ( #3332, #230, #843, #1969 ) ) ;
#2488 = ORIENTED_EDGE ( 'NONE', *, *, #239, .T. ) ;
#2489 = ADVANCED_FACE ( 'NONE', ( #925 ), #905, .F. ) ;
#2490 = DIRECTION ( 'NONE',  ( -1.000000000000000000, 0.000000000000000000, 0.000000000000000000 ) ) ;
#2491 = DIRECTION ( 'NONE',  ( 0.000000000000000000, -0.000000000000000000, 1.000000000000000000 ) ) ;
#2492 = EDGE_LOOP ( 'NONE', ( #291, #622, #3586, #2521, #1163 ) ) ;
#2493 = DIRECTION ( 'NONE',  ( 0.000000000000000000, -1.000000000000000000, 0.000000000000000000 ) ) ;
#2494 = VECTOR ( 'NONE', #2982, 1000.000000000000000 ) ;
#2495 = CARTESIAN_POINT ( 'NONE',  ( -108.7517447003779694, 101.5747574295149889, 2.500000000000000000 ) ) ;
#2496 = EDGE_CURVE ( 'NONE', #2780, #1804, #2132, .T. ) ;
#2497 = ORIENTED_EDGE ( 'NONE', *, *, #3738, .F. ) ;
#2498 = CARTESIAN_POINT ( 'NONE',  ( -111.3745315356199939, 32.37475742951500735, -13.00000000000000178 ) ) ;
#2499 = ORIENTED_EDGE ( 'NONE', *, *, #1207, .F. ) ;
#2500 = DIRECTION ( 'NONE',  ( 0.7071067811865432429, 0.000000000000000000, -0.7071067811865517916 ) ) ;
#2501 = LINE ( 'NONE', #101, #2755 ) ;
#2502 = ADVANCED_FACE ( 'NONE', ( #327 ), #38, .T. ) ;
#2503 = EDGE_CURVE ( 'NONE', #3038, #3369, #2753, .T. ) ;
#2504 = EDGE_LOOP ( 'NONE', ( #2548, #1430, #1844, #3033, #2576, #1434, #2418, #60 ) ) ;
#2505 = CIRCLE ( 'NONE', #3691, 2.500000000000002220 ) ;
#2506 = VERTEX_POINT ( 'NONE', #1263 ) ;
#2507 = CARTESIAN_POINT ( 'NONE',  ( -21.75174470037798002, 35.57475742951499598, 2.499999999999998668 ) ) ;
#2508 = DIRECTION ( 'NONE',  ( -0.000000000000000000, -0.000000000000000000, 1.000000000000000000 ) ) ;
#2509 = ORIENTED_EDGE ( 'NONE', *, *, #2269, .F. ) ;
#2510 = EDGE_CURVE ( 'NONE', #269, #2861, #1849, .T. ) ;
#2511 = CARTESIAN_POINT ( 'NONE',  ( -48.12510033020100053, 107.9353422606009900, -1.600000000000000755 ) ) ;
#2512 = DIRECTION ( 'NONE',  ( 1.000000000000000000, 0.000000000000000000, 0.000000000000000000 ) ) ;
#2513 = DIRECTION ( 'NONE',  ( 0.000000000000000000, 0.000000000000000000, -1.000000000000000000 ) ) ;
#2514 = VERTEX_POINT ( 'NONE', #2511 ) ;
#2515 = CARTESIAN_POINT ( 'NONE',  ( -51.62510033020100053, 112.4572730580138824, 1.999999999999998224 ) ) ;
#2516 = VERTEX_POINT ( 'NONE', #3685 ) ;
#2517 = ADVANCED_FACE ( 'NONE', ( #2197 ), #3128, .T. ) ;
#2518 = DIRECTION ( 'NONE',  ( -0.000000000000000000, 0.000000000000000000, -1.000000000000000000 ) ) ;
#2519 = DIRECTION ( 'NONE',  ( 0.000000000000000000, -0.000000000000000000, -1.000000000000000000 ) ) ;
#2520 = PLANE ( 'NONE',  #2560 ) ;
#2521 = ORIENTED_EDGE ( 'NONE', *, *, #1207, .T. ) ;
#2522 = VECTOR ( 'NONE', #2658, 1000.000000000000000 ) ;
#2523 = CARTESIAN_POINT ( 'NONE',  ( -114.3745315356199939, 94.38701041402200076, -5.081368200515745670E-05 ) ) ;
#2524 = DIRECTION ( 'NONE',  ( 1.000000000000000000, -0.000000000000000000, -0.000000000000000000 ) ) ;
#2525 = CC_DESIGN_APPROVAL ( #1349, ( #3836 ) ) ;
#2526 = CIRCLE ( 'NONE', #1843, 1.000000000000000000 ) ;
#2527 = EDGE_LOOP ( 'NONE', ( #3464, #2910, #424, #678 ) ) ;
#2528 = CARTESIAN_POINT ( 'NONE',  ( -52.02510033020099911, 115.5855275489900151, -14.00000000000000178 ) ) ;
#2529 = CARTESIAN_POINT ( 'NONE',  ( -48.62510033020098632, 110.7252222504450003, 3.000000000000000000 ) ) ;
#2530 = FACE_OUTER_BOUND ( 'NONE', #3535, .T. ) ;
#2531 = ORIENTED_EDGE ( 'NONE', *, *, #2394, .T. ) ;
#2532 = DIRECTION ( 'NONE',  ( 0.000000000000000000, -1.000000000000000000, 0.000000000000000000 ) ) ;
#2533 = VECTOR ( 'NONE', #2242, 1000.000000000000000 ) ;
#2534 = ORIENTED_EDGE ( 'NONE', *, *, #2457, .F. ) ;
#2535 = VECTOR ( 'NONE', #3097, 1000.000000000000000 ) ;
#2536 = LINE ( 'NONE', #2205, #1148 ) ;
#2537 = DIRECTION ( 'NONE',  ( -0.000000000000000000, -0.000000000000000000, -1.000000000000000000 ) ) ;
#2538 = LINE ( 'NONE', #2829, #1627 ) ;
#2539 = VERTEX_POINT ( 'NONE', #2475 ) ;
#2540 = LINE ( 'NONE', #3456, #983 ) ;
#2541 = DIRECTION ( 'NONE',  ( 0.000000000000000000, 0.000000000000000000, -1.000000000000000000 ) ) ;
#2542 = ORIENTED_EDGE ( 'NONE', *, *, #2563, .T. ) ;
#2543 = VECTOR ( 'NONE', #2782, 1000.000000000000000 ) ;
#2544 = CARTESIAN_POINT ( 'NONE',  ( -91.33388084055398792, 109.1873250874420052, 0.000000000000000000 ) ) ;
#2545 = CARTESIAN_POINT ( 'NONE',  ( -24.75174470037796581, 32.37475742951500735, -7.000000000000000888 ) ) ;
#2546 = EDGE_CURVE ( 'NONE', #3776, #3016, #1867, .T. ) ;
#2547 = DIRECTION ( 'NONE',  ( -1.000000000000000000, 0.000000000000000000, -0.000000000000000000 ) ) ;
#2548 = ORIENTED_EDGE ( 'NONE', *, *, #1244, .F. ) ;
#2549 = CARTESIAN_POINT ( 'NONE',  ( -115.3745315356199939, 116.0855275489900151, 3.000000000000000000 ) ) ;
#2550 = EDGE_CURVE ( 'NONE', #3101, #3131, #452, .T. ) ;
#2551 = CARTESIAN_POINT ( 'NONE',  ( -42.56818897637700161, 112.8983947167885020, 1.000000000000000000 ) ) ;
#2552 = CARTESIAN_POINT ( 'NONE',  ( -115.3745315356199939, 104.3270104140210037, -4.200050813682007167 ) ) ;
#2553 = APPLICATION_CONTEXT ( 'configuration controlled 3d designs of mechanical parts and assemblies' ) ;
#2554 = CARTESIAN_POINT ( 'NONE',  ( -108.7517447003779836, 38.07475742951500308, 3.000000000000000000 ) ) ;
#2555 = EDGE_LOOP ( 'NONE', ( #2020, #3058, #441, #1449 ) ) ;
#2556 = VECTOR ( 'NONE', #1178, 1000.000000000000000 ) ;
#2557 = CARTESIAN_POINT ( 'NONE',  ( -114.3745315356199939, 104.3270104140210037, -4.200050813682007167 ) ) ;
#2558 = CARTESIAN_POINT ( 'NONE',  ( -53.12510033020100053, 110.9353422606009900, -13.00000000000000178 ) ) ;
#2559 = ORIENTED_EDGE ( 'NONE', *, *, #2117, .T. ) ;
#2560 = AXIS2_PLACEMENT_3D ( 'NONE', #1354, #3755, #461 ) ;
#2561 = DIRECTION ( 'NONE',  ( 1.000000000000000000, -0.000000000000000000, -0.000000000000000000 ) ) ;
#2562 = AXIS2_PLACEMENT_3D ( 'NONE', #1260, #1306, #3061 ) ;
#2563 = EDGE_CURVE ( 'NONE', #269, #2642, #725, .T. ) ;
#2564 = DIRECTION ( 'NONE',  ( 0.000000000000000000, -1.000000000000000000, 0.000000000000000000 ) ) ;
#2565 = ADVANCED_FACE ( 'NONE', ( #417 ), #3095, .F. ) ;
#2566 = ORIENTED_EDGE ( 'NONE', *, *, #2370, .T. ) ;
#2567 = CARTESIAN_POINT ( 'NONE',  ( -22.25174470037796937, 29.87475742951499313, -1.600000000000000755 ) ) ;
#2568 = ORIENTED_EDGE ( 'NONE', *, *, #2510, .T. ) ;
#2569 = CARTESIAN_POINT ( 'NONE',  ( -49.78552197104399824, 116.5855275489900151, 1.000000000000000000 ) ) ;
#2570 = ORIENTED_EDGE ( 'NONE', *, *, #534, .T. ) ;
#2571 = PLANE ( 'NONE',  #3207 ) ;
#2572 = CARTESIAN_POINT ( 'NONE',  ( -115.3745315356199939, 94.38701041402200076, -6.200050813682005391 ) ) ;
#2573 = CC_DESIGN_DATE_AND_TIME_ASSIGNMENT ( #789, #518, ( #2754 ) ) ;
#2574 = CALENDAR_DATE ( 2026, 20, 3 ) ;
#2575 = LINE ( 'NONE', #1042, #2817 ) ;
#2576 = ORIENTED_EDGE ( 'NONE', *, *, #1224, .F. ) ;
#2577 = DIRECTION ( 'NONE',  ( -0.000000000000000000, -0.000000000000000000, -1.000000000000000000 ) ) ;
#2578 = CARTESIAN_POINT ( 'NONE',  ( -108.7517447003779836, 38.07475742951500308, 2.500000000000000000 ) ) ;
#2579 = VERTEX_POINT ( 'NONE', #1276 ) ;
#2580 = FACE_OUTER_BOUND ( 'NONE', #1585, .T. ) ;
#2581 = VECTOR ( 'NONE', #1450, 1000.000000000000000 ) ;
#2582 = EDGE_CURVE ( 'NONE', #2268, #1618, #1820, .T. ) ;
#2583 = DIRECTION ( 'NONE',  ( -0.000000000000000000, -0.000000000000000000, 1.000000000000000000 ) ) ;
#2584 = ORIENTED_EDGE ( 'NONE', *, *, #792, .F. ) ;
#2585 = AXIS2_PLACEMENT_3D ( 'NONE', #2100, #903, #1809 ) ;
#2586 = CARTESIAN_POINT ( 'NONE',  ( -114.3745315356199939, 81.00130922592666138, 1.399999999999999911 ) ) ;
#2587 = ORIENTED_EDGE ( 'NONE', *, *, #3672, .T. ) ;
#2588 = LINE ( 'NONE', #3783, #2166 ) ;
#2589 = EDGE_CURVE ( 'NONE', #515, #2036, #3389, .T. ) ;
#2590 = ORIENTED_EDGE ( 'NONE', *, *, #1669, .T. ) ;
#2591 = ORIENTED_EDGE ( 'NONE', *, *, #76, .F. ) ;
#2592 = FACE_OUTER_BOUND ( 'NONE', #3657, .T. ) ;
#2593 = FACE_OUTER_BOUND ( 'NONE', #134, .T. ) ;
#2594 = CALENDAR_DATE ( 2026, 20, 3 ) ;
#2595 = CARTESIAN_POINT ( 'NONE',  ( -42.56818897637700161, 110.3983947167885020, 1.000000000000000000 ) ) ;
#2596 = ORIENTED_EDGE ( 'NONE', *, *, #1821, .T. ) ;
#2597 = AXIS2_PLACEMENT_3D ( 'NONE', #3213, #2402, #537 ) ;
#2598 = DIRECTION ( 'NONE',  ( -0.000000000000000000, -0.000000000000000000, -1.000000000000000000 ) ) ;
#2599 = DIRECTION ( 'NONE',  ( 0.000000000000000000, -0.000000000000000000, 1.000000000000000000 ) ) ;
#2600 = EDGE_CURVE ( 'NONE', #3192, #2365, #982, .T. ) ;
#2601 = LINE ( 'NONE', #1087, #872 ) ;
#2602 = VECTOR ( 'NONE', #2624, 1000.000000000000000 ) ;
#2603 = DIRECTION ( 'NONE',  ( 1.000000000000000000, 0.000000000000000000, 0.000000000000000000 ) ) ;
#2604 = ADVANCED_FACE ( 'NONE', ( #1575 ), #1029, .T. ) ;
#2605 = VERTEX_POINT ( 'NONE', #3063 ) ;
#2606 = ORIENTED_EDGE ( 'NONE', *, *, #765, .T. ) ;
#2607 = DIRECTION ( 'NONE',  ( 1.000000000000000000, 0.000000000000000000, 0.000000000000000000 ) ) ;
#2608 = ORIENTED_EDGE ( 'NONE', *, *, #1220, .T. ) ;
#2609 = EDGE_CURVE ( 'NONE', #3782, #2470, #1608, .T. ) ;
#2610 = CARTESIAN_POINT ( 'NONE',  ( -20.75174470037796581, 116.0855275489900151, 2.500000000000000444 ) ) ;
#2611 = AXIS2_PLACEMENT_3D ( 'NONE', #3775, #3203, #2599 ) ;
#2612 = ORIENTED_EDGE ( 'NONE', *, *, #3411, .T. ) ;
#2613 = VERTEX_POINT ( 'NONE', #93 ) ;
#2614 = ADVANCED_FACE ( 'NONE', ( #148 ), #1295, .T. ) ;
#2615 = CARTESIAN_POINT ( 'NONE',  ( -35.22237728473499629, 110.3983947167885020, 0.000000000000000000 ) ) ;
#2616 = EDGE_CURVE ( 'NONE', #1137, #1197, #3425, .T. ) ;
#2617 = AXIS2_PLACEMENT_3D ( 'NONE', #3511, #1500, #829 ) ;
#2618 = CARTESIAN_POINT ( 'NONE',  ( -91.33388084055398792, 109.1873250874420052, 2.000000000000000000 ) ) ;
#2619 = ORIENTED_EDGE ( 'NONE', *, *, #2039, .T. ) ;
#2620 = AXIS2_PLACEMENT_3D ( 'NONE', #3331, #407, #2136 ) ;
#2621 = LINE ( 'NONE', #2371, #3298 ) ;
#2622 = PLANE ( 'NONE',  #1926 ) ;
#2623 = FACE_OUTER_BOUND ( 'NONE', #2118, .T. ) ;
#2624 = DIRECTION ( 'NONE',  ( -1.000000000000000000, 0.000000000000000000, 0.000000000000000000 ) ) ;
#2625 = DIRECTION ( 'NONE',  ( -1.000000000000000000, -0.000000000000000000, -0.000000000000000000 ) ) ;
#2626 = EDGE_CURVE ( 'NONE', #3173, #1702, #381, .T. ) ;
#2627 = ORIENTED_EDGE ( 'NONE', *, *, #720, .F. ) ;
#2628 = EDGE_LOOP ( 'NONE', ( #36, #3509, #295, #797 ) ) ;
#2629 = PLANE ( 'NONE',  #343 ) ;
#2630 = CARTESIAN_POINT ( 'NONE',  ( -21.75174470037798002, 29.37475742951500735, 0.000000000000000000 ) ) ;
#2631 = ORIENTED_EDGE ( 'NONE', *, *, #1325, .T. ) ;
#2632 = ORIENTED_EDGE ( 'NONE', *, *, #1613, .T. ) ;
#2633 = CARTESIAN_POINT ( 'NONE',  ( -50.62510033020100053, 110.7252222504450003, -14.00000000000000178 ) ) ;
#2634 = FACE_OUTER_BOUND ( 'NONE', #3708, .T. ) ;
#2635 = PERSON_AND_ORGANIZATION ( #3258, #3144 ) ;
#2636 = ADVANCED_FACE ( 'NONE', ( #2837 ), #742, .F. ) ;
#2637 = LINE ( 'NONE', #1146, #1896 ) ;
#2638 = ORIENTED_EDGE ( 'NONE', *, *, #484, .T. ) ;
#2639 = CARTESIAN_POINT ( 'NONE',  ( -115.3745315356199939, 116.5855275489900151, -14.00000000000000000 ) ) ;
#2640 = CARTESIAN_POINT ( 'NONE',  ( -114.3745315356200081, 103.5747574295150031, 0.000000000000000000 ) ) ;
#2641 = CARTESIAN_POINT ( 'NONE',  ( 0.000000000000000000, 0.000000000000000000, -14.00000000000000000 ) ) ;
#2642 = VERTEX_POINT ( 'NONE', #165 ) ;
#2643 = EDGE_CURVE ( 'NONE', #2363, #2049, #1345, .T. ) ;
#2644 = CARTESIAN_POINT ( 'NONE',  ( -47.28552197104399824, 116.5855275489900151, -1.617999994144117881 ) ) ;
#2645 = FACE_OUTER_BOUND ( 'NONE', #1853, .T. ) ;
#2646 = CARTESIAN_POINT ( 'NONE',  ( -114.3745315356199939, 58.25087118297059163, 1.399999999999999911 ) ) ;
#2647 = VERTEX_POINT ( 'NONE', #109 ) ;
#2648 = PLANE ( 'NONE',  #2153 ) ;
#2649 = AXIS2_PLACEMENT_3D ( 'NONE', #89, #2456, #2491 ) ;
#2650 = VECTOR ( 'NONE', #1070, 1000.000000000000000 ) ;
#2651 = CYLINDRICAL_SURFACE ( 'NONE', #1472, 1.000000000000000888 ) ;
#2652 = VECTOR ( 'NONE', #1654, 1000.000000000000000 ) ;
#2653 = EDGE_CURVE ( 'NONE', #3312, #981, #690, .T. ) ;
#2654 = ORIENTED_EDGE ( 'NONE', *, *, #1948, .F. ) ;
#2655 = ORIENTED_EDGE ( 'NONE', *, *, #2320, .F. ) ;
#2656 = DIRECTION ( 'NONE',  ( -0.000000000000000000, -0.000000000000000000, 1.000000000000000000 ) ) ;
#2657 = LINE ( 'NONE', #2994, #2316 ) ;
#2658 = DIRECTION ( 'NONE',  ( -1.000000000000000000, -0.000000000000000000, -0.000000000000000000 ) ) ;
#2659 = ORIENTED_EDGE ( 'NONE', *, *, #248, .F. ) ;
#2660 = CARTESIAN_POINT ( 'NONE',  ( -35.22237728473499629, 107.8983947167885020, 0.000000000000000000 ) ) ;
#2661 = DIRECTION ( 'NONE',  ( 0.000000000000000000, 0.000000000000000000, -1.000000000000000000 ) ) ;
#2662 = VECTOR ( 'NONE', #3393, 1000.000000000000000 ) ;
#2663 = ORIENTED_EDGE ( 'NONE', *, *, #879, .T. ) ;
#2664 = CARTESIAN_POINT ( 'NONE',  ( -111.3745315356199939, 32.37475742951500735, -1.600000000000000755 ) ) ;
#2665 = DIRECTION ( 'NONE',  ( -0.000000000000000000, 1.000000000000000000, -0.000000000000000000 ) ) ;
#2666 = VECTOR ( 'NONE', #3445, 1000.000000000000000 ) ;
#2667 = CARTESIAN_POINT ( 'NONE',  ( -21.75174470037796581, 115.5855275489900151, -7.000000000000000888 ) ) ;
#2668 = ORIENTED_EDGE ( 'NONE', *, *, #3381, .T. ) ;
#2669 = CARTESIAN_POINT ( 'NONE',  ( -114.3745315356199939, 58.25087118297059163, 1.399999999999999911 ) ) ;
#2670 = CIRCLE ( 'NONE', #299, 1.000000000000000888 ) ;
#2671 = LINE ( 'NONE', #1692, #1532 ) ;
#2672 = FACE_OUTER_BOUND ( 'NONE', #2463, .T. ) ;
#2673 = EDGE_CURVE ( 'NONE', #3038, #1209, #2875, .T. ) ;
#2674 = AXIS2_PLACEMENT_3D ( 'NONE', #2832, #3182, #3774 ) ;
#2675 = ORIENTED_EDGE ( 'NONE', *, *, #857, .T. ) ;
#2676 = EDGE_LOOP ( 'NONE', ( #648, #1355, #177, #2488, #1394, #564, #938, #746 ) ) ;
#2677 = CARTESIAN_POINT ( 'NONE',  ( -47.28552197104399824, 116.5855275489900151, 0.9999999999999997780 ) ) ;
#2678 = DIRECTION ( 'NONE',  ( -0.000000000000000000, 1.000000000000000000, -0.000000000000000000 ) ) ;
#2679 = EDGE_CURVE ( 'NONE', #1554, #1702, #1404, .T. ) ;
#2680 = CARTESIAN_POINT ( 'NONE',  ( -111.3745315356199939, 112.5855275489900151, -1.600000000000000755 ) ) ;
#2681 = EDGE_LOOP ( 'NONE', ( #676, #3127, #1408, #1597, #3741, #760, #2157, #3146, #1927, #880, #2314, #2534 ) ) ;
#2682 = CARTESIAN_POINT ( 'NONE',  ( -114.3745315356199939, 103.3270104140210037, -2.000050813682005213 ) ) ;
#2683 = CARTESIAN_POINT ( 'NONE',  ( -49.78552197104399824, 113.5855275489900151, -1.350050801712995741 ) ) ;
#2684 = VERTEX_POINT ( 'NONE', #3516 ) ;
#2685 = PRODUCT ( '全反射屏外壳', '全反射屏外壳', '', ( #1397 ) ) ;
#2686 = LINE ( 'NONE', #2664, #3096 ) ;
#2687 = CARTESIAN_POINT ( 'NONE',  ( -114.3745315356200081, 35.57475742951499598, 2.500000000000000000 ) ) ;
#2688 = DIRECTION ( 'NONE',  ( 0.000000000000000000, 0.000000000000000000, 1.000000000000000000 ) ) ;
#2689 = EDGE_LOOP ( 'NONE', ( #3737, #834, #1435, #2449 ) ) ;
#2690 = CARTESIAN_POINT ( 'NONE',  ( -111.3745315356199796, 29.87475742951500024, -1.600000000000000755 ) ) ;
#2691 = ADVANCED_FACE ( 'NONE', ( #2623 ), #3148, .T. ) ;
#2692 = AXIS2_PLACEMENT_3D ( 'NONE', #1323, #999, #2236 ) ;
#2693 = CARTESIAN_POINT ( 'NONE',  ( -42.56818897637700161, 105.8983947167885020, 1.000000000000000000 ) ) ;
#2694 = CARTESIAN_POINT ( 'NONE',  ( -114.3745315356199939, 104.3270104140210037, -5.200050813682007167 ) ) ;
#2695 = CIRCLE ( 'NONE', #1190, 6.000000000000005329 ) ;
#2696 = ORIENTED_EDGE ( 'NONE', *, *, #1689, .F. ) ;
#2697 = VERTEX_POINT ( 'NONE', #1664 ) ;
#2698 = DIRECTION ( 'NONE',  ( 0.000000000000000000, 0.000000000000000000, 1.000000000000000000 ) ) ;
#2699 = DIRECTION ( 'NONE',  ( -0.000000000000000000, 0.000000000000000000, -1.000000000000000000 ) ) ;
#2700 = LINE ( 'NONE', #28, #1459 ) ;
#2701 = ORIENTED_EDGE ( 'NONE', *, *, #1325, .F. ) ;
#2702 = FACE_OUTER_BOUND ( 'NONE', #226, .T. ) ;
#2703 = DIRECTION ( 'NONE',  ( 0.000000000000000000, 0.000000000000000000, 1.000000000000000000 ) ) ;
#2704 = AXIS2_PLACEMENT_3D ( 'NONE', #3044, #3334, #2195 ) ;
#2705 = CARTESIAN_POINT ( 'NONE',  ( -93.45498533708212108, 103.5747574295150031, 0.000000000000000000 ) ) ;
#2706 = CARTESIAN_POINT ( 'NONE',  ( -91.33388084055398792, 109.1873250874420052, 3.000000000000000000 ) ) ;
#2707 = LINE ( 'NONE', #3859, #2063 ) ;
#2708 = ORIENTED_EDGE ( 'NONE', *, *, #1339, .F. ) ;
#2709 = CARTESIAN_POINT ( 'NONE',  ( -24.75174470037796581, 112.5855275489900151, -13.00000000000000178 ) ) ;
#2710 = ADVANCED_FACE ( 'NONE', ( #200 ), #1132, .T. ) ;
#2711 = DIRECTION ( 'NONE',  ( 0.000000000000000000, 0.000000000000000000, -1.000000000000000000 ) ) ;
#2712 = CARTESIAN_POINT ( 'NONE',  ( -49.22510033020100195, 115.5855275489900151, -14.00000000000000178 ) ) ;
#2713 = VERTEX_POINT ( 'NONE', #2857 ) ;
#2714 = VECTOR ( 'NONE', #3430, 1000.000000000000000 ) ;
#2715 = ORIENTED_EDGE ( 'NONE', *, *, #2389, .T. ) ;
#2716 = VECTOR ( 'NONE', #1406, 1000.000000000000000 ) ;
#2717 = AXIS2_PLACEMENT_3D ( 'NONE', #1040, #2518, #3471 ) ;
#2718 = LINE ( 'NONE', #624, #3781 ) ;
#2719 = DIRECTION ( 'NONE',  ( 0.000000000000000000, -1.000000000000000000, 0.000000000000000000 ) ) ;
#2720 = CARTESIAN_POINT ( 'NONE',  ( -21.00174470037796937, 28.87475742951500379, 2.750000000000003997 ) ) ;
#2721 = ORIENTED_EDGE ( 'NONE', *, *, #1635, .F. ) ;
#2722 = CARTESIAN_POINT ( 'NONE',  ( -42.56818897637700161, 105.8983947167885020, 3.000000000000000000 ) ) ;
#2723 = DIRECTION ( 'NONE',  ( -1.000000000000000000, 0.000000000000000000, 0.000000000000000000 ) ) ;
#2724 = VERTEX_POINT ( 'NONE', #3204 ) ;
#2725 = EDGE_LOOP ( 'NONE', ( #1091, #1316, #1869, #2991 ) ) ;
#2726 = CARTESIAN_POINT ( 'NONE',  ( -46.78552197104399824, 116.5855275489900151, 0.9999999999999997780 ) ) ;
#2727 = DIRECTION ( 'NONE',  ( 0.000000000000000000, 0.000000000000000000, 1.000000000000000000 ) ) ;
#2728 = ORIENTED_EDGE ( 'NONE', *, *, #2459, .T. ) ;
#2729 = EDGE_CURVE ( 'NONE', #3540, #409, #2310, .T. ) ;
#2730 = ADVANCED_FACE ( 'NONE', ( #181 ), #1359, .F. ) ;
#2731 = PLANE ( 'NONE',  #3252 ) ;
#2732 = CIRCLE ( 'NONE', #108, 2.000000000000008882 ) ;
#2733 = EDGE_CURVE ( 'NONE', #3312, #3160, #3777, .T. ) ;
#2734 = PLANE ( 'NONE',  #767 ) ;
#2735 = CARTESIAN_POINT ( 'NONE',  ( -24.75174470037796581, 32.37475742951500735, -1.600000000000000755 ) ) ;
#2736 = ORIENTED_EDGE ( 'NONE', *, *, #124, .F. ) ;
#2737 = PLANE ( 'NONE',  #1542 ) ;
#2738 = VECTOR ( 'NONE', #961, 1000.000000000000000 ) ;
#2739 = CIRCLE ( 'NONE', #2175, 4.500000000000003553 ) ;
#2740 = PLANE ( 'NONE',  #2831 ) ;
#2741 = ORIENTED_EDGE ( 'NONE', *, *, #947, .T. ) ;
#2742 = EDGE_CURVE ( 'NONE', #305, #3192, #2601, .T. ) ;
#2743 = ADVANCED_FACE ( 'NONE', ( #2580 ), #234, .F. ) ;
#2744 = CARTESIAN_POINT ( 'NONE',  ( -114.3745315356199939, 29.37475742951500024, -14.00000000000000000 ) ) ;
#2745 = DIRECTION ( 'NONE',  ( 0.000000000000000000, 1.000000000000000000, -0.000000000000000000 ) ) ;
#2746 = ORIENTED_EDGE ( 'NONE', *, *, #804, .T. ) ;
#2747 = VERTEX_POINT ( 'NONE', #758 ) ;
#2748 = ADVANCED_FACE ( 'NONE', ( #1443 ), #1976, .F. ) ;
#2749 = CARTESIAN_POINT ( 'NONE',  ( -22.25174470037797647, 32.37475742951500735, -1.600000000000000755 ) ) ;
#2750 = LINE ( 'NONE', #2213, #277 ) ;
#2751 = EDGE_LOOP ( 'NONE', ( #3582, #2499, #335, #2019 ) ) ;
#2752 = VECTOR ( 'NONE', #2865, 1000.000000000000000 ) ;
#2753 = LINE ( 'NONE', #2438, #2943 ) ;
#2754 = PRODUCT_DEFINITION ( '未知', '', #39, #686 ) ;
#2755 = VECTOR ( 'NONE', #989, 1000.000000000000000 ) ;
#2756 = DIRECTION ( 'NONE',  ( -0.000000000000000000, 1.000000000000000000, -0.000000000000000000 ) ) ;
#2757 = VERTEX_POINT ( 'NONE', #3793 ) ;
#2758 = DIRECTION ( 'NONE',  ( 0.000000000000000000, 0.000000000000000000, 1.000000000000000000 ) ) ;
#2759 = VECTOR ( 'NONE', #3465, 1000.000000000000000 ) ;
#2760 = ORIENTED_EDGE ( 'NONE', *, *, #1267, .T. ) ;
#2761 = CIRCLE ( 'NONE', #3754, 2.000000000000008882 ) ;
#2762 = LINE ( 'NONE', #2173, #712 ) ;
#2763 = DIRECTION ( 'NONE',  ( 0.000000000000000000, 0.000000000000000000, 1.000000000000000000 ) ) ;
#2764 = VERTEX_POINT ( 'NONE', #1715 ) ;
#2765 = ORIENTED_EDGE ( 'NONE', *, *, #539, .T. ) ;
#2766 = CARTESIAN_POINT ( 'NONE',  ( -46.78552197104399113, 106.5149212680012170, 2.000000000000000000 ) ) ;
#2767 = PLANE ( 'NONE',  #2649 ) ;
#2768 = ORIENTED_EDGE ( 'NONE', *, *, #1923, .F. ) ;
#2769 = EDGE_CURVE ( 'NONE', #1770, #2391, #1680, .T. ) ;
#2770 = DIRECTION ( 'NONE',  ( 0.000000000000000000, 0.000000000000000000, 1.000000000000000000 ) ) ;
#2771 = PLANE ( 'NONE',  #2290 ) ;
#2772 = EDGE_CURVE ( 'NONE', #3369, #714, #1738, .T. ) ;
#2773 = ORIENTED_EDGE ( 'NONE', *, *, #201, .T. ) ;
#2774 = LINE ( 'NONE', #1282, #3468 ) ;
#2775 = ADVANCED_FACE ( 'NONE', ( #3185 ), #2938, .T. ) ;
#2776 = ORIENTED_EDGE ( 'NONE', *, *, #2893, .T. ) ;
#2777 = FACE_BOUND ( 'NONE', #241, .T. ) ;
#2778 = FACE_OUTER_BOUND ( 'NONE', #522, .T. ) ;
#2779 = CIRCLE ( 'NONE', #711, 1.000000000000000888 ) ;
#2780 = VERTEX_POINT ( 'NONE', #506 ) ;
#2781 = ORIENTED_EDGE ( 'NONE', *, *, #3450, .T. ) ;
#2782 = DIRECTION ( 'NONE',  ( -0.000000000000000000, -0.000000000000000000, -1.000000000000000000 ) ) ;
#2783 = CARTESIAN_POINT ( 'NONE',  ( -24.75174470037796581, 29.87475742951499313, -1.600000000000000755 ) ) ;
#2784 = ORIENTED_EDGE ( 'NONE', *, *, #1605, .F. ) ;
#2785 = DIRECTION ( 'NONE',  ( -0.000000000000000000, -0.000000000000000000, -1.000000000000000000 ) ) ;
#2786 = CARTESIAN_POINT ( 'NONE',  ( -111.3745315356199796, 29.87475742951500024, -1.600000000000000755 ) ) ;
#2787 = VECTOR ( 'NONE', #3255, 1000.000000000000000 ) ;
#2788 = ADVANCED_FACE ( 'NONE', ( #2257, #1699 ), #2892, .F. ) ;
#2789 = ADVANCED_FACE ( 'NONE', ( #3832 ), #860, .F. ) ;
#2790 = EDGE_LOOP ( 'NONE', ( #3834, #643, #2343, #3385 ) ) ;
#2791 = LINE ( 'NONE', #1580, #383 ) ;
#2792 = AXIS2_PLACEMENT_3D ( 'NONE', #709, #1519, #3050 ) ;
#2793 = VERTEX_POINT ( 'NONE', #159 ) ;
#2794 = VECTOR ( 'NONE', #2971, 1000.000000000000000 ) ;
#2795 = PLANE ( 'NONE',  #2717 ) ;
#2796 = DIRECTION ( 'NONE',  ( 1.000000000000000000, 0.000000000000000000, 0.000000000000000000 ) ) ;
#2797 = EDGE_CURVE ( 'NONE', #688, #974, #3179, .T. ) ;
#2798 = VECTOR ( 'NONE', #104, 1000.000000000000000 ) ;
#2799 = ORIENTED_EDGE ( 'NONE', *, *, #1392, .T. ) ;
#2800 = ORIENTED_EDGE ( 'NONE', *, *, #3670, .T. ) ;
#2801 = CARTESIAN_POINT ( 'NONE',  ( -53.02510033020099911, 110.7252222504450003, 3.000000000000000000 ) ) ;
#2802 = LINE ( 'NONE', #1010, #1058 ) ;
#2803 = ORIENTED_EDGE ( 'NONE', *, *, #3745, .F. ) ;
#2804 = VECTOR ( 'NONE', #1643, 1000.000000000000000 ) ;
#2805 = DIRECTION ( 'NONE',  ( -1.000000000000000000, 0.000000000000000000, 0.000000000000000000 ) ) ;
#2806 = VECTOR ( 'NONE', #1154, 1000.000000000000000 ) ;
#2807 = CARTESIAN_POINT ( 'NONE',  ( -21.75174470037798002, 103.5747574295150031, 1.399999999999999911 ) ) ;
#2808 = EDGE_CURVE ( 'NONE', #3617, #2882, #2538, .T. ) ;
#2809 = DIRECTION ( 'NONE',  ( -0.7071067811865482389, -9.710961566237050693E-15, 0.7071067811865469066 ) ) ;
#2810 = EDGE_LOOP ( 'NONE', ( #1271, #380, #2073, #3122 ) ) ;
#2811 = CYLINDRICAL_SURFACE ( 'NONE', #2844, 1.000000000000000000 ) ;
#2812 = ORIENTED_EDGE ( 'NONE', *, *, #1866, .F. ) ;
#2813 = CARTESIAN_POINT ( 'NONE',  ( -104.8884403073035969, 81.00130922592666138, 0.000000000000000000 ) ) ;
#2814 = FACE_OUTER_BOUND ( 'NONE', #1997, .T. ) ;
#2815 = AXIS2_PLACEMENT_3D ( 'NONE', #2963, #2126, #3320 ) ;
#2816 = VERTEX_POINT ( 'NONE', #2554 ) ;
#2817 = VECTOR ( 'NONE', #2887, 1000.000000000000000 ) ;
#2818 = LINE ( 'NONE', #3441, #2235 ) ;
#2819 = DIRECTION ( 'NONE',  ( 0.000000000000000000, -0.000000000000000000, 1.000000000000000000 ) ) ;
#2820 = ORIENTED_EDGE ( 'NONE', *, *, #3311, .T. ) ;
#2821 = CARTESIAN_POINT ( 'NONE',  ( -20.75174470037796581, 28.37475742951500024, 2.500000000000000444 ) ) ;
#2822 = DIRECTION ( 'NONE',  ( 1.000000000000000000, 0.000000000000000000, 0.000000000000000000 ) ) ;
#2823 = DIRECTION ( 'NONE',  ( 0.000000000000000000, 0.000000000000000000, 1.000000000000000000 ) ) ;
#2824 = ORIENTED_EDGE ( 'NONE', *, *, #3525, .F. ) ;
#2825 = DIRECTION ( 'NONE',  ( 0.000000000000000000, 0.000000000000000000, -1.000000000000000000 ) ) ;
#2826 = ORIENTED_EDGE ( 'NONE', *, *, #2550, .F. ) ;
#2827 = CARTESIAN_POINT ( 'NONE',  ( -114.3745315356199939, 115.5855275489900151, 0.9999999999999991118 ) ) ;
#2828 = PLANE ( 'NONE',  #930 ) ;
#2829 = CARTESIAN_POINT ( 'NONE',  ( -21.25174470037796581, 28.37475742951500024, 3.000000000000000000 ) ) ;
#2830 = ORIENTED_EDGE ( 'NONE', *, *, #1369, .F. ) ;
#2831 = AXIS2_PLACEMENT_3D ( 'NONE', #2239, #2841, #3130 ) ;
#2832 = CARTESIAN_POINT ( 'NONE',  ( -108.7517447003779836, 38.07475742951500308, 2.500000000000000000 ) ) ;
#2833 = CARTESIAN_POINT ( 'NONE',  ( -113.8745315356199796, 112.5855275489900151, -7.000000000000000888 ) ) ;
#2834 = ADVANCED_FACE ( 'NONE', ( #2868 ), #2520, .F. ) ;
#2835 = AXIS2_PLACEMENT_3D ( 'NONE', #1768, #2380, #3322 ) ;
#2836 = ORIENTED_EDGE ( 'NONE', *, *, #2336, .F. ) ;
#2837 = FACE_OUTER_BOUND ( 'NONE', #3264, .T. ) ;
#2838 = CYLINDRICAL_SURFACE ( 'NONE', #1791, 2.399999999999999467 ) ;
#2839 = EDGE_CURVE ( 'NONE', #409, #2342, #1104, .T. ) ;
#2840 = EDGE_CURVE ( 'NONE', #1384, #1376, #3121, .T. ) ;
#2841 = DIRECTION ( 'NONE',  ( -1.000000000000000000, 0.000000000000000000, -0.000000000000000000 ) ) ;
#2842 = VERTEX_POINT ( 'NONE', #752 ) ;
#2843 = DIRECTION ( 'NONE',  ( -1.000000000000000000, 0.000000000000000000, 0.000000000000000000 ) ) ;
#2844 = AXIS2_PLACEMENT_3D ( 'NONE', #1368, #187, #2825 ) ;
#2845 = VECTOR ( 'NONE', #3186, 1000.000000000000000 ) ;
#2846 = CARTESIAN_POINT ( 'NONE',  ( -35.22237728473499629, 107.8983947167885020, 1.000000000000000000 ) ) ;
#2847 = CARTESIAN_POINT ( 'NONE',  ( -111.3745315356199939, 32.37475742951500735, -7.000000000000000888 ) ) ;
#2848 = CARTESIAN_POINT ( 'NONE',  ( -114.3745315356199939, 29.37475742951500024, -14.00000000000000000 ) ) ;
#2849 = VERTEX_POINT ( 'NONE', #229 ) ;
#2850 = ADVANCED_FACE ( 'NONE', ( #1951 ), #3139, .F. ) ;
#2851 = ADVANCED_FACE ( 'NONE', ( #502 ), #3474, .F. ) ;
#2852 = LINE ( 'NONE', #1064, #1170 ) ;
#2853 = CARTESIAN_POINT ( 'NONE',  ( -21.25174470037796581, 116.5855275489900151, -14.00000000000000000 ) ) ;
#2854 = ORIENTED_EDGE ( 'NONE', *, *, #362, .T. ) ;
#2855 = VECTOR ( 'NONE', #1587, 1000.000000000000000 ) ;
#2856 = EDGE_CURVE ( 'NONE', #2293, #2272, #1022, .T. ) ;
#2857 = CARTESIAN_POINT ( 'NONE',  ( -115.3745315356199939, 102.3270104140210037, -5.081368200537429713E-05 ) ) ;
#2858 = DIRECTION ( 'NONE',  ( 1.000000000000000000, 0.000000000000000000, 0.000000000000000000 ) ) ;
#2859 = VERTEX_POINT ( 'NONE', #212 ) ;
#2860 = FACE_OUTER_BOUND ( 'NONE', #2358, .T. ) ;
#2861 = VERTEX_POINT ( 'NONE', #770 ) ;
#2862 = DIRECTION ( 'NONE',  ( -0.000000000000000000, -0.000000000000000000, -1.000000000000000000 ) ) ;
#2863 = EDGE_LOOP ( 'NONE', ( #1407, #96, #2168, #1350 ) ) ;
#2864 = PLANE ( 'NONE',  #40 ) ;
#2865 = DIRECTION ( 'NONE',  ( -1.000000000000000000, 0.000000000000000000, 0.000000000000000000 ) ) ;
#2866 = PERSON_AND_ORGANIZATION ( #3258, #3144 ) ;
#2867 = ADVANCED_FACE ( 'NONE', ( #3736 ), #1686, .T. ) ;
#2868 = FACE_OUTER_BOUND ( 'NONE', #3074, .T. ) ;
#2869 = ORIENTED_EDGE ( 'NONE', *, *, #3007, .T. ) ;
#2870 = VECTOR ( 'NONE', #3568, 1000.000000000000000 ) ;
#2871 = CARTESIAN_POINT ( 'NONE',  ( -53.12510033020100053, 107.9353422606009900, -1.600000000000000755 ) ) ;
#2872 = DIRECTION ( 'NONE',  ( -0.7071067811865474617, 0.7071067811865474617, -0.000000000000000000 ) ) ;
#2873 = ORIENTED_EDGE ( 'NONE', *, *, #1635, .T. ) ;
#2874 = VECTOR ( 'NONE', #1968, 1000.000000000000000 ) ;
#2875 = LINE ( 'NONE', #2915, #2256 ) ;
#2876 = CARTESIAN_POINT ( 'NONE',  ( -114.3745315356199939, 115.5855275489900151, -14.00000000000000000 ) ) ;
#2877 = VERTEX_POINT ( 'NONE', #2848 ) ;
#2878 = EDGE_CURVE ( 'NONE', #1641, #466, #482, .T. ) ;
#2879 = DIRECTION ( 'NONE',  ( -1.000000000000000000, -0.000000000000000000, -0.000000000000000000 ) ) ;
#2880 = ORIENTED_EDGE ( 'NONE', *, *, #2742, .T. ) ;
#2881 = DIRECTION ( 'NONE',  ( 0.000000000000000000, 1.000000000000000000, 0.000000000000000000 ) ) ;
#2882 = VERTEX_POINT ( 'NONE', #2285 ) ;
#2883 = ORIENTED_EDGE ( 'NONE', *, *, #3711, .F. ) ;
#2884 = CARTESIAN_POINT ( 'NONE',  ( -51.62510033020100053, 115.5855275489900151, 3.000000000000000000 ) ) ;
#2885 = DIRECTION ( 'NONE',  ( 0.000000000000000000, 0.000000000000000000, 1.000000000000000000 ) ) ;
#2886 = ADVANCED_FACE ( 'NONE', ( #2228 ), #195, .F. ) ;
#2887 = DIRECTION ( 'NONE',  ( 0.000000000000000000, 0.000000000000000000, 1.000000000000000000 ) ) ;
#2888 = ORIENTED_EDGE ( 'NONE', *, *, #92, .T. ) ;
#2889 = EDGE_CURVE ( 'NONE', #1590, #3135, #2575, .T. ) ;
#2890 = CARTESIAN_POINT ( 'NONE',  ( -114.3745315356199939, 94.38701041402200076, -4.200050813682005391 ) ) ;
#2891 = DIRECTION ( 'NONE',  ( 1.000000000000000000, 0.000000000000000000, 0.000000000000000000 ) ) ;
#2892 = PLANE ( 'NONE',  #321 ) ;
#2893 = EDGE_CURVE ( 'NONE', #2405, #839, #3771, .T. ) ;
#2894 = VECTOR ( 'NONE', #779, 1000.000000000000000 ) ;
#2895 = AXIS2_PLACEMENT_3D ( 'NONE', #1784, #3840, #2056 ) ;
#2896 = VECTOR ( 'NONE', #336, 1000.000000000000000 ) ;
#2897 = CARTESIAN_POINT ( 'NONE',  ( -115.3745315356199939, 92.38701041402200076, -4.200050813682005391 ) ) ;
#2898 = EDGE_LOOP ( 'NONE', ( #2880, #342, #52, #1177 ) ) ;
#2899 = DIRECTION ( 'NONE',  ( -0.000000000000000000, 1.000000000000000000, -0.000000000000000000 ) ) ;
#2900 = EDGE_CURVE ( 'NONE', #1510, #269, #3419, .T. ) ;
#2901 = EDGE_CURVE ( 'NONE', #3215, #2539, #2505, .T. ) ;
#2902 = ORIENTED_EDGE ( 'NONE', *, *, #106, .T. ) ;
#2903 = DIRECTION ( 'NONE',  ( 0.7071067811865482389, 0.000000000000000000, -0.7071067811865467956 ) ) ;
#2904 = ORIENTED_EDGE ( 'NONE', *, *, #2900, .T. ) ;
#2905 = ADVANCED_FACE ( 'NONE', ( #913, #1754 ), #3825, .T. ) ;
#2906 = ADVANCED_FACE ( 'NONE', ( #2634 ), #1437, .F. ) ;
#2907 = ORIENTED_EDGE ( 'NONE', *, *, #3239, .F. ) ;
#2908 = LINE ( 'NONE', #227, #1033 ) ;
#2909 = CARTESIAN_POINT ( 'NONE',  ( -21.75174470037798002, 103.5747574295150031, -14.00099999999999945 ) ) ;
#2910 = ORIENTED_EDGE ( 'NONE', *, *, #2038, .T. ) ;
#2911 = CIRCLE ( 'NONE', #2287, 1.000000000000000000 ) ;
#2912 = ADVANCED_FACE ( 'NONE', ( #2930 ), #2022, .F. ) ;
#2913 = CARTESIAN_POINT ( 'NONE',  ( -21.75174470037798002, 103.5747574295150031, 1.399999999999999911 ) ) ;
#2914 = DIRECTION ( 'NONE',  ( 1.000000000000000000, 0.000000000000000000, 0.000000000000000000 ) ) ;
#2915 = CARTESIAN_POINT ( 'NONE',  ( -114.3745315356199939, 115.5855275489900151, -13.00000000000000178 ) ) ;
#2916 = CARTESIAN_POINT ( 'NONE',  ( -104.8884403073035969, 81.00130922592666138, 1.399999999999999911 ) ) ;
#2917 = CIRCLE ( 'NONE', #2483, 6.000000000000005329 ) ;
#2918 = AXIS2_PLACEMENT_3D ( 'NONE', #1441, #1149, #3537 ) ;
#2919 = LINE ( 'NONE', #2667, #2845 ) ;
#2920 = ORIENTED_EDGE ( 'NONE', *, *, #3305, .F. ) ;
#2921 = ORIENTED_EDGE ( 'NONE', *, *, #2039, .F. ) ;
#2922 = FACE_BOUND ( 'NONE', #3400, .T. ) ;
#2923 = ORIENTED_EDGE ( 'NONE', *, *, #3607, .T. ) ;
#2924 = EDGE_CURVE ( 'NONE', #2470, #2882, #2657, .T. ) ;
#2925 = CARTESIAN_POINT ( 'NONE',  ( -35.22237728473499629, 110.3983947167885020, 1.000000000000000000 ) ) ;
#2926 = VECTOR ( 'NONE', #2976, 1000.000000000000000 ) ;
#2927 = VERTEX_POINT ( 'NONE', #2111 ) ;
#2928 = ORIENTED_EDGE ( 'NONE', *, *, #3525, .T. ) ;
#2929 = DIRECTION ( 'NONE',  ( -1.000000000000000000, 0.000000000000000000, 0.000000000000000000 ) ) ;
#2930 = FACE_OUTER_BOUND ( 'NONE', #2251, .T. ) ;
#2931 = VECTOR ( 'NONE', #192, 1000.000000000000000 ) ;
#2932 = ADVANCED_FACE ( 'NONE', ( #853 ), #585, .F. ) ;
#2933 = DIRECTION ( 'NONE',  ( 0.000000000000000000, 0.000000000000000000, 1.000000000000000000 ) ) ;
#2934 = EDGE_LOOP ( 'NONE', ( #1672, #774, #1499, #1704 ) ) ;
#2935 = VECTOR ( 'NONE', #2998, 1000.000000000000000 ) ;
#2936 = DIRECTION ( 'NONE',  ( -0.000000000000000000, 1.000000000000000000, -0.000000000000000000 ) ) ;
#2937 = PLANE ( 'NONE',  #118 ) ;
#2938 = PLANE ( 'NONE',  #3688 ) ;
#2939 = VERTEX_POINT ( 'NONE', #2387 ) ;
#2940 = LINE ( 'NONE', #1446, #1481 ) ;
#2941 = DIRECTION ( 'NONE',  ( 0.000000000000000000, 0.000000000000000000, -1.000000000000000000 ) ) ;
#2942 = FACE_OUTER_BOUND ( 'NONE', #3510, .T. ) ;
#2943 = VECTOR ( 'NONE', #3634, 1000.000000000000000 ) ;
#2944 = ORIENTED_EDGE ( 'NONE', *, *, #3239, .T. ) ;
#2945 = EDGE_CURVE ( 'NONE', #1419, #3012, #3282, .T. ) ;
#2946 = CARTESIAN_POINT ( 'NONE',  ( -24.75174470037796581, 29.87475742951499313, -7.000000000000000888 ) ) ;
#2947 = PLANE ( 'NONE',  #224 ) ;
#2948 = ORIENTED_EDGE ( 'NONE', *, *, #3729, .T. ) ;
#2949 = ORIENTED_EDGE ( 'NONE', *, *, #826, .F. ) ;
#2950 = CARTESIAN_POINT ( 'NONE',  ( -22.25174470037797647, 112.5855275489900151, -1.600000000000000755 ) ) ;
#2951 = PLANE ( 'NONE',  #1505 ) ;
#2952 = PERSON_AND_ORGANIZATION ( #3258, #3144 ) ;
#2953 = DIRECTION ( 'NONE',  ( 0.000000000000000000, 0.000000000000000000, 1.000000000000000000 ) ) ;
#2954 = ORIENTED_EDGE ( 'NONE', *, *, #362, .F. ) ;
#2955 = DIRECTION ( 'NONE',  ( 1.000000000000000000, 0.000000000000000000, -0.000000000000000000 ) ) ;
#2956 = DIRECTION ( 'NONE',  ( -0.000000000000000000, -0.000000000000000000, 1.000000000000000000 ) ) ;
#2957 = EDGE_LOOP ( 'NONE', ( #3756, #3356, #2431, #1687 ) ) ;
#2958 = ADVANCED_FACE ( 'NONE', ( #1796 ), #250, .T. ) ;
#2959 = DIRECTION ( 'NONE',  ( -1.000000000000000000, 0.000000000000000000, 0.000000000000000000 ) ) ;
#2960 = CARTESIAN_POINT ( 'NONE',  ( -93.45498533708212108, 103.5747574295150031, 0.000000000000000000 ) ) ;
#2961 = CARTESIAN_POINT ( 'NONE',  ( -21.75174470037798002, 103.5747574295150031, 1.399999999999999911 ) ) ;
#2962 = ORIENTED_EDGE ( 'NONE', *, *, #1052, .F. ) ;
#2963 = CARTESIAN_POINT ( 'NONE',  ( -21.75174470037796581, 29.37475742951500024, -13.00000000000000178 ) ) ;
#2964 = ADVANCED_FACE ( 'NONE', ( #830, #625 ), #2951, .F. ) ;
#2965 = DIRECTION ( 'NONE',  ( -0.000000000000000000, 0.000000000000000000, 1.000000000000000000 ) ) ;
#2966 = LINE ( 'NONE', #2610, #1852 ) ;
#2967 = CC_DESIGN_SECURITY_CLASSIFICATION ( #3836, ( #39 ) ) ;
#2968 = CIRCLE ( 'NONE', #1278, 2.000000000000000000 ) ;
#2969 = VERTEX_POINT ( 'NONE', #3555 ) ;
#2970 = ORIENTED_EDGE ( 'NONE', *, *, #3022, .T. ) ;
#2971 = DIRECTION ( 'NONE',  ( 1.000000000000000000, 0.000000000000000000, 0.000000000000000000 ) ) ;
#2972 = DIRECTION ( 'NONE',  ( 1.000000000000000000, 0.000000000000000000, 0.000000000000000000 ) ) ;
#2973 = DIRECTION ( 'NONE',  ( 0.000000000000000000, 1.000000000000000000, -0.000000000000000000 ) ) ;
#2974 = ORIENTED_EDGE ( 'NONE', *, *, #2999, .T. ) ;
#2975 = DIRECTION ( 'NONE',  ( 1.000000000000000000, 0.000000000000000000, 0.000000000000000000 ) ) ;
#2976 = DIRECTION ( 'NONE',  ( 1.000000000000000000, -0.000000000000000000, -0.000000000000000000 ) ) ;
#2977 = EDGE_CURVE ( 'NONE', #1169, #2201, #2695, .T. ) ;
#2978 = AXIS2_PLACEMENT_3D ( 'NONE', #3132, #3467, #3765 ) ;
#2979 = EDGE_CURVE ( 'NONE', #2313, #1565, #3014, .T. ) ;
#2980 = LINE ( 'NONE', #2705, #2123 ) ;
#2981 = DIRECTION ( 'NONE',  ( 0.000000000000000000, 0.000000000000000000, -1.000000000000000000 ) ) ;
#2982 = DIRECTION ( 'NONE',  ( 0.000000000000000000, -1.000000000000000000, 0.000000000000000000 ) ) ;
#2983 = VECTOR ( 'NONE', #1030, 1000.000000000000000 ) ;
#2984 = LINE ( 'NONE', #1469, #1960 ) ;
#2985 = ORIENTED_EDGE ( 'NONE', *, *, #2889, .F. ) ;
#2986 = DIRECTION ( 'NONE',  ( -0.000000000000000000, 1.000000000000000000, -0.000000000000000000 ) ) ;
#2987 = VECTOR ( 'NONE', #901, 1000.000000000000000 ) ;
#2988 = DIRECTION ( 'NONE',  ( 0.000000000000000000, 0.000000000000000000, -1.000000000000000000 ) ) ;
#2989 = CARTESIAN_POINT ( 'NONE',  ( -114.8745315356199939, 0.000000000000000000, 3.000000000000000000 ) ) ;
#2990 = VECTOR ( 'NONE', #836, 1000.000000000000000 ) ;
#2991 = ORIENTED_EDGE ( 'NONE', *, *, #2043, .T. ) ;
#2992 = VERTEX_POINT ( 'NONE', #3217 ) ;
#2993 = CYLINDRICAL_SURFACE ( 'NONE', #1293, 2.500000000000002220 ) ;
#2994 = CARTESIAN_POINT ( 'NONE',  ( -21.25174470037796581, 28.37475742951500024, 2.500000000000000444 ) ) ;
#2995 = CARTESIAN_POINT ( 'NONE',  ( -22.25174470037796937, 115.0855275489900293, -1.600000000000000755 ) ) ;
#2996 = ORIENTED_EDGE ( 'NONE', *, *, #2238, .T. ) ;
#2997 = LINE ( 'NONE', #232, #1982 ) ;
#2998 = DIRECTION ( 'NONE',  ( -0.000000000000000000, -0.000000000000000000, -1.000000000000000000 ) ) ;
#2999 = EDGE_CURVE ( 'NONE', #976, #2186, #333, .T. ) ;
#3000 = ORIENTED_EDGE ( 'NONE', *, *, #1109, .T. ) ;
#3001 = EDGE_LOOP ( 'NONE', ( #2970, #1504, #81, #183 ) ) ;
#3002 = CARTESIAN_POINT ( 'NONE',  ( -114.3745315356199939, 103.3270104140210037, -4.200050813682007167 ) ) ;
#3003 = CARTESIAN_POINT ( 'NONE',  ( -20.75174470037796581, 116.0855275489900151, -14.00000000000000000 ) ) ;
#3004 = CARTESIAN_POINT ( 'NONE',  ( -48.62510033020098632, 110.7252222504450003, 1.999999999999998224 ) ) ;
#3005 = ORIENTED_EDGE ( 'NONE', *, *, #3289, .F. ) ;
#3006 = LINE ( 'NONE', #653, #188 ) ;
#3007 = EDGE_CURVE ( 'NONE', #1141, #669, #3565, .T. ) ;
#3008 = LINE ( 'NONE', #2884, #1328 ) ;
#3009 = CARTESIAN_POINT ( 'NONE',  ( -113.8745315356199939, 32.37475742951500735, -1.600000000000000755 ) ) ;
#3010 = AXIS2_PLACEMENT_3D ( 'NONE', #2409, #315, #1165 ) ;
#3011 = ORIENTED_EDGE ( 'NONE', *, *, #1031, .F. ) ;
#3012 = VERTEX_POINT ( 'NONE', #2066 ) ;
#3013 = DIRECTION ( 'NONE',  ( -1.000000000000000000, 0.000000000000000000, 0.000000000000000000 ) ) ;
#3014 = LINE ( 'NONE', #2367, #2192 ) ;
#3015 = FACE_OUTER_BOUND ( 'NONE', #1991, .T. ) ;
#3016 = VERTEX_POINT ( 'NONE', #1773 ) ;
#3017 = DIRECTION ( 'NONE',  ( 1.000000000000000000, 0.000000000000000000, 0.000000000000000000 ) ) ;
#3018 = CARTESIAN_POINT ( 'NONE',  ( -49.22510033020100195, 112.6745811194067812, 3.000000000000000000 ) ) ;
#3019 = EDGE_CURVE ( 'NONE', #1666, #3196, #1480, .T. ) ;
#3020 = ORIENTED_EDGE ( 'NONE', *, *, #3591, .T. ) ;
#3021 = ORIENTED_EDGE ( 'NONE', *, *, #1628, .T. ) ;
#3022 = EDGE_CURVE ( 'NONE', #2992, #392, #2425, .T. ) ;
#3023 = DIRECTION ( 'NONE',  ( -1.000000000000000000, 0.000000000000000000, 0.000000000000000000 ) ) ;
#3024 = CARTESIAN_POINT ( 'NONE',  ( -21.75174470037798002, 35.57475742951498887, 0.000000000000000000 ) ) ;
#3025 = ORIENTED_EDGE ( 'NONE', *, *, #1230, .F. ) ;
#3026 = EDGE_CURVE ( 'NONE', #1804, #612, #635, .T. ) ;
#3027 = LINE ( 'NONE', #344, #254 ) ;
#3028 = LINE ( 'NONE', #3865, #345 ) ;
#3029 = DIRECTION ( 'NONE',  ( 1.000000000000000000, 0.000000000000000000, 0.000000000000000000 ) ) ;
#3030 = EDGE_CURVE ( 'NONE', #2642, #3348, #3639, .T. ) ;
#3031 = EDGE_CURVE ( 'NONE', #3192, #839, #386, .T. ) ;
#3032 = CIRCLE ( 'NONE', #1648, 6.000000000000005329 ) ;
#3033 = ORIENTED_EDGE ( 'NONE', *, *, #484, .F. ) ;
#3034 = AXIS2_PLACEMENT_3D ( 'NONE', #2080, #1518, #598 ) ;
#3035 = DIRECTION ( 'NONE',  ( -1.000000000000000000, -0.000000000000000000, -0.000000000000000000 ) ) ;
#3036 = EDGE_CURVE ( 'NONE', #1894, #2684, #2791, .T. ) ;
#3037 = CARTESIAN_POINT ( 'NONE',  ( -97.33388084055400213, 109.1873250874420052, 2.000000000000000000 ) ) ;
#3038 = VERTEX_POINT ( 'NONE', #1299 ) ;
#3039 = DIRECTION ( 'NONE',  ( -0.000000000000000000, -0.000000000000000000, -1.000000000000000000 ) ) ;
#3040 = FACE_OUTER_BOUND ( 'NONE', #3692, .T. ) ;
#3041 = ADVANCED_FACE ( 'NONE', ( #953 ), #3052, .T. ) ;
#3042 = VERTEX_POINT ( 'NONE', #2446 ) ;
#3043 = CARTESIAN_POINT ( 'NONE',  ( -111.3745315356199939, 32.37475742951500735, -1.600000000000000755 ) ) ;
#3044 = CARTESIAN_POINT ( 'NONE',  ( -35.22237728473499629, 110.3983947167885020, 3.000000000000000000 ) ) ;
#3045 = ORIENTED_EDGE ( 'NONE', *, *, #1082, .F. ) ;
#3046 = AXIS2_PLACEMENT_3D ( 'NONE', #1671, #1059, #456 ) ;
#3047 = DIRECTION ( 'NONE',  ( -1.000000000000000000, 0.000000000000000000, 0.000000000000000000 ) ) ;
#3048 = VECTOR ( 'NONE', #2564, 1000.000000000000000 ) ;
#3049 = CARTESIAN_POINT ( 'NONE',  ( -115.3745315356199939, 28.87475742951500735, -14.00000000000000000 ) ) ;
#3050 = DIRECTION ( 'NONE',  ( 0.000000000000000000, 0.000000000000000000, 1.000000000000000000 ) ) ;
#3051 = ORIENTED_EDGE ( 'NONE', *, *, #826, .T. ) ;
#3052 = PLANE ( 'NONE',  #876 ) ;
#3053 = CIRCLE ( 'NONE', #1099, 1.000000000000000888 ) ;
#3054 = VERTEX_POINT ( 'NONE', #2131 ) ;
#3055 = CARTESIAN_POINT ( 'NONE',  ( -114.3745315356199939, 102.3270104140210037, -5.200050813682007167 ) ) ;
#3056 = DIRECTION ( 'NONE',  ( -0.000000000000000000, 0.000000000000000000, -1.000000000000000000 ) ) ;
#3057 = ADVANCED_FACE ( 'NONE', ( #1545 ), #2737, .F. ) ;
#3058 = ORIENTED_EDGE ( 'NONE', *, *, #568, .T. ) ;
#3059 = VERTEX_POINT ( 'NONE', #2498 ) ;
#3060 = PLANE ( 'NONE',  #3613 ) ;
#3061 = DIRECTION ( 'NONE',  ( 0.000000000000000000, 0.000000000000000000, 1.000000000000000000 ) ) ;
#3062 = EDGE_LOOP ( 'NONE', ( #338, #2768, #822, #651, #3051, #1524, #996, #806 ) ) ;
#3063 = CARTESIAN_POINT ( 'NONE',  ( -22.25174470037797647, 32.37475742951500735, -1.600000000000000755 ) ) ;
#3064 = EDGE_CURVE ( 'NONE', #3054, #331, #98, .T. ) ;
#3065 = DIRECTION ( 'NONE',  ( -0.000000000000000000, -0.000000000000000000, 1.000000000000000000 ) ) ;
#3066 = VECTOR ( 'NONE', #3649, 1000.000000000000000 ) ;
#3067 = ORIENTED_EDGE ( 'NONE', *, *, #3082, .T. ) ;
#3068 = DIRECTION ( 'NONE',  ( 1.000000000000000000, 0.000000000000000000, 0.000000000000000000 ) ) ;
#3069 = VECTOR ( 'NONE', #1675, 1000.000000000000000 ) ;
#3070 = ORIENTED_EDGE ( 'NONE', *, *, #1445, .T. ) ;
#3071 = LINE ( 'NONE', #406, #1650 ) ;
#3072 = DIRECTION ( 'NONE',  ( 0.000000000000000000, 0.000000000000000000, 1.000000000000000000 ) ) ;
#3073 = ORIENTED_EDGE ( 'NONE', *, *, #2078, .T. ) ;
#3074 = EDGE_LOOP ( 'NONE', ( #3280, #3248, #3641, #2108 ) ) ;
#3075 = LINE ( 'NONE', #633, #856 ) ;
#3076 = CARTESIAN_POINT ( 'NONE',  ( -104.8884403073035969, 58.25087118297059163, 1.399999999999999911 ) ) ;
#3077 = ORIENTED_EDGE ( 'NONE', *, *, #1916, .F. ) ;
#3078 = VECTOR ( 'NONE', #360, 1000.000000000000000 ) ;
#3079 = DIRECTION ( 'NONE',  ( 0.000000000000000000, 0.000000000000000000, -1.000000000000000000 ) ) ;
#3080 = EDGE_CURVE ( 'NONE', #1035, #2697, #2774, .T. ) ;
#3081 = LINE ( 'NONE', #1279, #1088 ) ;
#3082 = EDGE_CURVE ( 'NONE', #2861, #3380, #1563, .T. ) ;
#3083 = EDGE_LOOP ( 'NONE', ( #1745, #2721, #1676, #1399 ) ) ;
#3084 = DIRECTION ( 'NONE',  ( 1.000000000000000000, 0.000000000000000000, 0.000000000000000000 ) ) ;
#3085 = EDGE_LOOP ( 'NONE', ( #253, #69, #2149, #3497 ) ) ;
#3086 = VECTOR ( 'NONE', #454, 1000.000000000000000 ) ;
#3087 = VECTOR ( 'NONE', #2187, 1000.000000000000000 ) ;
#3088 = CARTESIAN_POINT ( 'NONE',  ( -23.25174470037796937, 38.07475742951500308, 3.000000000000000000 ) ) ;
#3089 = PLANE ( 'NONE',  #1934 ) ;
#3090 = EDGE_LOOP ( 'NONE', ( #265, #190, #1544, #630 ) ) ;
#3091 = ORIENTED_EDGE ( 'NONE', *, *, #2370, .F. ) ;
#3092 = LINE ( 'NONE', #2726, #2855 ) ;
#3093 = CARTESIAN_POINT ( 'NONE',  ( -111.3745315356199939, 32.37475742951500735, -7.000000000000000888 ) ) ;
#3094 = ORIENTED_EDGE ( 'NONE', *, *, #1180, .T. ) ;
#3095 = PLANE ( 'NONE',  #11 ) ;
#3096 = VECTOR ( 'NONE', #3562, 1000.000000000000000 ) ;
#3097 = DIRECTION ( 'NONE',  ( 0.000000000000000000, -0.000000000000000000, 1.000000000000000000 ) ) ;
#3098 = LINE ( 'NONE', #955, #3518 ) ;
#3099 = EDGE_LOOP ( 'NONE', ( #1410, #491, #2902, #2873, #909 ) ) ;
#3100 = DIRECTION ( 'NONE',  ( -0.000000000000000000, -0.000000000000000000, -1.000000000000000000 ) ) ;
#3101 = VERTEX_POINT ( 'NONE', #986 ) ;
#3102 = VECTOR ( 'NONE', #24, 1000.000000000000000 ) ;
#3103 = DIRECTION ( 'NONE',  ( 0.000000000000000000, 1.000000000000000000, 0.000000000000000000 ) ) ;
#3104 = ORIENTED_EDGE ( 'NONE', *, *, #310, .F. ) ;
#3105 = DIRECTION ( 'NONE',  ( -1.000000000000000000, 0.000000000000000000, 0.000000000000000000 ) ) ;
#3106 = DIRECTION ( 'NONE',  ( 0.000000000000000000, 1.000000000000000000, 0.000000000000000000 ) ) ;
#3107 = ORIENTED_EDGE ( 'NONE', *, *, #3576, .T. ) ;
#3108 = AXIS2_PLACEMENT_3D ( 'NONE', #2350, #2071, #276 ) ;
#3109 = CARTESIAN_POINT ( 'NONE',  ( -111.3745315356199939, 112.5855275489900151, -7.000000000000000888 ) ) ;
#3110 = CIRCLE ( 'NONE', #1247, 2.399999999999999467 ) ;
#3111 = CARTESIAN_POINT ( 'NONE',  ( -50.62510033020100053, 110.7252222504450003, -14.00000000000000178 ) ) ;
#3112 = DIRECTION ( 'NONE',  ( -0.000000000000000000, 0.000000000000000000, 1.000000000000000000 ) ) ;
#3113 = VECTOR ( 'NONE', #1530, 1000.000000000000000 ) ;
#3114 = VERTEX_POINT ( 'NONE', #115 ) ;
#3115 = CARTESIAN_POINT ( 'NONE',  ( -85.33388084055398792, 109.1873250874420052, 0.000000000000000000 ) ) ;
#3116 = VERTEX_POINT ( 'NONE', #3345 ) ;
#3117 = ADVANCED_FACE ( 'NONE', ( #695 ), #660, .F. ) ;
#3118 = CARTESIAN_POINT ( 'NONE',  ( -42.56818897637700161, 107.8983947167885020, 0.000000000000000000 ) ) ;
#3119 = FACE_BOUND ( 'NONE', #1414, .T. ) ;
#3120 = AXIS2_PLACEMENT_3D ( 'NONE', #2544, #1591, #2805 ) ;
#3121 = LINE ( 'NONE', #2267, #3752 ) ;
#3122 = ORIENTED_EDGE ( 'NONE', *, *, #707, .T. ) ;
#3123 = EDGE_CURVE ( 'NONE', #2186, #2514, #369, .T. ) ;
#3124 = EDGE_CURVE ( 'NONE', #3175, #3054, #1266, .T. ) ;
#3125 = CARTESIAN_POINT ( 'NONE',  ( -47.28552197104399824, 113.5855275489900151, 0.9999999999999997780 ) ) ;
#3126 = CARTESIAN_POINT ( 'NONE',  ( -46.78552197104399113, 116.5855275489900151, 1.000000000000000888 ) ) ;
#3127 = ORIENTED_EDGE ( 'NONE', *, *, #2626, .F. ) ;
#3128 = PLANE ( 'NONE',  #1187 ) ;
#3129 = DIRECTION ( 'NONE',  ( 1.000000000000000000, -7.333216591886357273E-17, 0.000000000000000000 ) ) ;
#3130 = DIRECTION ( 'NONE',  ( -0.000000000000000000, 0.000000000000000000, 1.000000000000000000 ) ) ;
#3131 = VERTEX_POINT ( 'NONE', #970 ) ;
#3132 = CARTESIAN_POINT ( 'NONE',  ( -35.22237728473499629, 110.3983947167885020, 1.000000000000000000 ) ) ;
#3133 = EDGE_CURVE ( 'NONE', #606, #3352, #2169, .T. ) ;
#3134 = ADVANCED_FACE ( 'NONE', ( #1837 ), #3378, .F. ) ;
#3135 = VERTEX_POINT ( 'NONE', #403 ) ;
#3136 = CYLINDRICAL_SURFACE ( 'NONE', #3655, 2.000000000000008882 ) ;
#3137 = FACE_OUTER_BOUND ( 'NONE', #3469, .T. ) ;
#3138 = EDGE_CURVE ( 'NONE', #3335, #3173, #715, .T. ) ;
#3139 = PLANE ( 'NONE',  #2061 ) ;
#3140 = ORIENTED_EDGE ( 'NONE', *, *, #2190, .T. ) ;
#3141 = VECTOR ( 'NONE', #473, 1000.000000000000000 ) ;
#3142 = PLANE ( 'NONE',  #2674 ) ;
#3143 = CARTESIAN_POINT ( 'NONE',  ( -24.75174470037796581, 29.87475742951499313, -1.600000000000000755 ) ) ;
#3144 = ORGANIZATION ( '未指定', '未指定', '' ) ;
#3145 = AXIS2_PLACEMENT_3D ( 'NONE', #2744, #1253, #1637 ) ;
#3146 = ORIENTED_EDGE ( 'NONE', *, *, #90, .F. ) ;
#3147 = APPROVAL ( #1458, '未指定' ) ;
#3148 = CYLINDRICAL_SURFACE ( 'NONE', #3246, 2.000000000000000000 ) ;
#3149 = DIRECTION ( 'NONE',  ( 0.000000000000000000, 0.000000000000000000, -1.000000000000000000 ) ) ;
#3150 = ORIENTED_EDGE ( 'NONE', *, *, #681, .T. ) ;
#3151 = LINE ( 'NONE', #492, #3141 ) ;
#3152 = ORIENTED_EDGE ( 'NONE', *, *, #2249, .T. ) ;
#3153 = FACE_OUTER_BOUND ( 'NONE', #1455, .T. ) ;
#3154 = AXIS2_PLACEMENT_3D ( 'NONE', #3276, #599, #78 ) ;
#3155 = ORIENTED_EDGE ( 'NONE', *, *, #2006, .F. ) ;
#3156 = VECTOR ( 'NONE', #594, 1000.000000000000000 ) ;
#3157 = FACE_OUTER_BOUND ( 'NONE', #1283, .T. ) ;
#3158 = CARTESIAN_POINT ( 'NONE',  ( -49.78552197104399824, 116.5855275489900151, -1.350050801712995741 ) ) ;
#3159 = DIRECTION ( 'NONE',  ( 0.000000000000000000, 0.000000000000000000, 1.000000000000000000 ) ) ;
#3160 = VERTEX_POINT ( 'NONE', #425 ) ;
#3161 = VECTOR ( 'NONE', #2472, 1000.000000000000000 ) ;
#3162 = ADVANCED_FACE ( 'NONE', ( #1615 ), #2811, .T. ) ;
#3163 = FACE_OUTER_BOUND ( 'NONE', #1861, .T. ) ;
#3164 = FACE_OUTER_BOUND ( 'NONE', #1066, .T. ) ;
#3165 = ORIENTED_EDGE ( 'NONE', *, *, #2769, .T. ) ;
#3166 = VECTOR ( 'NONE', #2598, 1000.000000000000000 ) ;
#3167 = DIRECTION ( 'NONE',  ( 0.000000000000000000, 0.000000000000000000, 1.000000000000000000 ) ) ;
#3168 = EDGE_CURVE ( 'NONE', #659, #515, #3433, .T. ) ;
#3169 = FACE_OUTER_BOUND ( 'NONE', #3241, .T. ) ;
#3170 = EDGE_LOOP ( 'NONE', ( #1294, #3140, #1955, #3434 ) ) ;
#3171 = DIRECTION ( 'NONE',  ( 0.000000000000000000, 0.000000000000000000, -1.000000000000000000 ) ) ;
#3172 = EDGE_CURVE ( 'NONE', #326, #2747, #1964, .T. ) ;
#3173 = VERTEX_POINT ( 'NONE', #3115 ) ;
#3174 = DIRECTION ( 'NONE',  ( 1.000000000000000000, 0.000000000000000000, 0.000000000000000000 ) ) ;
#3175 = VERTEX_POINT ( 'NONE', #2515 ) ;
#3176 = DIRECTION ( 'NONE',  ( 0.000000000000000000, -0.000000000000000000, -1.000000000000000000 ) ) ;
#3177 = CARTESIAN_POINT ( 'NONE',  ( -24.75174470037796581, 32.37475742951500735, -1.600000000000000755 ) ) ;
#3178 = EDGE_CURVE ( 'NONE', #2877, #2272, #3709, .T. ) ;
#3179 = LINE ( 'NONE', #2909, #1121 ) ;
#3180 = ORIENTED_EDGE ( 'NONE', *, *, #2084, .F. ) ;
#3181 = AXIS2_PLACEMENT_3D ( 'NONE', #1380, #217, #467 ) ;
#3182 = DIRECTION ( 'NONE',  ( 0.000000000000000000, -1.000000000000000000, 0.000000000000000000 ) ) ;
#3183 = DIRECTION ( 'NONE',  ( 1.000000000000000000, -0.000000000000000000, -0.000000000000000000 ) ) ;
#3184 = VECTOR ( 'NONE', #1249, 1000.000000000000000 ) ;
#3185 = FACE_OUTER_BOUND ( 'NONE', #361, .T. ) ;
#3186 = DIRECTION ( 'NONE',  ( -1.000000000000000000, 0.000000000000000000, 0.000000000000000000 ) ) ;
#3187 = ORIENTED_EDGE ( 'NONE', *, *, #535, .F. ) ;
#3188 = EDGE_CURVE ( 'NONE', #2363, #3759, #494, .T. ) ;
#3189 = EDGE_CURVE ( 'NONE', #3797, #3192, #513, .T. ) ;
#3190 = ORIENTED_EDGE ( 'NONE', *, *, #2496, .F. ) ;
#3191 = FACE_OUTER_BOUND ( 'NONE', #3697, .T. ) ;
#3192 = VERTEX_POINT ( 'NONE', #1073 ) ;
#3193 = FACE_OUTER_BOUND ( 'NONE', #2045, .T. ) ;
#3194 = ADVANCED_FACE ( 'NONE', ( #1946 ), #1028, .T. ) ;
#3195 = ORIENTED_EDGE ( 'NONE', *, *, #2210, .T. ) ;
#3196 = VERTEX_POINT ( 'NONE', #2569 ) ;
#3197 = FACE_OUTER_BOUND ( 'NONE', #791, .T. ) ;
#3198 = LINE ( 'NONE', #210, #3428 ) ;
#3199 = PERSON_AND_ORGANIZATION_ROLE ( 'creator' ) ;
#3200 = CARTESIAN_POINT ( 'NONE',  ( -114.3745315356199939, 115.5855275489900151, -14.00000000000000000 ) ) ;
#3201 = ORIENTED_EDGE ( 'NONE', *, *, #1979, .T. ) ;
#3202 = DIRECTION ( 'NONE',  ( 0.000000000000000000, -1.000000000000000000, 0.000000000000000000 ) ) ;
#3203 = DIRECTION ( 'NONE',  ( 0.000000000000000000, 1.000000000000000000, 0.000000000000000000 ) ) ;
#3204 = CARTESIAN_POINT ( 'NONE',  ( -113.8745315356199939, 115.0855275489900293, -7.000000000000000888 ) ) ;
#3205 = ADVANCED_FACE ( 'NONE', ( #1389 ), #2279, .F. ) ;
#3206 = AXIS2_PLACEMENT_3D ( 'NONE', #1431, #533, #1409 ) ;
#3207 = AXIS2_PLACEMENT_3D ( 'NONE', #3768, #1077, #3176 ) ;
#3208 = DIRECTION ( 'NONE',  ( 0.000000000000000000, 0.000000000000000000, -1.000000000000000000 ) ) ;
#3209 = CARTESIAN_POINT ( 'NONE',  ( -21.75174470037798002, 35.57475742951498887, 1.399999999999999911 ) ) ;
#3210 = VERTEX_POINT ( 'NONE', #442 ) ;
#3211 = DIRECTION ( 'NONE',  ( 0.000000000000000000, 0.7071067811865469066, 0.7071067811865481278 ) ) ;
#3212 = ORIENTED_EDGE ( 'NONE', *, *, #218, .T. ) ;
#3213 = CARTESIAN_POINT ( 'NONE',  ( -111.3745315356199939, 112.5855275489900151, -7.000000000000000888 ) ) ;
#3214 = VERTEX_POINT ( 'NONE', #1984 ) ;
#3215 = VERTEX_POINT ( 'NONE', #1653 ) ;
#3216 = CARTESIAN_POINT ( 'NONE',  ( -93.45498533708212108, 103.5747574295150031, 1.399999999999999911 ) ) ;
#3217 = CARTESIAN_POINT ( 'NONE',  ( -22.25174470037796937, 29.87475742951499313, -7.000000000000000888 ) ) ;
#3218 = COORDINATED_UNIVERSAL_TIME_OFFSET ( 8, 0, .AHEAD. ) ;
#3219 = AXIS2_PLACEMENT_3D ( 'NONE', #2712, #1577, #984 ) ;
#3220 = PLANE ( 'NONE',  #1212 ) ;
#3221 = ORIENTED_EDGE ( 'NONE', *, *, #3842, .F. ) ;
#3222 = AXIS2_PLACEMENT_3D ( 'NONE', #2060, #3232, #2017 ) ;
#3223 = CARTESIAN_POINT ( 'NONE',  ( -115.3745315356199939, 28.87475742951500735, 2.500000000000000444 ) ) ;
#3224 = CARTESIAN_POINT ( 'NONE',  ( -21.75174470037798002, 103.5747574295150031, 1.399999999999999911 ) ) ;
#3225 = ORIENTED_EDGE ( 'NONE', *, *, #560, .F. ) ;
#3226 = DIRECTION ( 'NONE',  ( 0.000000000000000000, 0.000000000000000000, -1.000000000000000000 ) ) ;
#3227 = CIRCLE ( 'NONE', #411, 2.500000000000002220 ) ;
#3228 = AXIS2_PLACEMENT_3D ( 'NONE', #772, #215, #3739 ) ;
#3229 = LINE ( 'NONE', #1700, #1475 ) ;
#3230 = VERTEX_POINT ( 'NONE', #1036 ) ;
#3231 = LINE ( 'NONE', #221, #2894 ) ;
#3232 = DIRECTION ( 'NONE',  ( 0.000000000000000000, 0.000000000000000000, 1.000000000000000000 ) ) ;
#3233 = ORIENTED_EDGE ( 'NONE', *, *, #5, .F. ) ;
#3234 = ORIENTED_EDGE ( 'NONE', *, *, #3036, .T. ) ;
#3235 = CYLINDRICAL_SURFACE ( 'NONE', #1724, 2.000000000000008882 ) ;
#3236 = DIRECTION ( 'NONE',  ( -1.000000000000000000, 0.000000000000000000, 0.000000000000000000 ) ) ;
#3237 = DIRECTION ( 'NONE',  ( 1.000000000000000000, 0.000000000000000000, 0.000000000000000000 ) ) ;
#3238 = VECTOR ( 'NONE', #1966, 1000.000000000000000 ) ;
#3239 = EDGE_CURVE ( 'NONE', #2613, #3318, #3748, .T. ) ;
#3240 = CARTESIAN_POINT ( 'NONE',  ( -114.3745315356199939, 81.00130922592666138, 0.000000000000000000 ) ) ;
#3241 = EDGE_LOOP ( 'NONE', ( #2044, #1594, #2923, #2566 ) ) ;
#3242 = EDGE_CURVE ( 'NONE', #2927, #1307, #2223, .T. ) ;
#3243 = VECTOR ( 'NONE', #2329, 1000.000000000000000 ) ;
#3244 = DIRECTION ( 'NONE',  ( 1.000000000000000000, 0.000000000000000000, 0.000000000000000000 ) ) ;
#3245 = CARTESIAN_POINT ( 'NONE',  ( -114.3745315356199939, 35.57475742951498887, 1.399999999999999911 ) ) ;
#3246 = AXIS2_PLACEMENT_3D ( 'NONE', #3462, #3813, #3167 ) ;
#3247 = ADVANCED_FACE ( 'NONE', ( #172 ), #1633, .F. ) ;
#3248 = ORIENTED_EDGE ( 'NONE', *, *, #3479, .F. ) ;
#3249 = DIRECTION ( 'NONE',  ( 0.000000000000000000, -0.000000000000000000, 1.000000000000000000 ) ) ;
#3250 = LINE ( 'NONE', #3003, #1808 ) ;
#3251 = LINE ( 'NONE', #577, #3458 ) ;
#3252 = AXIS2_PLACEMENT_3D ( 'NONE', #56, #3254, #1516 ) ;
#3253 = EDGE_LOOP ( 'NONE', ( #1701, #850, #2596, #3628 ) ) ;
#3254 = DIRECTION ( 'NONE',  ( -0.7071067811865475727, -0.7071067811865475727, 0.000000000000000000 ) ) ;
#3255 = DIRECTION ( 'NONE',  ( -0.000000000000000000, -1.000000000000000000, -0.000000000000000000 ) ) ;
#3256 = ORIENTED_EDGE ( 'NONE', *, *, #2616, .T. ) ;
#3257 = ORIENTED_EDGE ( 'NONE', *, *, #2200, .T. ) ;
#3258 = PERSON ( '未指定', '未指定', '未指定', ('未指定'), ('未指定'), ('未指定') ) ;
#3259 = ADVANCED_FACE ( 'NONE', ( #3193 ), #1706, .F. ) ;
#3260 = LINE ( 'NONE', #565, #3102 ) ;
#3261 = DIRECTION ( 'NONE',  ( 0.000000000000000000, 0.000000000000000000, 1.000000000000000000 ) ) ;
#3262 = ADVANCED_FACE ( 'NONE', ( #3153 ), #476, .T. ) ;
#3263 = LINE ( 'NONE', #1757, #2211 ) ;
#3264 = EDGE_LOOP ( 'NONE', ( #553, #3762, #2301, #895 ) ) ;
#3265 = LINE ( 'NONE', #9, #2990 ) ;
#3266 = CARTESIAN_POINT ( 'NONE',  ( -114.8745315356199939, 0.000000000000000000, 3.000000000000000000 ) ) ;
#3267 = CARTESIAN_POINT ( 'NONE',  ( -113.8745315356199939, 32.37475742951500735, -7.000000000000000888 ) ) ;
#3268 = CARTESIAN_POINT ( 'NONE',  ( -115.3745315356199939, 116.0855275489900151, -14.00000000000000000 ) ) ;
#3269 = DIRECTION ( 'NONE',  ( 0.7071067811865474617, -0.7071067811865474617, -0.000000000000000000 ) ) ;
#3270 = CARTESIAN_POINT ( 'NONE',  ( -24.75174470037796581, 115.0855275489900293, -1.600000000000000755 ) ) ;
#3271 = APPROVAL ( #2304, '未指定' ) ;
#3272 = EDGE_LOOP ( 'NONE', ( #3021, #1466, #268, #1319, #888, #2619, #2606, #1895, #391, #2453 ) ) ;
#3273 = VECTOR ( 'NONE', #655, 1000.000000000000114 ) ;
#3274 = DIRECTION ( 'NONE',  ( 1.000000000000000000, 0.000000000000000000, 0.000000000000000000 ) ) ;
#3275 = CARTESIAN_POINT ( 'NONE',  ( -23.25174470037798358, 101.5747574295149889, 2.500000000000000000 ) ) ;
#3276 = CARTESIAN_POINT ( 'NONE',  ( -50.62510033020100053, 110.7252222504450003, 1.999999999999998224 ) ) ;
#3277 =( GEOMETRIC_REPRESENTATION_CONTEXT ( 3 ) GLOBAL_UNCERTAINTY_ASSIGNED_CONTEXT ( ( #1899 ) ) GLOBAL_UNIT_ASSIGNED_CONTEXT ( ( #2346, #1967, #544 ) ) REPRESENTATION_CONTEXT ( 'NONE', 'WORKASPACE' ) );
#3278 = ORIENTED_EDGE ( 'NONE', *, *, #597, .F. ) ;
#3279 = EDGE_CURVE ( 'NONE', #1839, #2713, #1910, .T. ) ;
#3280 = ORIENTED_EDGE ( 'NONE', *, *, #2600, .T. ) ;
#3281 = CARTESIAN_POINT ( 'NONE',  ( -115.3745315356199939, 28.87475742951500735, 2.500000000000000444 ) ) ;
#3282 = LINE ( 'NONE', #2047, #1999 ) ;
#3283 = PLANE ( 'NONE',  #1705 ) ;
#3284 = ORIENTED_EDGE ( 'NONE', *, *, #947, .F. ) ;
#3285 = DIRECTION ( 'NONE',  ( 0.000000000000000000, 0.000000000000000000, 1.000000000000000000 ) ) ;
#3286 = DIRECTION ( 'NONE',  ( 0.000000000000000000, 0.000000000000000000, 1.000000000000000000 ) ) ;
#3287 = ORIENTED_EDGE ( 'NONE', *, *, #3123, .F. ) ;
#3288 = ORIENTED_EDGE ( 'NONE', *, *, #1465, .F. ) ;
#3289 = EDGE_CURVE ( 'NONE', #2244, #2816, #2588, .T. ) ;
#3290 = CARTESIAN_POINT ( 'NONE',  ( -32.72237728473499629, 110.3983947167885020, 0.000000000000000000 ) ) ;
#3291 = CARTESIAN_POINT ( 'NONE',  ( -93.45498533708212108, 103.5747574295150031, 2.000000000000000000 ) ) ;
#3292 = LINE ( 'NONE', #615, #1213 ) ;
#3293 = ORIENTED_EDGE ( 'NONE', *, *, #647, .F. ) ;
#3294 = DIRECTION ( 'NONE',  ( 1.000000000000000000, 0.000000000000000000, -0.000000000000000000 ) ) ;
#3295 = AXIS2_PLACEMENT_3D ( 'NONE', #3541, #2054, #3249 ) ;
#3296 = DIRECTION ( 'NONE',  ( 0.000000000000000000, 0.000000000000000000, -1.000000000000000000 ) ) ;
#3297 = DIRECTION ( 'NONE',  ( -0.000000000000000000, -0.000000000000000000, 1.000000000000000000 ) ) ;
#3298 = VECTOR ( 'NONE', #3514, 1000.000000000000114 ) ;
#3299 = ADVANCED_FACE ( 'NONE', ( #2297 ), #2651, .T. ) ;
#3300 = ORIENTED_EDGE ( 'NONE', *, *, #2204, .F. ) ;
#3301 = EDGE_LOOP ( 'NONE', ( #2057, #358, #611, #2120 ) ) ;
#3302 = CARTESIAN_POINT ( 'NONE',  ( -111.3745315356199796, 29.87475742951500024, -7.000000000000000888 ) ) ;
#3303 = DIRECTION ( 'NONE',  ( 0.000000000000000000, -1.000000000000000000, 0.000000000000000000 ) ) ;
#3304 = VECTOR ( 'NONE', #773, 1000.000000000000000 ) ;
#3305 = EDGE_CURVE ( 'NONE', #3782, #2613, #2966, .T. ) ;
#3306 = PLANE ( 'NONE',  #37 ) ;
#3307 = VERTEX_POINT ( 'NONE', #1748 ) ;
#3308 = VECTOR ( 'NONE', #1693, 1000.000000000000000 ) ;
#3309 = DIRECTION ( 'NONE',  ( 1.000000000000000000, -0.000000000000000000, -0.000000000000000000 ) ) ;
#3310 = DIRECTION ( 'NONE',  ( -0.000000000000000000, 1.000000000000000000, -2.617791965760031614E-16 ) ) ;
#3311 = EDGE_CURVE ( 'NONE', #2877, #2861, #1202, .T. ) ;
#3312 = VERTEX_POINT ( 'NONE', #3009 ) ;
#3313 = ORIENTED_EDGE ( 'NONE', *, *, #3413, .F. ) ;
#3314 = VECTOR ( 'NONE', #390, 1000.000000000000000 ) ;
#3315 = LINE ( 'NONE', #943, #2798 ) ;
#3316 = CARTESIAN_POINT ( 'NONE',  ( -35.22237728473499629, 110.3983947167885020, 3.000000000000000000 ) ) ;
#3317 = ADVANCED_FACE ( 'NONE', ( #2672 ), #867, .T. ) ;
#3318 = VERTEX_POINT ( 'NONE', #308 ) ;
#3319 = ADVANCED_FACE ( 'NONE', ( #1723 ), #2947, .T. ) ;
#3320 = DIRECTION ( 'NONE',  ( 0.000000000000000000, 0.000000000000000000, -1.000000000000000000 ) ) ;
#3321 = AXIS2_PLACEMENT_3D ( 'NONE', #3539, #1656, #1640 ) ;
#3322 = DIRECTION ( 'NONE',  ( 0.000000000000000000, -0.000000000000000000, -1.000000000000000000 ) ) ;
#3323 = FACE_OUTER_BOUND ( 'NONE', #701, .T. ) ;
#3324 = EDGE_CURVE ( 'NONE', #2062, #466, #914, .T. ) ;
#3325 = VERTEX_POINT ( 'NONE', #2107 ) ;
#3326 = CARTESIAN_POINT ( 'NONE',  ( -48.28552197104399824, 113.5855275489900151, -3.350050801712995074 ) ) ;
#3327 = ADVANCED_FACE ( 'NONE', ( #1412 ), #2361, .F. ) ;
#3328 = DIRECTION ( 'NONE',  ( 0.7071067811865474617, -0.7071067811865474617, -0.000000000000000000 ) ) ;
#3329 = VERTEX_POINT ( 'NONE', #1769 ) ;
#3330 = PLANE ( 'NONE',  #3145 ) ;
#3331 = CARTESIAN_POINT ( 'NONE',  ( -114.3745315356199939, 94.38701041402200076, -2.000050813682005213 ) ) ;
#3332 = ORIENTED_EDGE ( 'NONE', *, *, #647, .T. ) ;
#3333 = FACE_OUTER_BOUND ( 'NONE', #3090, .T. ) ;
#3334 = DIRECTION ( 'NONE',  ( -0.000000000000000000, -0.000000000000000000, -1.000000000000000000 ) ) ;
#3335 = VERTEX_POINT ( 'NONE', #1182 ) ;
#3336 = EDGE_CURVE ( 'NONE', #669, #2939, #51, .T. ) ;
#3337 = DIRECTION ( 'NONE',  ( 1.000000000000000000, 0.000000000000000000, 0.000000000000000000 ) ) ;
#3338 = DIRECTION ( 'NONE',  ( 1.000000000000000000, 0.000000000000000000, 0.000000000000000000 ) ) ;
#3339 = CARTESIAN_POINT ( 'NONE',  ( -21.75174470037796581, 115.5855275489900151, -13.00000000000000178 ) ) ;
#3340 = AXIS2_PLACEMENT_3D ( 'NONE', #379, #1556, #3699 ) ;
#3341 = EDGE_CURVE ( 'NONE', #3785, #2363, #3593, .T. ) ;
#3342 = VECTOR ( 'NONE', #2260, 1000.000000000000000 ) ;
#3343 = ORIENTED_EDGE ( 'NONE', *, *, #1759, .T. ) ;
#3344 = AXIS2_PLACEMENT_3D ( 'NONE', #3642, #2429, #2484 ) ;
#3345 = CARTESIAN_POINT ( 'NONE',  ( -114.8745315356199939, 116.5855275489900151, 2.500000000000000444 ) ) ;
#3346 = SHAPE_DEFINITION_REPRESENTATION ( #2088, #3818 ) ;
#3347 = DIRECTION ( 'NONE',  ( 0.000000000000000000, 0.000000000000000000, 1.000000000000000000 ) ) ;
#3348 = VERTEX_POINT ( 'NONE', #907 ) ;
#3349 = CARTESIAN_POINT ( 'NONE',  ( 0.000000000000000000, 0.000000000000000000, -1.600000000000000755 ) ) ;
#3350 = CARTESIAN_POINT ( 'NONE',  ( -21.75174470037798002, 103.5747574295150031, 0.000000000000000000 ) ) ;
#3351 = ORIENTED_EDGE ( 'NONE', *, *, #1803, .F. ) ;
#3352 = VERTEX_POINT ( 'NONE', #244 ) ;
#3353 = EDGE_CURVE ( 'NONE', #736, #2793, #3802, .T. ) ;
#3354 = LINE ( 'NONE', #393, #2543 ) ;
#3355 = DIRECTION ( 'NONE',  ( -0.000000000000000000, -0.000000000000000000, -1.000000000000000000 ) ) ;
#3356 = ORIENTED_EDGE ( 'NONE', *, *, #1741, .F. ) ;
#3357 = AXIS2_PLACEMENT_3D ( 'NONE', #1688, #2881, #223 ) ;
#3358 = DIRECTION ( 'NONE',  ( -0.000000000000000000, 0.000000000000000000, 1.000000000000000000 ) ) ;
#3359 = CIRCLE ( 'NONE', #1975, 2.000000000000000000 ) ;
#3360 = CARTESIAN_POINT ( 'NONE',  ( -114.8745315356199939, 116.5855275489900151, 3.000000000000000000 ) ) ;
#3361 = ORIENTED_EDGE ( 'NONE', *, *, #1781, .F. ) ;
#3362 = CARTESIAN_POINT ( 'NONE',  ( -111.3745315356199939, 112.5855275489900151, -7.000000000000000888 ) ) ;
#3363 = VECTOR ( 'NONE', #2121, 1000.000000000000000 ) ;
#3364 = EDGE_LOOP ( 'NONE', ( #3020, #1996, #7, #2180 ) ) ;
#3365 = CARTESIAN_POINT ( 'NONE',  ( -111.3745315356199796, 29.87475742951500024, -1.600000000000000755 ) ) ;
#3366 = DIRECTION ( 'NONE',  ( -0.000000000000000000, -0.000000000000000000, 1.000000000000000000 ) ) ;
#3367 = EDGE_CURVE ( 'NONE', #3230, #3857, #2732, .T. ) ;
#3368 = ORIENTED_EDGE ( 'NONE', *, *, #423, .T. ) ;
#3369 = VERTEX_POINT ( 'NONE', #3821 ) ;
#3370 = DIRECTION ( 'NONE',  ( -0.000000000000000000, -0.000000000000000000, -1.000000000000000000 ) ) ;
#3371 = LINE ( 'NONE', #3403, #1890 ) ;
#3372 = ORIENTED_EDGE ( 'NONE', *, *, #1238, .T. ) ;
#3373 = ADVANCED_FACE ( 'NONE', ( #2081 ), #1474, .F. ) ;
#3374 = CARTESIAN_POINT ( 'NONE',  ( -24.75174470037796581, 112.5855275489900151, -1.600000000000000755 ) ) ;
#3375 = DIRECTION ( 'NONE',  ( -1.000000000000000000, 0.000000000000000000, 0.000000000000000000 ) ) ;
#3376 = VECTOR ( 'NONE', #1471, 1000.000000000000000 ) ;
#3377 = ORIENTED_EDGE ( 'NONE', *, *, #1684, .F. ) ;
#3378 = CYLINDRICAL_SURFACE ( 'NONE', #3851, 5.250000000000004441 ) ;
#3379 = AXIS2_PLACEMENT_3D ( 'NONE', #2345, #1186, #566 ) ;
#3380 = VERTEX_POINT ( 'NONE', #2630 ) ;
#3381 = EDGE_CURVE ( 'NONE', #1657, #3617, #3866, .T. ) ;
#3382 = CARTESIAN_POINT ( 'NONE',  ( -20.75174470037796581, 28.87475742951500735, -14.00000000000000000 ) ) ;
#3383 = LINE ( 'NONE', #645, #1746 ) ;
#3384 = ORIENTED_EDGE ( 'NONE', *, *, #2979, .F. ) ;
#3385 = ORIENTED_EDGE ( 'NONE', *, *, #279, .F. ) ;
#3386 = DIRECTION ( 'NONE',  ( 0.000000000000000000, 0.000000000000000000, 1.000000000000000000 ) ) ;
#3387 = CARTESIAN_POINT ( 'NONE',  ( -21.75174470037796581, 115.5855275489900151, -14.00000000000000000 ) ) ;
#3388 = ORIENTED_EDGE ( 'NONE', *, *, #44, .T. ) ;
#3389 = LINE ( 'NONE', #3724, #2379 ) ;
#3390 = LINE ( 'NONE', #329, #3728 ) ;
#3391 = AXIS2_PLACEMENT_3D ( 'NONE', #1292, #2524, #433 ) ;
#3392 = VERTEX_POINT ( 'NONE', #3524 ) ;
#3393 = DIRECTION ( 'NONE',  ( 1.000000000000000000, -0.000000000000000000, -0.000000000000000000 ) ) ;
#3394 = ORIENTED_EDGE ( 'NONE', *, *, #3842, .T. ) ;
#3395 = AXIS2_PLACEMENT_3D ( 'NONE', #1251, #1838, #2823 ) ;
#3396 = EDGE_CURVE ( 'NONE', #2053, #736, #3725, .T. ) ;
#3397 = VECTOR ( 'NONE', #1911, 1000.000000000000000 ) ;
#3398 = DIRECTION ( 'NONE',  ( 0.000000000000000000, 0.000000000000000000, 1.000000000000000000 ) ) ;
#3399 = CARTESIAN_POINT ( 'NONE',  ( -32.72237728473499629, 110.3983947167885020, 1.000000000000000000 ) ) ;
#3400 = EDGE_LOOP ( 'NONE', ( #1027, #3627, #246, #1974, #1203, #536, #1265, #3343 ) ) ;
#3401 = ORIENTED_EDGE ( 'NONE', *, *, #2152, .F. ) ;
#3402 = CARTESIAN_POINT ( 'NONE',  ( -48.12510033020100053, 110.9353422606009900, -13.00000000000000178 ) ) ;
#3403 = CARTESIAN_POINT ( 'NONE',  ( -114.3745315356199939, 103.5747574295150031, 1.399999999999999911 ) ) ;
#3404 = ORIENTED_EDGE ( 'NONE', *, *, #3030, .T. ) ;
#3405 = CARTESIAN_POINT ( 'NONE',  ( -24.75174470037796581, 115.0855275489900293, -7.000000000000000888 ) ) ;
#3406 = CARTESIAN_POINT ( 'NONE',  ( -50.62510033020100053, 110.7252222504450003, 3.000000000000000000 ) ) ;
#3407 = DIRECTION ( 'NONE',  ( 0.000000000000000000, 0.000000000000000000, 1.000000000000000000 ) ) ;
#3408 = VECTOR ( 'NONE', #951, 1000.000000000000000 ) ;
#3409 = ORIENTED_EDGE ( 'NONE', *, *, #1052, .T. ) ;
#3410 = DIRECTION ( 'NONE',  ( 1.000000000000000000, -0.000000000000000000, -0.000000000000000000 ) ) ;
#3411 = EDGE_CURVE ( 'NONE', #667, #1641, #972, .T. ) ;
#3412 = ORIENTED_EDGE ( 'NONE', *, *, #1792, .T. ) ;
#3413 = EDGE_CURVE ( 'NONE', #3307, #326, #416, .T. ) ;
#3414 = VECTOR ( 'NONE', #282, 1000.000000000000000 ) ;
#3415 = VECTOR ( 'NONE', #2955, 1000.000000000000000 ) ;
#3416 = DIRECTION ( 'NONE',  ( 0.000000000000000000, 0.000000000000000000, 1.000000000000000000 ) ) ;
#3417 = DIRECTION ( 'NONE',  ( -1.000000000000000000, -5.551115123125779547E-15, 0.000000000000000000 ) ) ;
#3418 = EDGE_CURVE ( 'NONE', #2293, #103, #2442, .T. ) ;
#3419 = LINE ( 'NONE', #3200, #2382 ) ;
#3420 = ORIENTED_EDGE ( 'NONE', *, *, #75, .F. ) ;
#3421 = FACE_OUTER_BOUND ( 'NONE', #3722, .T. ) ;
#3422 = CARTESIAN_POINT ( 'NONE',  ( -49.28552197104399824, 115.5855275489900151, -1.617999994144118103 ) ) ;
#3423 = ORIENTED_EDGE ( 'NONE', *, *, #248, .T. ) ;
#3424 = VECTOR ( 'NONE', #3559, 1000.000000000000000 ) ;
#3425 = LINE ( 'NONE', #2181, #631 ) ;
#3426 = EDGE_CURVE ( 'NONE', #1081, #1636, #2911, .T. ) ;
#3427 = EDGE_CURVE ( 'NONE', #2479, #2244, #3637, .T. ) ;
#3428 = VECTOR ( 'NONE', #158, 1000.000000000000000 ) ;
#3429 = LINE ( 'NONE', #3778, #668 ) ;
#3430 = DIRECTION ( 'NONE',  ( -1.000000000000000000, -0.000000000000000000, -0.000000000000000000 ) ) ;
#3431 = ADVANCED_FACE ( 'NONE', ( #3323 ), #1905, .F. ) ;
#3432 = ORIENTED_EDGE ( 'NONE', *, *, #1543, .T. ) ;
#3433 = LINE ( 'NONE', #730, #1158 ) ;
#3434 = ORIENTED_EDGE ( 'NONE', *, *, #3450, .F. ) ;
#3435 = CARTESIAN_POINT ( 'NONE',  ( -111.3745315356199939, 112.5855275489900151, -1.600000000000000755 ) ) ;
#3436 = CARTESIAN_POINT ( 'NONE',  ( -42.56818897637700161, 114.8983947167885020, 1.000000000000000000 ) ) ;
#3437 = VECTOR ( 'NONE', #2273, 1000.000000000000000 ) ;
#3438 = CC_DESIGN_PERSON_AND_ORGANIZATION_ASSIGNMENT ( #2635, #831, ( #2685 ) ) ;
#3439 = CARTESIAN_POINT ( 'NONE',  ( -24.75174470037796581, 29.87475742951499313, -1.600000000000000755 ) ) ;
#3440 = ORIENTED_EDGE ( 'NONE', *, *, #3595, .F. ) ;
#3441 = CARTESIAN_POINT ( 'NONE',  ( -54.54786098415989670, 115.5855275489900151, 2.000000000000000000 ) ) ;
#3442 = DIRECTION ( 'NONE',  ( 0.000000000000000000, 0.000000000000000000, -1.000000000000000000 ) ) ;
#3443 = ORIENTED_EDGE ( 'NONE', *, *, #430, .T. ) ;
#3444 = DIRECTION ( 'NONE',  ( 0.000000000000000000, 0.000000000000000000, 1.000000000000000000 ) ) ;
#3445 = DIRECTION ( 'NONE',  ( 1.000000000000000000, 0.000000000000000000, 0.000000000000000000 ) ) ;
#3446 = ORIENTED_EDGE ( 'NONE', *, *, #3242, .T. ) ;
#3447 = CARTESIAN_POINT ( 'NONE',  ( -114.3745315356199939, 94.38701041402200076, -5.200050813682004502 ) ) ;
#3448 = ORIENTED_EDGE ( 'NONE', *, *, #3138, .F. ) ;
#3449 = DIRECTION ( 'NONE',  ( 1.000000000000000000, 0.000000000000000000, 0.000000000000000000 ) ) ;
#3450 = EDGE_CURVE ( 'NONE', #3012, #2466, #3081, .T. ) ;
#3451 = CARTESIAN_POINT ( 'NONE',  ( -21.25174470037796581, 28.87475742951500024, 3.000000000000000000 ) ) ;
#3452 = FACE_OUTER_BOUND ( 'NONE', #1848, .T. ) ;
#3453 = SECURITY_CLASSIFICATION_LEVEL ( 'unclassified' ) ;
#3454 = CARTESIAN_POINT ( 'NONE',  ( -113.8745315356199796, 112.5855275489900151, -1.600000000000000755 ) ) ;
#3455 = ORIENTED_EDGE ( 'NONE', *, *, #1891, .T. ) ;
#3456 = CARTESIAN_POINT ( 'NONE',  ( -49.78552197104399113, 115.5855275489900151, -14.00000000000000000 ) ) ;
#3457 = DIRECTION ( 'NONE',  ( -0.000000000000000000, -0.000000000000000000, -1.000000000000000000 ) ) ;
#3458 = VECTOR ( 'NONE', #284, 1000.000000000000000 ) ;
#3459 = VECTOR ( 'NONE', #1812, 1000.000000000000000 ) ;
#3460 = VERTEX_POINT ( 'NONE', #2182 ) ;
#3461 = EDGE_CURVE ( 'NONE', #2254, #1636, #967, .T. ) ;
#3462 = CARTESIAN_POINT ( 'NONE',  ( -48.28552197104399824, 113.5855275489900151, -3.350050801712995074 ) ) ;
#3463 = CARTESIAN_POINT ( 'NONE',  ( -91.33388084055398792, 109.1873250874420052, 2.000000000000000000 ) ) ;
#3464 = ORIENTED_EDGE ( 'NONE', *, *, #2729, .T. ) ;
#3465 = DIRECTION ( 'NONE',  ( 1.000000000000000000, -0.000000000000000000, -0.000000000000000000 ) ) ;
#3466 = EDGE_LOOP ( 'NONE', ( #2114, #2001, #2275 ) ) ;
#3467 = DIRECTION ( 'NONE',  ( 0.000000000000000000, 0.000000000000000000, 1.000000000000000000 ) ) ;
#3468 = VECTOR ( 'NONE', #2480, 1000.000000000000000 ) ;
#3469 = EDGE_LOOP ( 'NONE', ( #1281, #1366, #3622, #705 ) ) ;
#3470 = AXIS2_PLACEMENT_3D ( 'NONE', #3339, #3029, #656 ) ;
#3471 = DIRECTION ( 'NONE',  ( -1.000000000000000000, 0.000000000000000000, 0.000000000000000000 ) ) ;
#3472 = CARTESIAN_POINT ( 'NONE',  ( -93.45498533708212108, 103.5747574295150031, 0.000000000000000000 ) ) ;
#3473 = APPROVAL_STATUS ( 'not_yet_approved' ) ;
#3474 = PLANE ( 'NONE',  #1125 ) ;
#3475 = ORIENTED_EDGE ( 'NONE', *, *, #1451, .T. ) ;
#3476 = VECTOR ( 'NONE', #613, 1000.000000000000000 ) ;
#3477 = DIRECTION ( 'NONE',  ( -0.000000000000000000, -0.000000000000000000, -1.000000000000000000 ) ) ;
#3478 = CARTESIAN_POINT ( 'NONE',  ( -114.3745315356199939, 81.00130922592666138, 1.399999999999999911 ) ) ;
#3479 = EDGE_CURVE ( 'NONE', #1959, #2365, #3669, .T. ) ;
#3480 = EDGE_CURVE ( 'NONE', #55, #12, #1717, .T. ) ;
#3481 = VECTOR ( 'NONE', #896, 1000.000000000000000 ) ;
#3482 = CARTESIAN_POINT ( 'NONE',  ( -24.75174470037796581, 32.37475742951500735, -1.600000000000000755 ) ) ;
#3483 = FACE_BOUND ( 'NONE', #532, .T. ) ;
#3484 = EDGE_CURVE ( 'NONE', #1702, #688, #1297, .T. ) ;
#3485 = ORIENTED_EDGE ( 'NONE', *, *, #3082, .F. ) ;
#3486 = ORIENTED_EDGE ( 'NONE', *, *, #1392, .F. ) ;
#3487 = CARTESIAN_POINT ( 'NONE',  ( -42.56818897637700161, 110.3983947167885020, 0.000000000000000000 ) ) ;
#3488 = CLOSED_SHELL ( 'NONE', ( #189, #184, #2067, #945, #2439, #3587, #2614, #1752, #3205, #3134, #289, #873, #1902, #3431, #579, #2565, #2280, #658, #3633, #3247, #1495, #3041, #1683, #2905, #2964, #138, #131, #2788, #1639, #3259, #2341, #170, #2198, #657, #998, #2025, #3707, #3820, #1337, #821, #438, #400, #408, #2691, #2850, #2912, #3117, #2867, #2604, #817, #3194, #3319, #485, #2730, #3327, #2325, #2478, #471, #3262, #1589, #591, #1814, #1956, #661, #1094, #3162, #1487, #687, #1534, #3299, #2167, #2517, #2958, #3373, #1913, #2789, #3687 ) ) ;
#3489 = VERTEX_POINT ( 'NONE', #2786 ) ;
#3490 = DIRECTION ( 'NONE',  ( 0.000000000000000000, 0.000000000000000000, 1.000000000000000000 ) ) ;
#3491 = ORIENTED_EDGE ( 'NONE', *, *, #26, .T. ) ;
#3492 = VERTEX_POINT ( 'NONE', #1868 ) ;
#3493 = CARTESIAN_POINT ( 'NONE',  ( -113.8745315356199796, 112.5855275489900151, -1.600000000000000755 ) ) ;
#3494 = DIRECTION ( 'NONE',  ( -0.000000000000000000, 0.000000000000000000, -1.000000000000000000 ) ) ;
#3495 = COORDINATED_UNIVERSAL_TIME_OFFSET ( 8, 0, .AHEAD. ) ;
#3496 = DIRECTION ( 'NONE',  ( 0.000000000000000000, -0.000000000000000000, 1.000000000000000000 ) ) ;
#3497 = ORIENTED_EDGE ( 'NONE', *, *, #3418, .T. ) ;
#3498 = VECTOR ( 'NONE', #818, 1000.000000000000000 ) ;
#3499 = LINE ( 'NONE', #814, #1725 ) ;
#3500 = LINE ( 'NONE', #1357, #62 ) ;
#3501 = AXIS2_PLACEMENT_3D ( 'NONE', #3849, #2087, #3261 ) ;
#3502 = CARTESIAN_POINT ( 'NONE',  ( -115.3745315356199939, 28.87475742951500735, -14.00000000000000000 ) ) ;
#3503 = DIRECTION ( 'NONE',  ( 0.000000000000000000, 1.000000000000000000, 0.000000000000000000 ) ) ;
#3504 = EDGE_LOOP ( 'NONE', ( #960, #2007, #3401, #475, #356, #3025, #2509, #969, #2027, #1370, #963, #3645, #956, #2471, #753, #3557, #2012, #434, #916, #2736 ) ) ;
#3505 = ORIENTED_EDGE ( 'NONE', *, *, #310, .T. ) ;
#3506 = DIRECTION ( 'NONE',  ( -0.000000000000000000, 1.000000000000000000, -0.000000000000000000 ) ) ;
#3507 = ORIENTED_EDGE ( 'NONE', *, *, #2772, .F. ) ;
#3508 = DIRECTION ( 'NONE',  ( 1.000000000000000000, 0.000000000000000000, 0.000000000000000000 ) ) ;
#3509 = ORIENTED_EDGE ( 'NONE', *, *, #3711, .T. ) ;
#3510 = EDGE_LOOP ( 'NONE', ( #3766, #87, #2481, #3234 ) ) ;
#3511 = CARTESIAN_POINT ( 'NONE',  ( -47.28552197104399824, 113.5855275489900151, 0.9999999999999997780 ) ) ;
#3512 = CARTESIAN_POINT ( 'NONE',  ( -115.3745315356199939, 116.0855275489900151, 2.500000000000000444 ) ) ;
#3513 = ORIENTED_EDGE ( 'NONE', *, *, #2190, .F. ) ;
#3514 = DIRECTION ( 'NONE',  ( -0.7071067811865474617, -0.7071067811865474617, 0.000000000000000000 ) ) ;
#3515 = LINE ( 'NONE', #837, #70 ) ;
#3516 = CARTESIAN_POINT ( 'NONE',  ( -23.25174470037798358, 101.5747574295149889, 3.000000000000000000 ) ) ;
#3517 = ORIENTED_EDGE ( 'NONE', *, *, #90, .T. ) ;
#3518 = VECTOR ( 'NONE', #3727, 1000.000000000000000 ) ;
#3519 = VECTOR ( 'NONE', #209, 1000.000000000000000 ) ;
#3520 = LINE ( 'NONE', #301, #1606 ) ;
#3521 = DIRECTION ( 'NONE',  ( 0.000000000000000000, -0.000000000000000000, 1.000000000000000000 ) ) ;
#3522 = ORIENTED_EDGE ( 'NONE', *, *, #3672, .F. ) ;
#3523 = LINE ( 'NONE', #1703, #2650 ) ;
#3524 = CARTESIAN_POINT ( 'NONE',  ( -35.22237728473499629, 114.8983947167885020, 3.000000000000000000 ) ) ;
#3525 = EDGE_CURVE ( 'NONE', #3042, #659, #2199, .T. ) ;
#3526 = VERTEX_POINT ( 'NONE', #928 ) ;
#3527 = VERTEX_POINT ( 'NONE', #693 ) ;
#3528 = DIRECTION ( 'NONE',  ( -1.000000000000000000, 4.163336342344310994E-15, 0.000000000000000000 ) ) ;
#3529 = DIRECTION ( 'NONE',  ( 1.000000000000000000, 0.000000000000000000, -0.000000000000000000 ) ) ;
#3530 = DIRECTION ( 'NONE',  ( -0.000000000000000000, 1.000000000000000000, -0.000000000000000000 ) ) ;
#3531 = AXIS2_PLACEMENT_3D ( 'NONE', #763, #206, #3174 ) ;
#3532 = ADVANCED_FACE ( 'NONE', ( #1541 ), #2163, .T. ) ;
#3533 = EDGE_CURVE ( 'NONE', #1670, #2684, #3390, .T. ) ;
#3534 = DIRECTION ( 'NONE',  ( 0.000000000000000000, 0.000000000000000000, -1.000000000000000000 ) ) ;
#3535 = EDGE_LOOP ( 'NONE', ( #1827, #2784, #3566, #1129 ) ) ;
#3536 = AXIS2_PLACEMENT_3D ( 'NONE', #470, #3761, #1089 ) ;
#3537 = DIRECTION ( 'NONE',  ( 0.000000000000000000, 0.000000000000000000, 1.000000000000000000 ) ) ;
#3538 = LINE ( 'NONE', #1131, #3243 ) ;
#3539 = CARTESIAN_POINT ( 'NONE',  ( -91.33388084055398792, 109.1873250874420052, 2.000000000000000000 ) ) ;
#3540 = VERTEX_POINT ( 'NONE', #2735 ) ;
#3541 = CARTESIAN_POINT ( 'NONE',  ( -104.8884403073035969, 58.25087118297059163, 1.399999999999999911 ) ) ;
#3542 = LINE ( 'NONE', #576, #122 ) ;
#3543 = VECTOR ( 'NONE', #1340, 1000.000000000000000 ) ;
#3544 = CARTESIAN_POINT ( 'NONE',  ( -42.56818897637700161, 112.8983947167885020, 0.000000000000000000 ) ) ;
#3545 = ORIENTED_EDGE ( 'NONE', *, *, #3418, .F. ) ;
#3546 = CARTESIAN_POINT ( 'NONE',  ( -24.75174470037796581, 112.5855275489900151, -1.600000000000000755 ) ) ;
#3547 = EDGE_CURVE ( 'NONE', #2713, #3210, #59, .T. ) ;
#3548 = EDGE_CURVE ( 'NONE', #1387, #3116, #1851, .T. ) ;
#3549 = CARTESIAN_POINT ( 'NONE',  ( -24.75174470037796581, 112.5855275489900151, -1.600000000000000755 ) ) ;
#3550 = MANIFOLD_SOLID_BREP ( '凸台-拉伸8', #1491 ) ;
#3551 = EDGE_CURVE ( 'NONE', #1799, #798, #296, .T. ) ;
#3552 = ORIENTED_EDGE ( 'NONE', *, *, #1543, .F. ) ;
#3553 = ORIENTED_EDGE ( 'NONE', *, *, #142, .T. ) ;
#3554 = DIRECTION ( 'NONE',  ( -1.000000000000000000, 0.000000000000000000, 0.000000000000000000 ) ) ;
#3555 = CARTESIAN_POINT ( 'NONE',  ( -108.7517447003779694, 101.5747574295149889, 3.000000000000000000 ) ) ;
#3556 = LINE ( 'NONE', #1439, #1388 ) ;
#3557 = ORIENTED_EDGE ( 'NONE', *, *, #1613, .F. ) ;
#3558 = CARTESIAN_POINT ( 'NONE',  ( -108.7517447003779836, 38.07475742951500308, 3.000000000000000000 ) ) ;
#3559 = DIRECTION ( 'NONE',  ( 0.000000000000000000, -1.000000000000000000, 0.000000000000000000 ) ) ;
#3560 = AXIS2_PLACEMENT_3D ( 'NONE', #3487, #558, #1747 ) ;
#3561 = VERTEX_POINT ( 'NONE', #384 ) ;
#3562 = DIRECTION ( 'NONE',  ( -0.000000000000000000, -0.000000000000000000, -1.000000000000000000 ) ) ;
#3563 = PLANE ( 'NONE',  #2384 ) ;
#3564 = LINE ( 'NONE', #2897, #2406 ) ;
#3565 = CIRCLE ( 'NONE', #691, 2.000000000000000000 ) ;
#3566 = ORIENTED_EDGE ( 'NONE', *, *, #2503, .F. ) ;
#3567 = CIRCLE ( 'NONE', #258, 4.500000000000003553 ) ;
#3568 = DIRECTION ( 'NONE',  ( -4.163336342344321249E-15, 1.000000000000000000, -0.000000000000000000 ) ) ;
#3569 = ADVANCED_FACE ( 'NONE', ( #367 ), #2771, .F. ) ;
#3570 = DIRECTION ( 'NONE',  ( -1.000000000000000000, 0.000000000000000000, 0.000000000000000000 ) ) ;
#3571 = DIRECTION ( 'NONE',  ( 0.000000000000000000, 0.000000000000000000, 1.000000000000000000 ) ) ;
#3572 = EDGE_LOOP ( 'NONE', ( #2377, #1116, #2631, #1223, #2746, #2888 ) ) ;
#3573 = ORIENTED_EDGE ( 'NONE', *, *, #2152, .T. ) ;
#3574 = CARTESIAN_POINT ( 'NONE',  ( -49.78552197104399824, 116.5855275489900151, -1.350050801712995741 ) ) ;
#3575 = DIRECTION ( 'NONE',  ( 0.000000000000000000, -1.000000000000000000, 0.000000000000000000 ) ) ;
#3576 = EDGE_CURVE ( 'NONE', #508, #2579, #2274, .T. ) ;
#3577 = DIRECTION ( 'NONE',  ( 0.000000000000000000, -0.000000000000000000, 1.000000000000000000 ) ) ;
#3578 = ORIENTED_EDGE ( 'NONE', *, *, #2465, .T. ) ;
#3579 = DIRECTION ( 'NONE',  ( -1.000000000000000000, -0.000000000000000000, -0.000000000000000000 ) ) ;
#3580 = LINE ( 'NONE', #897, #2935 ) ;
#3581 = EDGE_CURVE ( 'NONE', #2647, #3648, #3668, .T. ) ;
#3582 = ORIENTED_EDGE ( 'NONE', *, *, #1115, .F. ) ;
#3583 = CARTESIAN_POINT ( 'NONE',  ( -51.62510033020100053, 115.5855275489900151, -14.00000000000000178 ) ) ;
#3584 = CARTESIAN_POINT ( 'NONE',  ( -54.54786098415989670, 115.5855275489900151, 0.000000000000000000 ) ) ;
#3585 = DIRECTION ( 'NONE',  ( -2.185478394931410575E-16, -1.000000000000000000, 0.000000000000000000 ) ) ;
#3586 = ORIENTED_EDGE ( 'NONE', *, *, #2979, .T. ) ;
#3587 = ADVANCED_FACE ( 'NONE', ( #726 ), #2838, .F. ) ;
#3588 = VECTOR ( 'NONE', #2809, 999.9999999999998863 ) ;
#3589 = CARTESIAN_POINT ( 'NONE',  ( -108.7517447003779694, 101.5747574295149889, 2.500000000000000000 ) ) ;
#3590 = CIRCLE ( 'NONE', #156, 2.399999999999999467 ) ;
#3591 = EDGE_CURVE ( 'NONE', #1579, #3617, #167, .T. ) ;
#3592 = FACE_OUTER_BOUND ( 'NONE', #2095, .T. ) ;
#3593 = LINE ( 'NONE', #3549, #2787 ) ;
#3594 = ORIENTED_EDGE ( 'NONE', *, *, #1103, .T. ) ;
#3595 = EDGE_CURVE ( 'NONE', #2403, #1548, #1942, .T. ) ;
#3596 = VERTEX_POINT ( 'NONE', #1681 ) ;
#3597 = CARTESIAN_POINT ( 'NONE',  ( -111.3745315356199939, 112.5855275489900151, -13.00000000000000178 ) ) ;
#3598 = DIRECTION ( 'NONE',  ( -1.000000000000000000, 0.000000000000000000, 0.000000000000000000 ) ) ;
#3599 = DIRECTION ( 'NONE',  ( -0.000000000000000000, -1.000000000000000000, -0.000000000000000000 ) ) ;
#3600 = VERTEX_POINT ( 'NONE', #1360 ) ;
#3601 = EDGE_CURVE ( 'NONE', #3492, #1209, #1311, .T. ) ;
#3602 = CARTESIAN_POINT ( 'NONE',  ( -51.62510033020100053, 112.4572730580138824, 3.000000000000000000 ) ) ;
#3603 = DIRECTION ( 'NONE',  ( -1.000000000000000000, 0.000000000000000000, 0.000000000000000000 ) ) ;
#3604 = ORIENTED_EDGE ( 'NONE', *, *, #1464, .F. ) ;
#3605 = AXIS2_PLACEMENT_3D ( 'NONE', #2262, #2532, #3731 ) ;
#3606 = VERTEX_POINT ( 'NONE', #437 ) ;
#3607 = EDGE_CURVE ( 'NONE', #1770, #3805, #1610, .T. ) ;
#3608 = EDGE_CURVE ( 'NONE', #448, #805, #2237, .T. ) ;
#3609 = DIRECTION ( 'NONE',  ( 1.000000000000000000, 0.000000000000000000, 0.000000000000000000 ) ) ;
#3610 = CARTESIAN_POINT ( 'NONE',  ( -115.3745315356199939, 28.37475742951500735, -14.00000000000000000 ) ) ;
#3611 = ORIENTED_EDGE ( 'NONE', *, *, #811, .T. ) ;
#3612 = LINE ( 'NONE', #596, #1940 ) ;
#3613 = AXIS2_PLACEMENT_3D ( 'NONE', #1273, #3023, #1863 ) ;
#3614 = EDGE_CURVE ( 'NONE', #2415, #225, #759, .T. ) ;
#3615 = LINE ( 'NONE', #906, #3713 ) ;
#3616 = DIRECTION ( 'NONE',  ( 0.000000000000000000, -1.000000000000000000, 0.000000000000000000 ) ) ;
#3617 = VERTEX_POINT ( 'NONE', #1383 ) ;
#3618 = ORIENTED_EDGE ( 'NONE', *, *, #1876, .F. ) ;
#3619 = CARTESIAN_POINT ( 'NONE',  ( -46.78552197104399113, 115.5855275489900151, 2.000000000000000000 ) ) ;
#3620 = VECTOR ( 'NONE', #3310, 1000.000000000000000 ) ;
#3621 = DIRECTION ( 'NONE',  ( -1.000000000000000000, 0.000000000000000000, -0.000000000000000000 ) ) ;
#3622 = ORIENTED_EDGE ( 'NONE', *, *, #3723, .F. ) ;
#3623 = VECTOR ( 'NONE', #314, 1000.000000000000000 ) ;
#3624 = LINE ( 'NONE', #939, #3837 ) ;
#3625 = FACE_OUTER_BOUND ( 'NONE', #868, .T. ) ;
#3626 = EDGE_CURVE ( 'NONE', #1081, #1483, #149, .T. ) ;
#3627 = ORIENTED_EDGE ( 'NONE', *, *, #3426, .T. ) ;
#3628 = ORIENTED_EDGE ( 'NONE', *, *, #509, .T. ) ;
#3629 = AXIS2_PLACEMENT_3D ( 'NONE', #1620, #67, #50 ) ;
#3630 = FACE_OUTER_BOUND ( 'NONE', #160, .T. ) ;
#3631 = DIRECTION ( 'NONE',  ( 5.551115123125779547E-15, 1.000000000000000000, 0.000000000000000000 ) ) ;
#3632 = VERTEX_POINT ( 'NONE', #1013 ) ;
#3633 = ADVANCED_FACE ( 'NONE', ( #2219 ), #1051, .F. ) ;
#3634 = DIRECTION ( 'NONE',  ( 0.000000000000000000, -1.000000000000000000, 0.000000000000000000 ) ) ;
#3635 = AXIS2_PLACEMENT_3D ( 'NONE', #1767, #2058, #3047 ) ;
#3636 = DIRECTION ( 'NONE',  ( -1.000000000000000000, 0.000000000000000000, -0.000000000000000000 ) ) ;
#3637 = LINE ( 'NONE', #2495, #2225 ) ;
#3638 = EDGE_LOOP ( 'NONE', ( #3772, #2077, #2854, #2411 ) ) ;
#3639 = LINE ( 'NONE', #61, #809 ) ;
#3640 = LINE ( 'NONE', #2720, #3588 ) ;
#3641 = ORIENTED_EDGE ( 'NONE', *, *, #1792, .F. ) ;
#3642 = CARTESIAN_POINT ( 'NONE',  ( 0.000000000000000000, 0.000000000000000000, 3.000000000000000000 ) ) ;
#3643 = CARTESIAN_POINT ( 'NONE',  ( -42.56818897637700161, 107.8983947167885020, 0.000000000000000000 ) ) ;
#3644 = ORIENTED_EDGE ( 'NONE', *, *, #3595, .T. ) ;
#3645 = ORIENTED_EDGE ( 'NONE', *, *, #2249, .F. ) ;
#3646 = LINE ( 'NONE', #994, #3161 ) ;
#3647 = DIRECTION ( 'NONE',  ( -1.000000000000000000, 0.000000000000000000, 0.000000000000000000 ) ) ;
#3648 = VERTEX_POINT ( 'NONE', #2529 ) ;
#3649 = DIRECTION ( 'NONE',  ( -1.609751054141142071E-16, -1.000000000000000000, 0.000000000000000000 ) ) ;
#3650 = CARTESIAN_POINT ( 'NONE',  ( -91.33388084055398792, 109.1873250874420052, 0.000000000000000000 ) ) ;
#3651 = VECTOR ( 'NONE', #605, 1000.000000000000000 ) ;
#3652 = EDGE_CURVE ( 'NONE', #103, #1204, #3726, .T. ) ;
#3653 = ORIENTED_EDGE ( 'NONE', *, *, #840, .T. ) ;
#3654 = APPROVAL_PERSON_ORGANIZATION ( #2952, #3271, #272 ) ;
#3655 = AXIS2_PLACEMENT_3D ( 'NONE', #3714, #140, #1005 ) ;
#3656 = DIRECTION ( 'NONE',  ( 0.000000000000000000, 0.000000000000000000, 1.000000000000000000 ) ) ;
#3657 = EDGE_LOOP ( 'NONE', ( #2177, #820, #107, #17 ) ) ;
#3658 = DIRECTION ( 'NONE',  ( -1.000000000000000000, 0.000000000000000000, -0.000000000000000000 ) ) ;
#3659 = CARTESIAN_POINT ( 'NONE',  ( -48.22510033020100195, 110.7252222504450003, -14.00000000000000178 ) ) ;
#3660 = EDGE_CURVE ( 'NONE', #3116, #2859, #3429, .T. ) ;
#3661 = ORIENTED_EDGE ( 'NONE', *, *, #418, .T. ) ;
#3662 = ORIENTED_EDGE ( 'NONE', *, *, #2582, .T. ) ;
#3663 = CARTESIAN_POINT ( 'NONE',  ( -114.3745315356199939, 115.5855275489900151, -14.00000000000000000 ) ) ;
#3664 = CARTESIAN_POINT ( 'NONE',  ( -91.33388084055398792, 109.1873250874420052, 2.000000000000000000 ) ) ;
#3665 = ORIENTED_EDGE ( 'NONE', *, *, #2901, .F. ) ;
#3666 = VECTOR ( 'NONE', #3065, 1000.000000000000000 ) ;
#3667 = DIRECTION ( 'NONE',  ( -0.000000000000000000, -0.000000000000000000, -1.000000000000000000 ) ) ;
#3668 = CIRCLE ( 'NONE', #607, 2.000000000000008882 ) ;
#3669 = LINE ( 'NONE', #2129, #3408 ) ;
#3670 = EDGE_CURVE ( 'NONE', #2859, #395, #1958, .T. ) ;
#3671 = CIRCLE ( 'NONE', #610, 2.500000000000000444 ) ;
#3672 = EDGE_CURVE ( 'NONE', #3012, #1137, #1343, .T. ) ;
#3673 = ORIENTED_EDGE ( 'NONE', *, *, #76, .T. ) ;
#3674 = CARTESIAN_POINT ( 'NONE',  ( -46.78552197104399824, 113.5855275489900151, -1.350050801712995741 ) ) ;
#3675 = TOROIDAL_SURFACE ( 'NONE', #1235, 2.000000000000000000, 1.000000000000000000 ) ;
#3676 = ORIENTED_EDGE ( 'NONE', *, *, #1452, .T. ) ;
#3677 = CARTESIAN_POINT ( 'NONE',  ( -49.22510033020100195, 112.6745811194067812, 1.999999999999998224 ) ) ;
#3678 = CARTESIAN_POINT ( 'NONE',  ( -115.3745315356199939, 28.87475742951500735, -14.00000000000000000 ) ) ;
#3679 = VERTEX_POINT ( 'NONE', #2292 ) ;
#3680 = AXIS2_PLACEMENT_3D ( 'NONE', #593, #2727, #1468 ) ;
#3681 = EDGE_LOOP ( 'NONE', ( #2191, #2286, #23, #2904, #2542, #3404, #1887, #443, #987, #3361, #3684, #3313, #2134, #1945, #2949, #91, #1122, #3475, #339, #2321, #3000, #3372, #3513, #778 ) ) ;
#3682 = CARTESIAN_POINT ( 'NONE',  ( -24.75174470037796581, 29.87475742951499313, -7.000000000000000888 ) ) ;
#3683 = DIRECTION ( 'NONE',  ( 1.000000000000000000, -0.000000000000000000, -0.000000000000000000 ) ) ;
#3684 = ORIENTED_EDGE ( 'NONE', *, *, #3172, .F. ) ;
#3685 = CARTESIAN_POINT ( 'NONE',  ( -114.3745315356199939, 93.38701041402200076, -4.200050813682005391 ) ) ;
#3686 = DIRECTION ( 'NONE',  ( 0.000000000000000000, 0.000000000000000000, 1.000000000000000000 ) ) ;
#3687 = ADVANCED_FACE ( 'NONE', ( #3483, #1665 ), #796, .T. ) ;
#3688 = AXIS2_PLACEMENT_3D ( 'NONE', #259, #2010, #1049 ) ;
#3689 = ORIENTED_EDGE ( 'NONE', *, *, #1086, .F. ) ;
#3690 = DIRECTION ( 'NONE',  ( 1.000000000000000000, -0.000000000000000000, -0.000000000000000000 ) ) ;
#3691 = AXIS2_PLACEMENT_3D ( 'NONE', #1711, #790, #603 ) ;
#3692 = EDGE_LOOP ( 'NONE', ( #2708, #1038, #222, #1877 ) ) ;
#3693 = LINE ( 'NONE', #1987, #2215 ) ;
#3694 = DIRECTION ( 'NONE',  ( 0.000000000000000000, 0.000000000000000000, -1.000000000000000000 ) ) ;
#3695 = ADVANCED_FACE ( 'NONE', ( #3169 ), #2334, .T. ) ;
#3696 = ORIENTED_EDGE ( 'NONE', *, *, #3581, .F. ) ;
#3697 = EDGE_LOOP ( 'NONE', ( #3233, #723, #351, #2414 ) ) ;
#3698 = DIRECTION ( 'NONE',  ( 0.000000000000000000, 0.000000000000000000, 1.000000000000000000 ) ) ;
#3699 = DIRECTION ( 'NONE',  ( 1.000000000000000000, 0.000000000000000000, -0.000000000000000000 ) ) ;
#3700 = ORIENTED_EDGE ( 'NONE', *, *, #3336, .T. ) ;
#3701 = VECTOR ( 'NONE', #2872, 1000.000000000000114 ) ;
#3702 = CARTESIAN_POINT ( 'NONE',  ( 0.000000000000000000, 0.000000000000000000, 2.000000000000000000 ) ) ;
#3703 = DIRECTION ( 'NONE',  ( 1.000000000000000000, -0.000000000000000000, -0.000000000000000000 ) ) ;
#3704 = EDGE_CURVE ( 'NONE', #2436, #2445, #474, .T. ) ;
#3705 = CIRCLE ( 'NONE', #3391, 2.000000000000000000 ) ;
#3706 = DIRECTION ( 'NONE',  ( 1.000000000000000000, 0.000000000000000000, 0.000000000000000000 ) ) ;
#3707 = ADVANCED_FACE ( 'NONE', ( #2942 ), #1155, .F. ) ;
#3708 = EDGE_LOOP ( 'NONE', ( #3423, #1071, #3287, #716 ) ) ;
#3709 = LINE ( 'NONE', #747, #2420 ) ;
#3710 = ORIENTED_EDGE ( 'NONE', *, *, #3864, .T. ) ;
#3711 = EDGE_CURVE ( 'NONE', #3561, #3038, #2919, .T. ) ;
#3712 = VECTOR ( 'NONE', #2220, 1000.000000000000000 ) ;
#3713 = VECTOR ( 'NONE', #307, 1000.000000000000000 ) ;
#3714 = CARTESIAN_POINT ( 'NONE',  ( -50.62510033020100053, 110.7252222504450003, -14.00000000000000178 ) ) ;
#3715 = CARTESIAN_POINT ( 'NONE',  ( -21.75174470037796581, 29.37475742951500024, -7.000000000000000888 ) ) ;
#3716 = DIRECTION ( 'NONE',  ( -0.000000000000000000, -0.000000000000000000, -1.000000000000000000 ) ) ;
#3717 = ORIENTED_EDGE ( 'NONE', *, *, #3479, .T. ) ;
#3718 = EDGE_CURVE ( 'NONE', #600, #1419, #1995, .T. ) ;
#3719 = EDGE_CURVE ( 'NONE', #3318, #2036, #3229, .T. ) ;
#3720 = CARTESIAN_POINT ( 'NONE',  ( -21.75174470037796581, 115.5855275489900151, -14.00000000000000000 ) ) ;
#3721 = CARTESIAN_POINT ( 'NONE',  ( -93.45498533708212108, 103.5747574295150031, 1.399999999999999911 ) ) ;
#3722 = EDGE_LOOP ( 'NONE', ( #557, #2300, #771, #2015 ) ) ;
#3723 = EDGE_CURVE ( 'NONE', #3392, #2939, #3359, .T. ) ;
#3724 = CARTESIAN_POINT ( 'NONE',  ( -115.3745315356199939, 116.5855275489900151, 2.500000000000000444 ) ) ;
#3725 = CIRCLE ( 'NONE', #664, 2.000000000000000000 ) ;
#3726 = LINE ( 'NONE', #202, #2666 ) ;
#3727 = DIRECTION ( 'NONE',  ( 0.000000000000000000, -1.000000000000000000, 0.000000000000000000 ) ) ;
#3728 = VECTOR ( 'NONE', #2462, 1000.000000000000000 ) ;
#3729 = EDGE_CURVE ( 'NONE', #2415, #2849, #238, .T. ) ;
#3730 = ORIENTED_EDGE ( 'NONE', *, *, #3188, .F. ) ;
#3731 = DIRECTION ( 'NONE',  ( 0.000000000000000000, -0.000000000000000000, -1.000000000000000000 ) ) ;
#3732 = EDGE_LOOP ( 'NONE', ( #3517, #330, #387, #3744 ) ) ;
#3733 = CIRCLE ( 'NONE', #2042, 6.000000000000005329 ) ;
#3734 = LINE ( 'NONE', #3435, #2652 ) ;
#3735 = CYLINDRICAL_SURFACE ( 'NONE', #1424, 2.000000000000000000 ) ;
#3736 = FACE_OUTER_BOUND ( 'NONE', #3853, .T. ) ;
#3737 = ORIENTED_EDGE ( 'NONE', *, *, #3719, .T. ) ;
#3738 = EDGE_CURVE ( 'NONE', #2369, #2992, #219, .T. ) ;
#3739 = DIRECTION ( 'NONE',  ( 0.000000000000000000, -0.000000000000000000, -1.000000000000000000 ) ) ;
#3740 = LINE ( 'NONE', #464, #3794 ) ;
#3741 = ORIENTED_EDGE ( 'NONE', *, *, #3608, .F. ) ;
#3742 = DIRECTION ( 'NONE',  ( 0.000000000000000000, 0.000000000000000000, -1.000000000000000000 ) ) ;
#3743 = CARTESIAN_POINT ( 'NONE',  ( -114.3745315356199939, 103.3270104140210037, -5.200050813682007167 ) ) ;
#3744 = ORIENTED_EDGE ( 'NONE', *, *, #371, .T. ) ;
#3745 = EDGE_CURVE ( 'NONE', #1483, #2793, #2779, .T. ) ;
#3746 = LINE ( 'NONE', #1054, #3342 ) ;
#3747 = VERTEX_POINT ( 'NONE', #2357 ) ;
#3748 = LINE ( 'NONE', #2549, #1024 ) ;
#3749 = VECTOR ( 'NONE', #637, 1000.000000000000000 ) ;
#3750 = DIRECTION ( 'NONE',  ( -1.000000000000000000, 0.000000000000000000, 0.000000000000000000 ) ) ;
#3751 = CARTESIAN_POINT ( 'NONE',  ( -21.75174470037796581, 29.37475742951500024, -7.000000000000000888 ) ) ;
#3752 = VECTOR ( 'NONE', #2305, 1000.000000000000000 ) ;
#3753 = EDGE_CURVE ( 'NONE', #1793, #669, #1649, .T. ) ;
#3754 = AXIS2_PLACEMENT_3D ( 'NONE', #1830, #54, #902 ) ;
#3755 = DIRECTION ( 'NONE',  ( -1.000000000000000000, 0.000000000000000000, 0.000000000000000000 ) ) ;
#3756 = ORIENTED_EDGE ( 'NONE', *, *, #3305, .T. ) ;
#3757 = DIRECTION ( 'NONE',  ( 0.000000000000000000, -0.000000000000000000, 1.000000000000000000 ) ) ;
#3758 = DIRECTION ( 'NONE',  ( -0.000000000000000000, -0.000000000000000000, 1.000000000000000000 ) ) ;
#3759 = VERTEX_POINT ( 'NONE', #556 ) ;
#3760 = DIRECTION ( 'NONE',  ( 0.000000000000000000, 1.000000000000000000, -0.000000000000000000 ) ) ;
#3761 = DIRECTION ( 'NONE',  ( 0.000000000000000000, 0.000000000000000000, 1.000000000000000000 ) ) ;
#3762 = ORIENTED_EDGE ( 'NONE', *, *, #816, .F. ) ;
#3763 = DIRECTION ( 'NONE',  ( 0.000000000000000000, -1.000000000000000000, 0.000000000000000000 ) ) ;
#3764 = ORIENTED_EDGE ( 'NONE', *, *, #2097, .T. ) ;
#3765 = DIRECTION ( 'NONE',  ( 1.000000000000000000, 0.000000000000000000, 0.000000000000000000 ) ) ;
#3766 = ORIENTED_EDGE ( 'NONE', *, *, #2218, .T. ) ;
#3767 = EDGE_CURVE ( 'NONE', #2032, #1799, #3564, .T. ) ;
#3768 = CARTESIAN_POINT ( 'NONE',  ( -111.3745315356199939, 115.0855275489900293, -1.600000000000000755 ) ) ;
#3769 = DIRECTION ( 'NONE',  ( 0.000000000000000000, -0.000000000000000000, 1.000000000000000000 ) ) ;
#3770 = DATE_AND_TIME ( #2574, #1277 ) ;
#3771 = LINE ( 'NONE', #812, #1000 ) ;
#3772 = ORIENTED_EDGE ( 'NONE', *, *, #949, .T. ) ;
#3773 = EDGE_CURVE ( 'NONE', #3759, #1607, #864, .T. ) ;
#3774 = DIRECTION ( 'NONE',  ( 0.000000000000000000, -0.000000000000000000, -1.000000000000000000 ) ) ;
#3775 = CARTESIAN_POINT ( 'NONE',  ( -21.75174470037798002, 103.5747574295150031, 1.399999999999999911 ) ) ;
#3776 = VERTEX_POINT ( 'NONE', #2076 ) ;
#3777 = LINE ( 'NONE', #1113, #3498 ) ;
#3778 = CARTESIAN_POINT ( 'NONE',  ( -20.75174470037796581, 116.5855275489900151, 2.500000000000000444 ) ) ;
#3779 = ORIENTED_EDGE ( 'NONE', *, *, #3548, .T. ) ;
#3780 = CARTESIAN_POINT ( 'NONE',  ( -52.62510033020100764, 110.7252222504450003, 3.000000000000000000 ) ) ;
#3781 = VECTOR ( 'NONE', #1818, 1000.000000000000000 ) ;
#3782 = VERTEX_POINT ( 'NONE', #15 ) ;
#3783 = CARTESIAN_POINT ( 'NONE',  ( -108.7517447003779836, 38.07475742951500308, 2.500000000000000000 ) ) ;
#3784 = ORIENTED_EDGE ( 'NONE', *, *, #106, .F. ) ;
#3785 = VERTEX_POINT ( 'NONE', #3270 ) ;
#3786 = LINE ( 'NONE', #1245, #1461 ) ;
#3787 = LINE ( 'NONE', #1988, #3308 ) ;
#3788 = CARTESIAN_POINT ( 'NONE',  ( -49.22510033020100195, 112.6745811194067812, -14.00000000000000178 ) ) ;
#3789 = ORIENTED_EDGE ( 'NONE', *, *, #3138, .T. ) ;
#3790 = AXIS2_PLACEMENT_3D ( 'NONE', #1174, #34, #3609 ) ;
#3791 = FACE_BOUND ( 'NONE', #2492, .T. ) ;
#3792 = LINE ( 'NONE', #1065, #2432 ) ;
#3793 = CARTESIAN_POINT ( 'NONE',  ( -86.08388084055398792, 109.1873250874420052, 3.000000000000000000 ) ) ;
#3794 = VECTOR ( 'NONE', #3183, 1000.000000000000000 ) ;
#3795 = CARTESIAN_POINT ( 'NONE',  ( -111.3745315356199939, 112.5855275489900151, -1.600000000000000755 ) ) ;
#3796 = EDGE_LOOP ( 'NONE', ( #3816, #875, #1533 ) ) ;
#3797 = VERTEX_POINT ( 'NONE', #3795 ) ;
#3798 = LINE ( 'NONE', #511, #1531 ) ;
#3799 = VECTOR ( 'NONE', #283, 1000.000000000000000 ) ;
#3800 = CIRCLE ( 'NONE', #65, 2.000000000000008882 ) ;
#3801 = ORIENTED_EDGE ( 'NONE', *, *, #3353, .F. ) ;
#3802 = LINE ( 'NONE', #2339, #352 ) ;
#3803 = TOROIDAL_SURFACE ( 'NONE', #2620, 2.000000000000000000, 1.000000000000000000 ) ;
#3804 = ORIENTED_EDGE ( 'NONE', *, *, #3413, .T. ) ;
#3805 = VERTEX_POINT ( 'NONE', #3209 ) ;
#3806 = CARTESIAN_POINT ( 'NONE',  ( -114.3745315356199939, 29.37475742951500735, 0.000000000000000000 ) ) ;
#3807 = COORDINATED_UNIVERSAL_TIME_OFFSET ( 8, 0, .AHEAD. ) ;
#3808 = CARTESIAN_POINT ( 'NONE',  ( -104.8884403073035969, 58.25087118297059163, 1.399999999999999911 ) ) ;
#3809 = ORIENTED_EDGE ( 'NONE', *, *, #1037, .F. ) ;
#3810 = AXIS2_PLACEMENT_3D ( 'NONE', #3863, #1219, #3337 ) ;
#3811 = DIRECTION ( 'NONE',  ( -1.000000000000000000, 0.000000000000000000, 0.000000000000000000 ) ) ;
#3812 = DIRECTION ( 'NONE',  ( 0.000000000000000000, 0.000000000000000000, 1.000000000000000000 ) ) ;
#3813 = DIRECTION ( 'NONE',  ( -0.000000000000000000, 1.000000000000000000, -0.000000000000000000 ) ) ;
#3814 = LINE ( 'NONE', #3290, #3476 ) ;
#3815 = DIRECTION ( 'NONE',  ( -1.000000000000000000, 0.000000000000000000, 0.000000000000000000 ) ) ;
#3816 = ORIENTED_EDGE ( 'NONE', *, *, #811, .F. ) ;
#3817 = DIRECTION ( 'NONE',  ( -1.000000000000000000, 0.000000000000000000, 0.000000000000000000 ) ) ;
#3818 = ADVANCED_BREP_SHAPE_REPRESENTATION ( '全反射屏外壳', ( #2245, #2255, #3550, #1904 ), #3277 ) ;
#3819 = EDGE_CURVE ( 'NONE', #2539, #2842, #1196, .T. ) ;
#3820 = ADVANCED_FACE ( 'NONE', ( #1744 ), #263, .F. ) ;
#3821 = CARTESIAN_POINT ( 'NONE',  ( -114.3745315356199939, 29.37475742951500024, -7.000000000000000888 ) ) ;
#3822 = ORIENTED_EDGE ( 'NONE', *, *, #1739, .F. ) ;
#3823 = VERTEX_POINT ( 'NONE', #2398 ) ;
#3824 = LINE ( 'NONE', #2366, #112 ) ;
#3825 = PLANE ( 'NONE',  #3379 ) ;
#3826 = PERSON_AND_ORGANIZATION ( #3258, #3144 ) ;
#3827 = FACE_OUTER_BOUND ( 'NONE', #2002, .T. ) ;
#3828 = ORIENTED_EDGE ( 'NONE', *, *, #2643, .T. ) ;
#3829 = DIRECTION ( 'NONE',  ( -2.211407089341079382E-15, -0.7071067811865491270, -0.7071067811865459074 ) ) ;
#3830 = LINE ( 'NONE', #1192, #3113 ) ;
#3831 = EDGE_CURVE ( 'NONE', #946, #1162, #3251, .T. ) ;
#3832 = FACE_OUTER_BOUND ( 'NONE', #2810, .T. ) ;
#3833 = EDGE_CURVE ( 'NONE', #2969, #2816, #2984, .T. ) ;
#3834 = ORIENTED_EDGE ( 'NONE', *, *, #1179, .T. ) ;
#3835 = AXIS2_PLACEMENT_3D ( 'NONE', #2448, #2547, #3112 ) ;
#3836 = SECURITY_CLASSIFICATION ( '', '', #3453 ) ;
#3837 = VECTOR ( 'NONE', #2135, 1000.000000000000000 ) ;
#3838 = DIRECTION ( 'NONE',  ( 5.551115123125747203E-15, -1.000000000000000000, -0.000000000000000000 ) ) ;
#3839 = CARTESIAN_POINT ( 'NONE',  ( -91.33388084055398792, 109.1873250874420052, 2.000000000000000000 ) ) ;
#3840 = DIRECTION ( 'NONE',  ( 1.000000000000000000, 2.185478394931410575E-16, -0.000000000000000000 ) ) ;
#3841 = ORIENTED_EDGE ( 'NONE', *, *, #520, .F. ) ;
#3842 = EDGE_CURVE ( 'NONE', #1799, #2516, #2469, .T. ) ;
#3843 = CARTESIAN_POINT ( 'NONE',  ( -93.45498533708212108, 103.5747574295150031, 1.399999999999999911 ) ) ;
#3844 = DIRECTION ( 'NONE',  ( -0.7071067811865481278, -1.922962686383565542E-16, 0.7071067811865470176 ) ) ;
#3845 = CC_DESIGN_PERSON_AND_ORGANIZATION_ASSIGNMENT ( #2866, #194, ( #3836 ) ) ;
#3846 = ORIENTED_EDGE ( 'NONE', *, *, #3336, .F. ) ;
#3847 = ORIENTED_EDGE ( 'NONE', *, *, #857, .F. ) ;
#3848 = FACE_OUTER_BOUND ( 'NONE', #3301, .T. ) ;
#3849 = CARTESIAN_POINT ( 'NONE',  ( -48.12510033020100053, 107.9353422606009900, -1.600000000000000755 ) ) ;
#3850 = APPROVAL_ROLE ( '' ) ;
#3851 = AXIS2_PLACEMENT_3D ( 'NONE', #1003, #1888, #3084 ) ;
#3852 = CARTESIAN_POINT ( 'NONE',  ( -24.75174470037796581, 112.5855275489900151, -7.000000000000000888 ) ) ;
#3853 = EDGE_LOOP ( 'NONE', ( #3190, #578, #2654, #274 ) ) ;
#3854 = VECTOR ( 'NONE', #3616, 1000.000000000000000 ) ;
#3855 = CARTESIAN_POINT ( 'NONE',  ( -89.21277634402586898, 103.5747574295150031, 2.000000000000000000 ) ) ;
#3856 = CARTESIAN_POINT ( 'NONE',  ( -114.3745315356199939, 94.38701041402200076, -6.200050813682005391 ) ) ;
#3857 = VERTEX_POINT ( 'NONE', #3004 ) ;
#3858 = CARTESIAN_POINT ( 'NONE',  ( -49.28552197104399824, 113.5855275489900151, 1.000000000000000000 ) ) ;
#3859 = CARTESIAN_POINT ( 'NONE',  ( -113.8745315356199796, 112.5855275489900151, -7.000000000000000888 ) ) ;
#3860 = VECTOR ( 'NONE', #1937, 1000.000000000000000 ) ;
#3861 = CARTESIAN_POINT ( 'NONE',  ( -22.25174470037796937, 29.87475742951499313, -1.600000000000000755 ) ) ;
#3862 = ORIENTED_EDGE ( 'NONE', *, *, #1056, .T. ) ;
#3863 = CARTESIAN_POINT ( 'NONE',  ( -50.62510033020100053, 110.7252222504450003, 3.000000000000000000 ) ) ;
#3864 = EDGE_CURVE ( 'NONE', #3600, #1384, #3292, .T. ) ;
#3865 = CARTESIAN_POINT ( 'NONE',  ( -21.75174470037796581, 29.37475742951500024, -14.00000000000000000 ) ) ;
#3866 = LINE ( 'NONE', #620, #469 ) ;
ENDSEC;
END-ISO-10303-21;
