/*******************************************************************************
 * Size: 24 px
 * Bpp: 4
 * Opts: undefined
 ******************************************************************************/

#ifdef LV_LVGL_H_INCLUDE_SIMPLE
#include "lvgl.h"
#else
#include "lvgl.h"
#endif

#ifndef LV_FONT_SOURCEHANSANSSCBOLD_24
#define LV_FONT_SOURCEHANSANSSCBOLD_24 1
#endif

#if LV_FONT_SOURCEHANSANSSCBOLD_24

/*-----------------
 *    BITMAPS
 *----------------*/

/*Store the image of the glyphs*/
static LV_ATTRIBUTE_LARGE_CONST const uint8_t glyph_bitmap[] = {
    /* U+0020 " " */

    /* U+0021 "!" */
    0x5f, 0xff, 0x34, 0xff, 0xf2, 0x4f, 0xff, 0x13,
    0xff, 0xf1, 0x2f, 0xff, 0x1, 0xff, 0xf0, 0xf,
    0xfe, 0x0, 0xff, 0xd0, 0xe, 0xfc, 0x0, 0xef,
    0xc0, 0xd, 0xfb, 0x0, 0xcf, 0xa0, 0x4, 0x63,
    0x0, 0x6a, 0x50, 0x6f, 0xff, 0x4b, 0xff, 0xf9,
    0x8f, 0xff, 0x61, 0xbf, 0xa0,

    /* U+0022 "\"" */
    0xef, 0xfa, 0x0, 0xef, 0xfa, 0xdf, 0xfa, 0x0,
    0xdf, 0xfa, 0xdf, 0xf9, 0x0, 0xdf, 0xf9, 0xcf,
    0xf8, 0x0, 0xcf, 0xf8, 0xaf, 0xf6, 0x0, 0xaf,
    0xf6, 0x8f, 0xf4, 0x0, 0x8f, 0xf4, 0x6f, 0xf2,
    0x0, 0x6f, 0xf2, 0x3f, 0xf0, 0x0, 0x3f, 0xf0,
    0x1a, 0x90, 0x0, 0x1a, 0x90,

    /* U+0023 "#" */
    0x0, 0x0, 0x8f, 0x80, 0x6, 0xfa, 0x0, 0x0,
    0x0, 0xbf, 0x60, 0x8, 0xf8, 0x0, 0x0, 0x0,
    0xdf, 0x30, 0xb, 0xf6, 0x0, 0x0, 0x0, 0xff,
    0x10, 0xd, 0xf4, 0x0, 0x8, 0xff, 0xff, 0xff,
    0xff, 0xff, 0xf5, 0x8, 0xff, 0xff, 0xff, 0xff,
    0xff, 0xf5, 0x2, 0x48, 0xfd, 0x44, 0x7f, 0xe4,
    0x41, 0x0, 0x7, 0xfa, 0x0, 0x5f, 0xc0, 0x0,
    0x0, 0x8, 0xf8, 0x0, 0x6f, 0xa0, 0x0, 0x0,
    0xa, 0xf7, 0x0, 0x8f, 0x90, 0x0, 0x5, 0x5c,
    0xf9, 0x55, 0xbf, 0xa5, 0x40, 0xf, 0xff, 0xff,
    0xff, 0xff, 0xff, 0xc0, 0xf, 0xff, 0xff, 0xff,
    0xff, 0xff, 0xc0, 0x0, 0x1f, 0xf0, 0x0, 0xff,
    0x20, 0x0, 0x0, 0x3f, 0xe0, 0x1, 0xff, 0x0,
    0x0, 0x0, 0x5f, 0xc0, 0x3, 0xfe, 0x0, 0x0,
    0x0, 0x7f, 0xa0, 0x5, 0xfc, 0x0, 0x0, 0x0,
    0x9f, 0x80, 0x7, 0xfa, 0x0, 0x0,

    /* U+0024 "$" */
    0x0, 0x0, 0x9, 0x92, 0x0, 0x0, 0x0, 0x0,
    0x1f, 0xf4, 0x0, 0x0, 0x0, 0x0, 0x1f, 0xf4,
    0x0, 0x0, 0x0, 0x4, 0xaf, 0xfc, 0x61, 0x0,
    0x0, 0xaf, 0xff, 0xff, 0xff, 0x40, 0x7, 0xff,
    0xff, 0xff, 0xff, 0xe1, 0xe, 0xff, 0xc2, 0x3,
    0xaf, 0x40, 0x1f, 0xff, 0x40, 0x0, 0x2, 0x0,
    0x1f, 0xff, 0x60, 0x0, 0x0, 0x0, 0xd, 0xff,
    0xf5, 0x0, 0x0, 0x0, 0x5, 0xff, 0xff, 0xc3,
    0x0, 0x0, 0x0, 0x5f, 0xff, 0xff, 0x90, 0x0,
    0x0, 0x2, 0xcf, 0xff, 0xfd, 0x10, 0x0, 0x0,
    0x6, 0xef, 0xff, 0xb0, 0x0, 0x0, 0x0, 0x1c,
    0xff, 0xf3, 0x0, 0x0, 0x0, 0x1, 0xff, 0xf6,
    0x1, 0x0, 0x0, 0x0, 0xef, 0xf6, 0xc, 0xc2,
    0x0, 0x4, 0xff, 0xf4, 0x6f, 0xff, 0xda, 0xbf,
    0xff, 0xd0, 0x5e, 0xff, 0xff, 0xff, 0xff, 0x40,
    0x1, 0x9e, 0xff, 0xff, 0xb3, 0x0, 0x0, 0x0,
    0x3f, 0xf5, 0x0, 0x0, 0x0, 0x0, 0x1f, 0xf4,
    0x0, 0x0, 0x0, 0x0, 0x1f, 0xf4, 0x0, 0x0,

    /* U+0025 "%" */
    0x0, 0x1a, 0xde, 0xb2, 0x0, 0x0, 0x0, 0xe,
    0xf2, 0x0, 0x0, 0x0, 0x1e, 0xff, 0xff, 0xf3,
    0x0, 0x0, 0x7, 0xf9, 0x0, 0x0, 0x0, 0x9,
    0xfe, 0x32, 0xdf, 0xc0, 0x0, 0x1, 0xef, 0x10,
    0x0, 0x0, 0x0, 0xff, 0x80, 0x5, 0xff, 0x20,
    0x0, 0x8f, 0x80, 0x0, 0x0, 0x0, 0x1f, 0xf5,
    0x0, 0x2f, 0xf4, 0x0, 0x1f, 0xf1, 0x0, 0x0,
    0x0, 0x3, 0xff, 0x40, 0x1, 0xff, 0x60, 0x9,
    0xf7, 0x0, 0x0, 0x0, 0x0, 0x1f, 0xf5, 0x0,
    0x2f, 0xf4, 0x2, 0xfe, 0x0, 0x0, 0x0, 0x0,
    0x0, 0xff, 0x80, 0x5, 0xff, 0x20, 0xbf, 0x60,
    0x2b, 0xff, 0xb2, 0x0, 0x9, 0xfe, 0x32, 0xdf,
    0xc0, 0x3f, 0xd0, 0x2e, 0xff, 0xff, 0xf2, 0x0,
    0x1e, 0xff, 0xff, 0xf3, 0xc, 0xf5, 0xa, 0xfe,
    0x22, 0xdf, 0xb0, 0x0, 0x1a, 0xde, 0xb2, 0x4,
    0xfc, 0x0, 0xff, 0x70, 0x6, 0xff, 0x10, 0x0,
    0x0, 0x0, 0x0, 0xdf, 0x40, 0x2f, 0xf4, 0x0,
    0x3f, 0xf3, 0x0, 0x0, 0x0, 0x0, 0x6f, 0xb0,
    0x4, 0xff, 0x30, 0x2, 0xff, 0x40, 0x0, 0x0,
    0x0, 0xe, 0xf3, 0x0, 0x2f, 0xf4, 0x0, 0x3f,
    0xf3, 0x0, 0x0, 0x0, 0x7, 0xfa, 0x0, 0x0,
    0xff, 0x70, 0x7, 0xff, 0x0, 0x0, 0x0, 0x1,
    0xef, 0x20, 0x0, 0xa, 0xfe, 0x33, 0xef, 0xa0,
    0x0, 0x0, 0x0, 0x8f, 0x90, 0x0, 0x0, 0x2e,
    0xff, 0xff, 0xe2, 0x0, 0x0, 0x0, 0x1f, 0xf1,
    0x0, 0x0, 0x0, 0x1a, 0xee, 0xa1, 0x0,

    /* U+0026 "&" */
    0x0, 0x0, 0x8, 0xcf, 0xd9, 0x10, 0x0, 0x0,
    0x0, 0x0, 0x0, 0xdf, 0xff, 0xff, 0xd0, 0x0,
    0x0, 0x0, 0x0, 0x9, 0xff, 0xd7, 0xcf, 0xf7,
    0x0, 0x0, 0x0, 0x0, 0xd, 0xff, 0x10, 0x2f,
    0xfa, 0x0, 0x0, 0x0, 0x0, 0xf, 0xfe, 0x0,
    0x2f, 0xf9, 0x0, 0x0, 0x0, 0x0, 0xe, 0xff,
    0x0, 0xaf, 0xf4, 0x0, 0x0, 0x0, 0x0, 0xa,
    0xff, 0x6c, 0xff, 0x90, 0x0, 0x0, 0x0, 0x0,
    0x3, 0xff, 0xff, 0xf8, 0x0, 0x0, 0x0, 0x0,
    0x0, 0x6, 0xff, 0xff, 0x50, 0x0, 0x4, 0xff,
    0xe0, 0x0, 0x8f, 0xff, 0xff, 0x80, 0x0, 0xa,
    0xff, 0x80, 0x7, 0xff, 0xfa, 0xff, 0xf8, 0x0,
    0x2f, 0xff, 0x20, 0xf, 0xff, 0x90, 0x7f, 0xff,
    0xa0, 0xbf, 0xf9, 0x0, 0x2f, 0xff, 0x20, 0x8,
    0xff, 0xfe, 0xff, 0xe1, 0x0, 0x3f, 0xff, 0x30,
    0x0, 0x7f, 0xff, 0xff, 0x50, 0x0, 0xf, 0xff,
    0xc2, 0x0, 0x2c, 0xff, 0xff, 0xe7, 0x20, 0x8,
    0xff, 0xff, 0xdd, 0xff, 0xff, 0xff, 0xff, 0xf1,
    0x0, 0xaf, 0xff, 0xff, 0xff, 0xe5, 0x6e, 0xff,
    0xd0, 0x0, 0x4, 0xad, 0xfe, 0xc7, 0x0, 0x0,
    0x6b, 0x80,

    /* U+0027 "'" */
    0xef, 0xfa, 0xdf, 0xfa, 0xdf, 0xf9, 0xcf, 0xf8,
    0xaf, 0xf6, 0x8f, 0xf4, 0x6f, 0xf2, 0x3f, 0xf0,
    0x1a, 0x90,

    /* U+0028 "(" */
    0x0, 0x1, 0x0, 0x0, 0xc, 0xe6, 0x0, 0x5f,
    0xf6, 0x0, 0xdf, 0xe0, 0x3, 0xff, 0x70, 0x9,
    0xff, 0x20, 0xf, 0xfd, 0x0, 0x3f, 0xf9, 0x0,
    0x6f, 0xf6, 0x0, 0xaf, 0xf3, 0x0, 0xcf, 0xf0,
    0x0, 0xdf, 0xf0, 0x0, 0xef, 0xe0, 0x0, 0xef,
    0xe0, 0x0, 0xdf, 0xf0, 0x0, 0xcf, 0xf0, 0x0,
    0xbf, 0xf1, 0x0, 0x9f, 0xf4, 0x0, 0x5f, 0xf7,
    0x0, 0x2f, 0xfa, 0x0, 0xd, 0xff, 0x0, 0x7,
    0xff, 0x40, 0x1, 0xff, 0xa0, 0x0, 0xaf, 0xf2,
    0x0, 0x2f, 0xf9, 0x0, 0x8, 0x82,

    /* U+0029 ")" */
    0x0, 0x10, 0x0, 0x5, 0xed, 0x0, 0x0, 0x5f,
    0xf6, 0x0, 0x0, 0xdf, 0xe0, 0x0, 0x6, 0xff,
    0x40, 0x0, 0x1f, 0xfa, 0x0, 0x0, 0xcf, 0xf1,
    0x0, 0x8, 0xff, 0x40, 0x0, 0x5f, 0xf8, 0x0,
    0x2, 0xff, 0xb0, 0x0, 0xf, 0xfd, 0x0, 0x0,
    0xef, 0xe0, 0x0, 0xe, 0xff, 0x0, 0x0, 0xdf,
    0xf0, 0x0, 0xe, 0xff, 0x0, 0x0, 0xff, 0xe0,
    0x0, 0xf, 0xfc, 0x0, 0x3, 0xff, 0xa0, 0x0,
    0x6f, 0xf6, 0x0, 0x9, 0xff, 0x30, 0x0, 0xef,
    0xe0, 0x0, 0x3f, 0xf8, 0x0, 0x9, 0xff, 0x20,
    0x1, 0xff, 0xb0, 0x0, 0x8f, 0xf3, 0x0, 0x1,
    0x89, 0x0, 0x0,

    /* U+002A "*" */
    0x0, 0x0, 0xef, 0x10, 0x0, 0x0, 0x0, 0xff,
    0x20, 0x0, 0x25, 0x12, 0xff, 0x31, 0x43, 0x8f,
    0xfe, 0xff, 0xef, 0xfb, 0x6e, 0xff, 0xff, 0xff,
    0xe7, 0x0, 0x6f, 0xff, 0xf8, 0x0, 0x0, 0x7f,
    0xff, 0xf9, 0x0, 0x1, 0xff, 0xb8, 0xff, 0x30,
    0x4, 0xfc, 0x0, 0xaf, 0x60, 0x0, 0x31, 0x0,
    0x4, 0x0,

    /* U+002B "+" */
    0x0, 0x0, 0x3, 0xee, 0x50, 0x0, 0x0, 0x0,
    0x0, 0x3, 0xff, 0x50, 0x0, 0x0, 0x0, 0x0,
    0x3, 0xff, 0x50, 0x0, 0x0, 0x0, 0x0, 0x3,
    0xff, 0x50, 0x0, 0x0, 0x0, 0x0, 0x3, 0xff,
    0x50, 0x0, 0x0, 0x8, 0x88, 0x8a, 0xff, 0xb8,
    0x88, 0x81, 0xf, 0xff, 0xff, 0xff, 0xff, 0xff,
    0xf3, 0xf, 0xff, 0xff, 0xff, 0xff, 0xff, 0xf3,
    0x0, 0x0, 0x3, 0xff, 0x50, 0x0, 0x0, 0x0,
    0x0, 0x3, 0xff, 0x50, 0x0, 0x0, 0x0, 0x0,
    0x3, 0xff, 0x50, 0x0, 0x0, 0x0, 0x0, 0x3,
    0xff, 0x50, 0x0, 0x0, 0x0, 0x0, 0x3, 0xff,
    0x50, 0x0, 0x0,

    /* U+002C "," */
    0x0, 0x22, 0x0, 0xa, 0xff, 0xa0, 0x2f, 0xff,
    0xf3, 0x2f, 0xff, 0xf7, 0x7, 0xef, 0xf8, 0x0,
    0xe, 0xf5, 0x0, 0x5f, 0xf2, 0x5, 0xff, 0xa0,
    0x8f, 0xfc, 0x10, 0x4f, 0x90, 0x0, 0x1, 0x0,
    0x0,

    /* U+002D "-" */
    0x79, 0x99, 0x99, 0x6d, 0xff, 0xff, 0xfb, 0xdf,
    0xff, 0xff, 0xb0,

    /* U+002E "." */
    0x2, 0x98, 0x10, 0xe, 0xff, 0xc0, 0x3f, 0xff,
    0xf0, 0x1f, 0xff, 0xe0, 0x6, 0xed, 0x40,

    /* U+002F "/" */
    0x0, 0x0, 0x0, 0xdf, 0x80, 0x0, 0x0, 0x1f,
    0xf4, 0x0, 0x0, 0x4, 0xff, 0x0, 0x0, 0x0,
    0x8f, 0xc0, 0x0, 0x0, 0xc, 0xf8, 0x0, 0x0,
    0x1, 0xff, 0x40, 0x0, 0x0, 0x4f, 0xf0, 0x0,
    0x0, 0x8, 0xfc, 0x0, 0x0, 0x0, 0xcf, 0x80,
    0x0, 0x0, 0xf, 0xf4, 0x0, 0x0, 0x4, 0xff,
    0x0, 0x0, 0x0, 0x8f, 0xc0, 0x0, 0x0, 0xc,
    0xf8, 0x0, 0x0, 0x0, 0xff, 0x40, 0x0, 0x0,
    0x4f, 0xf0, 0x0, 0x0, 0x8, 0xfc, 0x0, 0x0,
    0x0, 0xcf, 0x80, 0x0, 0x0, 0xf, 0xf4, 0x0,
    0x0, 0x4, 0xff, 0x0, 0x0, 0x0, 0x8f, 0xc0,
    0x0, 0x0, 0xc, 0xf8, 0x0, 0x0, 0x0, 0xff,
    0x40, 0x0, 0x0, 0x4f, 0xf1, 0x0, 0x0, 0x8,
    0xfc, 0x0, 0x0, 0x0,

    /* U+0030 "0" */
    0x0, 0x5, 0xce, 0xfc, 0x60, 0x0, 0x0, 0xa,
    0xff, 0xff, 0xff, 0xb0, 0x0, 0x7, 0xff, 0xfe,
    0xef, 0xff, 0x90, 0x0, 0xef, 0xfa, 0x0, 0x7f,
    0xff, 0x20, 0x5f, 0xff, 0x0, 0x0, 0xdf, 0xf8,
    0x9, 0xff, 0xb0, 0x0, 0x8, 0xff, 0xc0, 0xcf,
    0xf8, 0x0, 0x0, 0x6f, 0xff, 0xd, 0xff, 0x60,
    0x0, 0x4, 0xff, 0xf0, 0xef, 0xf6, 0x0, 0x0,
    0x4f, 0xff, 0x1e, 0xff, 0x60, 0x0, 0x4, 0xff,
    0xf1, 0xdf, 0xf7, 0x0, 0x0, 0x4f, 0xff, 0xb,
    0xff, 0x80, 0x0, 0x6, 0xff, 0xe0, 0x9f, 0xfb,
    0x0, 0x0, 0x9f, 0xfb, 0x4, 0xff, 0xf1, 0x0,
    0xd, 0xff, 0x70, 0xe, 0xff, 0xa0, 0x8, 0xff,
    0xf1, 0x0, 0x6f, 0xff, 0xfe, 0xff, 0xf8, 0x0,
    0x0, 0x9f, 0xff, 0xff, 0xfb, 0x0, 0x0, 0x0,
    0x5c, 0xff, 0xc6, 0x0, 0x0,

    /* U+0031 "1" */
    0x0, 0x0, 0x6e, 0xff, 0x40, 0x0, 0x3, 0xbf,
    0xff, 0xff, 0x40, 0x0, 0x6, 0xff, 0xff, 0xff,
    0x40, 0x0, 0x5, 0xbb, 0xcf, 0xff, 0x40, 0x0,
    0x0, 0x0, 0x2f, 0xff, 0x40, 0x0, 0x0, 0x0,
    0x2f, 0xff, 0x40, 0x0, 0x0, 0x0, 0x2f, 0xff,
    0x40, 0x0, 0x0, 0x0, 0x2f, 0xff, 0x40, 0x0,
    0x0, 0x0, 0x2f, 0xff, 0x40, 0x0, 0x0, 0x0,
    0x2f, 0xff, 0x40, 0x0, 0x0, 0x0, 0x2f, 0xff,
    0x40, 0x0, 0x0, 0x0, 0x2f, 0xff, 0x40, 0x0,
    0x0, 0x0, 0x2f, 0xff, 0x40, 0x0, 0x0, 0x0,
    0x2f, 0xff, 0x40, 0x0, 0x0, 0x0, 0x2f, 0xff,
    0x40, 0x0, 0xe, 0xee, 0xef, 0xff, 0xfe, 0xe9,
    0xf, 0xff, 0xff, 0xff, 0xff, 0xfa, 0xf, 0xff,
    0xff, 0xff, 0xff, 0xfa,

    /* U+0032 "2" */
    0x0, 0x5, 0xbe, 0xfd, 0xa2, 0x0, 0x0, 0x1b,
    0xff, 0xff, 0xff, 0xf7, 0x0, 0xc, 0xff, 0xfe,
    0xef, 0xff, 0xf3, 0x0, 0x6f, 0xe4, 0x0, 0x4f,
    0xff, 0xb0, 0x0, 0x41, 0x0, 0x0, 0x8f, 0xfe,
    0x0, 0x0, 0x0, 0x0, 0x5, 0xff, 0xf0, 0x0,
    0x0, 0x0, 0x0, 0x6f, 0xfe, 0x0, 0x0, 0x0,
    0x0, 0xb, 0xff, 0xa0, 0x0, 0x0, 0x0, 0x3,
    0xff, 0xf4, 0x0, 0x0, 0x0, 0x0, 0xdf, 0xfc,
    0x0, 0x0, 0x0, 0x0, 0x9f, 0xff, 0x30, 0x0,
    0x0, 0x0, 0x7f, 0xff, 0x70, 0x0, 0x0, 0x0,
    0x5f, 0xff, 0xa0, 0x0, 0x0, 0x0, 0x5f, 0xff,
    0xb0, 0x0, 0x0, 0x0, 0x6f, 0xff, 0xc0, 0x0,
    0x0, 0x0, 0x7f, 0xff, 0xfe, 0xef, 0xff, 0xfe,
    0xf, 0xff, 0xff, 0xff, 0xff, 0xff, 0xe0, 0xff,
    0xff, 0xff, 0xff, 0xff, 0xfe,

    /* U+0033 "3" */
    0x0, 0x4, 0xbe, 0xfd, 0xb6, 0x0, 0x0, 0x1a,
    0xff, 0xff, 0xff, 0xfd, 0x10, 0x8, 0xff, 0xff,
    0xdf, 0xff, 0xfb, 0x0, 0xa, 0xd4, 0x0, 0x1c,
    0xff, 0xf0, 0x0, 0x0, 0x0, 0x0, 0x5f, 0xff,
    0x20, 0x0, 0x0, 0x0, 0x8, 0xff, 0xf0, 0x0,
    0x0, 0x1, 0x39, 0xff, 0xf8, 0x0, 0x0, 0x9,
    0xff, 0xff, 0xf7, 0x0, 0x0, 0x0, 0x9f, 0xff,
    0xfb, 0x30, 0x0, 0x0, 0x6, 0xbc, 0xff, 0xff,
    0x70, 0x0, 0x0, 0x0, 0x1, 0xaf, 0xff, 0x30,
    0x0, 0x0, 0x0, 0x0, 0xef, 0xf9, 0x0, 0x0,
    0x0, 0x0, 0xc, 0xff, 0xc0, 0x18, 0x0, 0x0,
    0x0, 0xef, 0xfa, 0xa, 0xfd, 0x40, 0x2, 0xbf,
    0xff, 0x62, 0xff, 0xff, 0xff, 0xff, 0xff, 0xd0,
    0x4, 0xef, 0xff, 0xff, 0xff, 0xd2, 0x0, 0x1,
    0x7c, 0xef, 0xdb, 0x50, 0x0,

    /* U+0034 "4" */
    0x0, 0x0, 0x0, 0x3f, 0xff, 0xf5, 0x0, 0x0,
    0x0, 0x0, 0xcf, 0xff, 0xf5, 0x0, 0x0, 0x0,
    0x7, 0xff, 0xff, 0xf5, 0x0, 0x0, 0x0, 0x1f,
    0xfe, 0xdf, 0xf5, 0x0, 0x0, 0x0, 0xbf, 0xf6,
    0xdf, 0xf5, 0x0, 0x0, 0x5, 0xff, 0xe0, 0xef,
    0xf5, 0x0, 0x0, 0xe, 0xff, 0x50, 0xef, 0xf5,
    0x0, 0x0, 0x9f, 0xfb, 0x0, 0xef, 0xf5, 0x0,
    0x3, 0xff, 0xf1, 0x0, 0xef, 0xf5, 0x0, 0xc,
    0xff, 0x60, 0x0, 0xef, 0xf5, 0x0, 0x6f, 0xff,
    0xbb, 0xbb, 0xff, 0xfd, 0xb5, 0x7f, 0xff, 0xff,
    0xff, 0xff, 0xff, 0xf7, 0x7f, 0xff, 0xff, 0xff,
    0xff, 0xff, 0xf7, 0x0, 0x0, 0x0, 0x0, 0xef,
    0xf5, 0x0, 0x0, 0x0, 0x0, 0x0, 0xef, 0xf5,
    0x0, 0x0, 0x0, 0x0, 0x0, 0xef, 0xf5, 0x0,
    0x0, 0x0, 0x0, 0x0, 0xef, 0xf5, 0x0, 0x0,
    0x0, 0x0, 0x0, 0xef, 0xf5, 0x0,

    /* U+0035 "5" */
    0x0, 0x8f, 0xff, 0xff, 0xff, 0xff, 0x0, 0x9,
    0xff, 0xff, 0xff, 0xff, 0xf0, 0x0, 0x9f, 0xff,
    0xff, 0xff, 0xff, 0x0, 0xa, 0xff, 0x80, 0x0,
    0x0, 0x0, 0x0, 0xbf, 0xf6, 0x0, 0x0, 0x0,
    0x0, 0xc, 0xff, 0x50, 0x0, 0x0, 0x0, 0x0,
    0xdf, 0xfb, 0xef, 0xd9, 0x10, 0x0, 0xe, 0xff,
    0xff, 0xff, 0xff, 0x40, 0x0, 0xaf, 0xea, 0x9c,
    0xff, 0xfe, 0x10, 0x0, 0x41, 0x0, 0x8, 0xff,
    0xf7, 0x0, 0x0, 0x0, 0x0, 0xe, 0xff, 0xa0,
    0x0, 0x0, 0x0, 0x0, 0xbf, 0xfc, 0x0, 0x0,
    0x0, 0x0, 0xc, 0xff, 0xc0, 0x7, 0x0, 0x0,
    0x2, 0xff, 0xf9, 0xa, 0xfc, 0x40, 0x3, 0xdf,
    0xff, 0x32, 0xff, 0xff, 0xff, 0xff, 0xff, 0x80,
    0x3, 0xdf, 0xff, 0xff, 0xff, 0xa0, 0x0, 0x0,
    0x6b, 0xef, 0xda, 0x40, 0x0,

    /* U+0036 "6" */
    0x0, 0x0, 0x6c, 0xff, 0xd8, 0x10, 0x0, 0x1,
    0xdf, 0xff, 0xff, 0xfe, 0x30, 0x0, 0xdf, 0xff,
    0xff, 0xff, 0xf7, 0x0, 0x8f, 0xff, 0x70, 0x2,
    0xb8, 0x0, 0xf, 0xff, 0x70, 0x0, 0x0, 0x0,
    0x5, 0xff, 0xe0, 0x0, 0x0, 0x0, 0x0, 0x8f,
    0xfb, 0x1, 0x67, 0x40, 0x0, 0xa, 0xff, 0x87,
    0xff, 0xff, 0xe4, 0x0, 0xcf, 0xfe, 0xff, 0xff,
    0xff, 0xf2, 0xc, 0xff, 0xfb, 0x40, 0x4e, 0xff,
    0xb0, 0xbf, 0xfc, 0x0, 0x0, 0x5f, 0xfe, 0x9,
    0xff, 0x90, 0x0, 0x2, 0xff, 0xf1, 0x6f, 0xfc,
    0x0, 0x0, 0x2f, 0xff, 0x12, 0xff, 0xf2, 0x0,
    0x5, 0xff, 0xe0, 0xb, 0xff, 0xc1, 0x1, 0xdf,
    0xfa, 0x0, 0x2f, 0xff, 0xec, 0xef, 0xff, 0x10,
    0x0, 0x4f, 0xff, 0xff, 0xff, 0x50, 0x0, 0x0,
    0x29, 0xef, 0xd9, 0x10, 0x0,

    /* U+0037 "7" */
    0xcf, 0xff, 0xff, 0xff, 0xff, 0xff, 0xc, 0xff,
    0xff, 0xff, 0xff, 0xff, 0xf0, 0xcf, 0xff, 0xff,
    0xff, 0xff, 0xfc, 0x0, 0x0, 0x0, 0x0, 0x2f,
    0xfe, 0x10, 0x0, 0x0, 0x0, 0xb, 0xff, 0x50,
    0x0, 0x0, 0x0, 0x5, 0xff, 0xb0, 0x0, 0x0,
    0x0, 0x0, 0xef, 0xf4, 0x0, 0x0, 0x0, 0x0,
    0x5f, 0xfd, 0x0, 0x0, 0x0, 0x0, 0xb, 0xff,
    0x60, 0x0, 0x0, 0x0, 0x2, 0xff, 0xf1, 0x0,
    0x0, 0x0, 0x0, 0x7f, 0xfd, 0x0, 0x0, 0x0,
    0x0, 0xa, 0xff, 0xa0, 0x0, 0x0, 0x0, 0x0,
    0xef, 0xf7, 0x0, 0x0, 0x0, 0x0, 0x1f, 0xff,
    0x50, 0x0, 0x0, 0x0, 0x3, 0xff, 0xf3, 0x0,
    0x0, 0x0, 0x0, 0x4f, 0xff, 0x20, 0x0, 0x0,
    0x0, 0x6, 0xff, 0xf1, 0x0, 0x0, 0x0, 0x0,
    0x7f, 0xff, 0x0, 0x0, 0x0,

    /* U+0038 "8" */
    0x0, 0x6, 0xbe, 0xfc, 0x80, 0x0, 0x0, 0xc,
    0xff, 0xff, 0xff, 0xe2, 0x0, 0x9, 0xff, 0xfa,
    0x9e, 0xff, 0xc0, 0x0, 0xef, 0xf5, 0x0, 0x1e,
    0xff, 0x10, 0x1f, 0xff, 0x0, 0x0, 0xaf, 0xf4,
    0x0, 0xff, 0xf1, 0x0, 0xa, 0xff, 0x30, 0xb,
    0xff, 0xa0, 0x0, 0xdf, 0xd0, 0x0, 0x2e, 0xff,
    0xc4, 0x7f, 0xe2, 0x0, 0x0, 0x2f, 0xff, 0xff,
    0xf4, 0x0, 0x0, 0x9, 0xfe, 0xff, 0xff, 0xe4,
    0x0, 0xc, 0xff, 0x31, 0x7f, 0xff, 0xf2, 0x7,
    0xff, 0x80, 0x0, 0x2e, 0xff, 0xa0, 0xbf, 0xf4,
    0x0, 0x0, 0x6f, 0xfe, 0xd, 0xff, 0x40, 0x0,
    0x4, 0xff, 0xf0, 0x9f, 0xfc, 0x0, 0x0, 0xbf,
    0xfc, 0x3, 0xff, 0xfe, 0xa9, 0xdf, 0xff, 0x50,
    0x5, 0xff, 0xff, 0xff, 0xff, 0x70, 0x0, 0x1,
    0x8c, 0xef, 0xc9, 0x20, 0x0,

    /* U+0039 "9" */
    0x0, 0x1, 0x9c, 0xfe, 0xa3, 0x0, 0x0, 0x4,
    0xff, 0xff, 0xff, 0xf7, 0x0, 0x1, 0xff, 0xff,
    0xce, 0xff, 0xf5, 0x0, 0x9f, 0xfd, 0x10, 0x9,
    0xff, 0xe0, 0xd, 0xff, 0x60, 0x0, 0xe, 0xff,
    0x50, 0xff, 0xf3, 0x0, 0x0, 0x9f, 0xf9, 0xe,
    0xff, 0x50, 0x0, 0x7, 0xff, 0xc0, 0xcf, 0xfb,
    0x0, 0x2, 0xef, 0xfd, 0x5, 0xff, 0xfd, 0x9c,
    0xff, 0xff, 0xe0, 0xa, 0xff, 0xff, 0xfe, 0x9f,
    0xfe, 0x0, 0x5, 0xce, 0xfa, 0x26, 0xff, 0xc0,
    0x0, 0x0, 0x0, 0x0, 0x9f, 0xfa, 0x0, 0x0,
    0x0, 0x0, 0xe, 0xff, 0x60, 0x0, 0x0, 0x0,
    0x6, 0xff, 0xf1, 0x0, 0x7d, 0x40, 0x6, 0xff,
    0xfa, 0x0, 0x5f, 0xff, 0xff, 0xff, 0xfe, 0x10,
    0x2, 0xdf, 0xff, 0xff, 0xfe, 0x20, 0x0, 0x0,
    0x7c, 0xef, 0xd7, 0x0, 0x0,

    /* U+003A ":" */
    0x6, 0xed, 0x40, 0x1f, 0xff, 0xe0, 0x3f, 0xff,
    0xf0, 0xe, 0xff, 0xc0, 0x2, 0x98, 0x10, 0x0,
    0x0, 0x0, 0x0, 0x0, 0x0, 0x0, 0x0, 0x0,
    0x0, 0x0, 0x0, 0x2, 0x98, 0x10, 0xe, 0xff,
    0xc0, 0x3f, 0xff, 0xf0, 0x1f, 0xff, 0xe0, 0x6,
    0xed, 0x40,

    /* U+003B ";" */
    0x6, 0xed, 0x40, 0x1f, 0xff, 0xe0, 0x3f, 0xff,
    0xf0, 0xe, 0xff, 0xc0, 0x2, 0x98, 0x10, 0x0,
    0x0, 0x0, 0x0, 0x0, 0x0, 0x0, 0x0, 0x0,
    0x0, 0x0, 0x0, 0x0, 0x22, 0x0, 0xa, 0xff,
    0xa0, 0x2f, 0xff, 0xf3, 0x2f, 0xff, 0xf7, 0x7,
    0xef, 0xf8, 0x0, 0xe, 0xf5, 0x0, 0x5f, 0xf2,
    0x5, 0xff, 0xa0, 0x8f, 0xfc, 0x10, 0x4f, 0x90,
    0x0, 0x1, 0x0, 0x0,

    /* U+003C "<" */
    0x0, 0x0, 0x0, 0x0, 0x0, 0x0, 0x0, 0x0,
    0x0, 0x0, 0x0, 0x0, 0x39, 0xf3, 0x0, 0x0,
    0x0, 0x1, 0x6d, 0xff, 0xf3, 0x0, 0x0, 0x3,
    0xaf, 0xff, 0xff, 0xe2, 0x0, 0x17, 0xdf, 0xff,
    0xff, 0xa4, 0x0, 0xa, 0xff, 0xff, 0xfa, 0x50,
    0x0, 0x0, 0xf, 0xff, 0xd6, 0x10, 0x0, 0x0,
    0x0, 0xf, 0xff, 0xfc, 0x61, 0x0, 0x0, 0x0,
    0x4, 0xbf, 0xff, 0xff, 0xa5, 0x0, 0x0, 0x0,
    0x1, 0x7d, 0xff, 0xff, 0xfa, 0x40, 0x0, 0x0,
    0x0, 0x4a, 0xff, 0xff, 0xf3, 0x0, 0x0, 0x0,
    0x0, 0x17, 0xdf, 0xf3, 0x0, 0x0, 0x0, 0x0,
    0x0, 0x3, 0xa3,

    /* U+003D "=" */
    0xf, 0xff, 0xff, 0xff, 0xff, 0xff, 0xf3, 0xf,
    0xff, 0xff, 0xff, 0xff, 0xff, 0xf3, 0x8, 0x88,
    0x88, 0x88, 0x88, 0x88, 0x81, 0x0, 0x0, 0x0,
    0x0, 0x0, 0x0, 0x0, 0x0, 0x0, 0x0, 0x0,
    0x0, 0x0, 0x0, 0x0, 0x0, 0x0, 0x0, 0x0,
    0x0, 0x0, 0x8, 0x88, 0x88, 0x88, 0x88, 0x88,
    0x81, 0xf, 0xff, 0xff, 0xff, 0xff, 0xff, 0xf3,
    0xf, 0xff, 0xff, 0xff, 0xff, 0xff, 0xf3,

    /* U+003E ">" */
    0x1, 0x0, 0x0, 0x0, 0x0, 0x0, 0x0, 0xf,
    0xa4, 0x0, 0x0, 0x0, 0x0, 0x0, 0xf, 0xff,
    0xd7, 0x10, 0x0, 0x0, 0x0, 0xe, 0xff, 0xff,
    0xfb, 0x40, 0x0, 0x0, 0x0, 0x39, 0xef, 0xff,
    0xfe, 0x82, 0x0, 0x0, 0x0, 0x4, 0x9f, 0xff,
    0xff, 0xb1, 0x0, 0x0, 0x0, 0x0, 0x5c, 0xff,
    0xf3, 0x0, 0x0, 0x0, 0x5, 0xbf, 0xff, 0xf3,
    0x0, 0x0, 0x4a, 0xff, 0xff, 0xfc, 0x50, 0x3,
    0x9e, 0xff, 0xff, 0xe8, 0x20, 0x0, 0xf, 0xff,
    0xff, 0xb5, 0x0, 0x0, 0x0, 0xf, 0xfe, 0x82,
    0x0, 0x0, 0x0, 0x0, 0xb, 0x40, 0x0, 0x0,
    0x0, 0x0, 0x0,

    /* U+003F "?" */
    0x0, 0x5b, 0xef, 0xd8, 0x10, 0x0, 0xaf, 0xff,
    0xff, 0xfe, 0x20, 0x9f, 0xff, 0xff, 0xff, 0xfb,
    0x0, 0xac, 0x30, 0x2b, 0xff, 0xf0, 0x0, 0x0,
    0x0, 0x4f, 0xff, 0x10, 0x0, 0x0, 0x7, 0xff,
    0xe0, 0x0, 0x0, 0x3, 0xff, 0xf5, 0x0, 0x0,
    0x2, 0xef, 0xf8, 0x0, 0x0, 0x0, 0xcf, 0xfb,
    0x0, 0x0, 0x0, 0x7f, 0xfd, 0x0, 0x0, 0x0,
    0xb, 0xff, 0x70, 0x0, 0x0, 0x0, 0x8b, 0xb3,
    0x0, 0x0, 0x0, 0x0, 0x0, 0x0, 0x0, 0x0,
    0x0, 0x39, 0x80, 0x0, 0x0, 0x0, 0x1f, 0xff,
    0xa0, 0x0, 0x0, 0x5, 0xff, 0xfe, 0x0, 0x0,
    0x0, 0x3f, 0xff, 0xc0, 0x0, 0x0, 0x0, 0x7e,
    0xd3, 0x0, 0x0,

    /* U+0040 "@" */
    0x0, 0x0, 0x0, 0x0, 0x59, 0xde, 0xfe, 0xc8,
    0x20, 0x0, 0x0, 0x0, 0x0, 0x0, 0x6e, 0xff,
    0xff, 0xff, 0xff, 0xfa, 0x10, 0x0, 0x0, 0x0,
    0x1c, 0xff, 0xfa, 0x54, 0x35, 0x8d, 0xff, 0xd2,
    0x0, 0x0, 0x2, 0xef, 0xf9, 0x10, 0x0, 0x0,
    0x0, 0x6f, 0xfd, 0x0, 0x0, 0x1d, 0xff, 0x40,
    0x0, 0x0, 0x0, 0x0, 0x4, 0xff, 0x80, 0x0,
    0xaf, 0xf4, 0x0, 0x0, 0x0, 0x0, 0x0, 0x0,
    0xaf, 0xf0, 0x3, 0xff, 0x80, 0x0, 0x8, 0xdf,
    0xa5, 0xff, 0x0, 0x1f, 0xf5, 0xb, 0xfe, 0x0,
    0x0, 0xbf, 0xff, 0xff, 0xfc, 0x0, 0xc, 0xf9,
    0xf, 0xf8, 0x0, 0xb, 0xff, 0x73, 0xaf, 0xf9,
    0x0, 0xa, 0xfb, 0x4f, 0xf3, 0x0, 0x3f, 0xf8,
    0x0, 0x3f, 0xf6, 0x0, 0x7, 0xfc, 0x7f, 0xf0,
    0x0, 0xaf, 0xf0, 0x0, 0x5f, 0xf3, 0x0, 0x8,
    0xfb, 0x9f, 0xd0, 0x0, 0xdf, 0xb0, 0x0, 0x8f,
    0xf0, 0x0, 0xa, 0xf9, 0xaf, 0xc0, 0x0, 0xff,
    0x90, 0x0, 0xbf, 0xd0, 0x0, 0xe, 0xf5, 0x9f,
    0xd0, 0x0, 0xff, 0xb0, 0x2, 0xef, 0xc0, 0x0,
    0x8f, 0xe0, 0x8f, 0xe0, 0x0, 0xcf, 0xf7, 0x6e,
    0xff, 0xf3, 0x18, 0xff, 0x50, 0x5f, 0xf3, 0x0,
    0x4f, 0xff, 0xff, 0x6f, 0xff, 0xff, 0xf9, 0x0,
    0x1f, 0xf8, 0x0, 0x5, 0xcf, 0xc3, 0x6, 0xff,
    0xfd, 0x50, 0x0, 0xb, 0xff, 0x20, 0x0, 0x0,
    0x0, 0x0, 0x3, 0x10, 0x0, 0x0, 0x3, 0xff,
    0xd1, 0x0, 0x0, 0x0, 0x0, 0x0, 0x0, 0x0,
    0x0, 0x0, 0x7f, 0xfe, 0x40, 0x0, 0x0, 0x0,
    0x20, 0x0, 0x0, 0x0, 0x0, 0x8, 0xff, 0xfc,
    0x85, 0x35, 0x7b, 0xf4, 0x0, 0x0, 0x0, 0x0,
    0x0, 0x4d, 0xff, 0xff, 0xff, 0xff, 0xf8, 0x0,
    0x0, 0x0, 0x0, 0x0, 0x0, 0x49, 0xde, 0xfe,
    0xc8, 0x20, 0x0, 0x0, 0x0,

    /* U+0041 "A" */
    0x0, 0x0, 0x0, 0x9f, 0xff, 0xe0, 0x0, 0x0,
    0x0, 0x0, 0x0, 0xe, 0xff, 0xff, 0x40, 0x0,
    0x0, 0x0, 0x0, 0x3, 0xff, 0xef, 0xf9, 0x0,
    0x0, 0x0, 0x0, 0x0, 0x8f, 0xf7, 0xff, 0xe0,
    0x0, 0x0, 0x0, 0x0, 0xd, 0xff, 0x1d, 0xff,
    0x30, 0x0, 0x0, 0x0, 0x2, 0xff, 0xc0, 0x8f,
    0xf8, 0x0, 0x0, 0x0, 0x0, 0x7f, 0xf8, 0x4,
    0xff, 0xd0, 0x0, 0x0, 0x0, 0xc, 0xff, 0x40,
    0xf, 0xff, 0x20, 0x0, 0x0, 0x1, 0xff, 0xf0,
    0x0, 0xbf, 0xf7, 0x0, 0x0, 0x0, 0x6f, 0xfb,
    0x0, 0x7, 0xff, 0xc0, 0x0, 0x0, 0xb, 0xff,
    0xec, 0xcc, 0xdf, 0xff, 0x10, 0x0, 0x0, 0xff,
    0xff, 0xff, 0xff, 0xff, 0xf6, 0x0, 0x0, 0x5f,
    0xff, 0xff, 0xff, 0xff, 0xff, 0xb0, 0x0, 0xa,
    0xff, 0x90, 0x0, 0x0, 0x6f, 0xff, 0x10, 0x0,
    0xff, 0xf5, 0x0, 0x0, 0x2, 0xff, 0xf6, 0x0,
    0x4f, 0xff, 0x10, 0x0, 0x0, 0xe, 0xff, 0xb0,
    0x9, 0xff, 0xd0, 0x0, 0x0, 0x0, 0xaf, 0xff,
    0x0, 0xef, 0xf9, 0x0, 0x0, 0x0, 0x6, 0xff,
    0xf5,

    /* U+0042 "B" */
    0xcf, 0xff, 0xff, 0xfd, 0xc7, 0x10, 0x0, 0xcf,
    0xff, 0xff, 0xff, 0xff, 0xf3, 0x0, 0xcf, 0xff,
    0xcc, 0xdf, 0xff, 0xff, 0x0, 0xcf, 0xfb, 0x0,
    0x0, 0x9f, 0xff, 0x40, 0xcf, 0xfb, 0x0, 0x0,
    0xf, 0xff, 0x70, 0xcf, 0xfb, 0x0, 0x0, 0xf,
    0xff, 0x50, 0xcf, 0xfb, 0x0, 0x0, 0x9f, 0xfe,
    0x0, 0xcf, 0xfe, 0xaa, 0xbe, 0xff, 0xf4, 0x0,
    0xcf, 0xff, 0xff, 0xff, 0xff, 0x80, 0x0, 0xcf,
    0xff, 0xff, 0xff, 0xff, 0xfd, 0x20, 0xcf, 0xfb,
    0x0, 0x1, 0x6e, 0xff, 0xc0, 0xcf, 0xfb, 0x0,
    0x0, 0x5, 0xff, 0xf3, 0xcf, 0xfb, 0x0, 0x0,
    0x2, 0xff, 0xf5, 0xcf, 0xfb, 0x0, 0x0, 0x4,
    0xff, 0xf4, 0xcf, 0xfb, 0x0, 0x0, 0x3e, 0xff,
    0xf1, 0xcf, 0xff, 0xcc, 0xce, 0xff, 0xff, 0x70,
    0xcf, 0xff, 0xff, 0xff, 0xff, 0xf9, 0x0, 0xcf,
    0xff, 0xff, 0xfe, 0xc8, 0x20, 0x0,

    /* U+0043 "C" */
    0x0, 0x0, 0x6, 0xbe, 0xfe, 0xa4, 0x0, 0x0,
    0x0, 0x4e, 0xff, 0xff, 0xff, 0xf9, 0x0, 0x0,
    0x5f, 0xff, 0xff, 0xff, 0xff, 0xf8, 0x0, 0x2f,
    0xff, 0xfb, 0x52, 0x49, 0xfc, 0x0, 0xa, 0xff,
    0xf8, 0x0, 0x0, 0x3, 0x10, 0x1, 0xff, 0xfd,
    0x0, 0x0, 0x0, 0x0, 0x0, 0x6f, 0xff, 0x50,
    0x0, 0x0, 0x0, 0x0, 0x9, 0xff, 0xf2, 0x0,
    0x0, 0x0, 0x0, 0x0, 0xaf, 0xff, 0x0, 0x0,
    0x0, 0x0, 0x0, 0xa, 0xff, 0xf0, 0x0, 0x0,
    0x0, 0x0, 0x0, 0x9f, 0xff, 0x20, 0x0, 0x0,
    0x0, 0x0, 0x7, 0xff, 0xf5, 0x0, 0x0, 0x0,
    0x0, 0x0, 0x2f, 0xff, 0xc0, 0x0, 0x0, 0x0,
    0x0, 0x0, 0xcf, 0xff, 0x70, 0x0, 0x0, 0x46,
    0x0, 0x4, 0xff, 0xff, 0xa5, 0x25, 0x9f, 0xf5,
    0x0, 0x7, 0xff, 0xff, 0xff, 0xff, 0xff, 0xc0,
    0x0, 0x6, 0xff, 0xff, 0xff, 0xff, 0xb1, 0x0,
    0x0, 0x1, 0x7c, 0xef, 0xea, 0x50, 0x0,

    /* U+0044 "D" */
    0xcf, 0xff, 0xff, 0xeb, 0x81, 0x0, 0x0, 0xcf,
    0xff, 0xff, 0xff, 0xff, 0x80, 0x0, 0xcf, 0xff,
    0xef, 0xff, 0xff, 0xfb, 0x0, 0xcf, 0xfb, 0x0,
    0x27, 0xff, 0xff, 0x70, 0xcf, 0xfb, 0x0, 0x0,
    0x2f, 0xff, 0xf1, 0xcf, 0xfb, 0x0, 0x0, 0x8,
    0xff, 0xf5, 0xcf, 0xfb, 0x0, 0x0, 0x1, 0xff,
    0xf9, 0xcf, 0xfb, 0x0, 0x0, 0x0, 0xff, 0xfb,
    0xcf, 0xfb, 0x0, 0x0, 0x0, 0xdf, 0xfc, 0xcf,
    0xfb, 0x0, 0x0, 0x0, 0xdf, 0xfc, 0xcf, 0xfb,
    0x0, 0x0, 0x0, 0xff, 0xfb, 0xcf, 0xfb, 0x0,
    0x0, 0x2, 0xff, 0xf9, 0xcf, 0xfb, 0x0, 0x0,
    0x9, 0xff, 0xf5, 0xcf, 0xfb, 0x0, 0x0, 0x3f,
    0xff, 0xe0, 0xcf, 0xfb, 0x0, 0x28, 0xff, 0xff,
    0x70, 0xcf, 0xff, 0xef, 0xff, 0xff, 0xfa, 0x0,
    0xcf, 0xff, 0xff, 0xff, 0xff, 0x80, 0x0, 0xcf,
    0xff, 0xff, 0xec, 0x81, 0x0, 0x0,

    /* U+0045 "E" */
    0xcf, 0xff, 0xff, 0xff, 0xff, 0xf1, 0xcf, 0xff,
    0xff, 0xff, 0xff, 0xf1, 0xcf, 0xff, 0xff, 0xff,
    0xff, 0xf1, 0xcf, 0xfb, 0x0, 0x0, 0x0, 0x0,
    0xcf, 0xfb, 0x0, 0x0, 0x0, 0x0, 0xcf, 0xfb,
    0x0, 0x0, 0x0, 0x0, 0xcf, 0xfb, 0x0, 0x0,
    0x0, 0x0, 0xcf, 0xff, 0xff, 0xff, 0xff, 0x0,
    0xcf, 0xff, 0xff, 0xff, 0xff, 0x0, 0xcf, 0xff,
    0xff, 0xff, 0xff, 0x0, 0xcf, 0xfb, 0x0, 0x0,
    0x0, 0x0, 0xcf, 0xfb, 0x0, 0x0, 0x0, 0x0,
    0xcf, 0xfb, 0x0, 0x0, 0x0, 0x0, 0xcf, 0xfb,
    0x0, 0x0, 0x0, 0x0, 0xcf, 0xfb, 0x0, 0x0,
    0x0, 0x0, 0xcf, 0xff, 0xff, 0xff, 0xff, 0xf5,
    0xcf, 0xff, 0xff, 0xff, 0xff, 0xf5, 0xcf, 0xff,
    0xff, 0xff, 0xff, 0xf5,

    /* U+0046 "F" */
    0xcf, 0xff, 0xff, 0xff, 0xff, 0xf1, 0xcf, 0xff,
    0xff, 0xff, 0xff, 0xf1, 0xcf, 0xff, 0xff, 0xff,
    0xff, 0xf1, 0xcf, 0xfb, 0x0, 0x0, 0x0, 0x0,
    0xcf, 0xfb, 0x0, 0x0, 0x0, 0x0, 0xcf, 0xfb,
    0x0, 0x0, 0x0, 0x0, 0xcf, 0xfb, 0x0, 0x0,
    0x0, 0x0, 0xcf, 0xfb, 0x0, 0x0, 0x0, 0x0,
    0xcf, 0xff, 0xff, 0xff, 0xff, 0x0, 0xcf, 0xff,
    0xff, 0xff, 0xff, 0x0, 0xcf, 0xff, 0xff, 0xff,
    0xff, 0x0, 0xcf, 0xfb, 0x0, 0x0, 0x0, 0x0,
    0xcf, 0xfb, 0x0, 0x0, 0x0, 0x0, 0xcf, 0xfb,
    0x0, 0x0, 0x0, 0x0, 0xcf, 0xfb, 0x0, 0x0,
    0x0, 0x0, 0xcf, 0xfb, 0x0, 0x0, 0x0, 0x0,
    0xcf, 0xfb, 0x0, 0x0, 0x0, 0x0, 0xcf, 0xfb,
    0x0, 0x0, 0x0, 0x0,

    /* U+0047 "G" */
    0x0, 0x0, 0x5, 0xae, 0xfe, 0xc7, 0x10, 0x0,
    0x0, 0x3d, 0xff, 0xff, 0xff, 0xff, 0x50, 0x0,
    0x4f, 0xff, 0xff, 0xff, 0xff, 0xff, 0x10, 0x2f,
    0xff, 0xfc, 0x63, 0x36, 0xdf, 0x40, 0xa, 0xff,
    0xf9, 0x0, 0x0, 0x0, 0x40, 0x1, 0xff, 0xfd,
    0x0, 0x0, 0x0, 0x0, 0x0, 0x6f, 0xff, 0x50,
    0x0, 0x0, 0x0, 0x0, 0x9, 0xff, 0xf2, 0x0,
    0x0, 0x0, 0x0, 0x0, 0xaf, 0xff, 0x0, 0x0,
    0xbf, 0xff, 0xff, 0x9a, 0xff, 0xf0, 0x0, 0xb,
    0xff, 0xff, 0xf9, 0x9f, 0xff, 0x20, 0x0, 0xbf,
    0xff, 0xff, 0x96, 0xff, 0xf5, 0x0, 0x0, 0x0,
    0x9f, 0xf9, 0x2f, 0xff, 0xd0, 0x0, 0x0, 0x9,
    0xff, 0x90, 0xcf, 0xff, 0x80, 0x0, 0x0, 0x9f,
    0xf9, 0x3, 0xff, 0xff, 0xc6, 0x32, 0x5d, 0xff,
    0x90, 0x6, 0xff, 0xff, 0xff, 0xff, 0xff, 0xf9,
    0x0, 0x5, 0xef, 0xff, 0xff, 0xff, 0xfa, 0x0,
    0x0, 0x0, 0x6b, 0xef, 0xed, 0x93, 0x0,

    /* U+0048 "H" */
    0xcf, 0xfb, 0x0, 0x0, 0x0, 0x8f, 0xff, 0xcf,
    0xfb, 0x0, 0x0, 0x0, 0x8f, 0xff, 0xcf, 0xfb,
    0x0, 0x0, 0x0, 0x8f, 0xff, 0xcf, 0xfb, 0x0,
    0x0, 0x0, 0x8f, 0xff, 0xcf, 0xfb, 0x0, 0x0,
    0x0, 0x8f, 0xff, 0xcf, 0xfb, 0x0, 0x0, 0x0,
    0x8f, 0xff, 0xcf, 0xfb, 0x0, 0x0, 0x0, 0x8f,
    0xff, 0xcf, 0xff, 0xff, 0xff, 0xff, 0xff, 0xff,
    0xcf, 0xff, 0xff, 0xff, 0xff, 0xff, 0xff, 0xcf,
    0xff, 0xff, 0xff, 0xff, 0xff, 0xff, 0xcf, 0xfc,
    0x11, 0x11, 0x11, 0x9f, 0xff, 0xcf, 0xfb, 0x0,
    0x0, 0x0, 0x8f, 0xff, 0xcf, 0xfb, 0x0, 0x0,
    0x0, 0x8f, 0xff, 0xcf, 0xfb, 0x0, 0x0, 0x0,
    0x8f, 0xff, 0xcf, 0xfb, 0x0, 0x0, 0x0, 0x8f,
    0xff, 0xcf, 0xfb, 0x0, 0x0, 0x0, 0x8f, 0xff,
    0xcf, 0xfb, 0x0, 0x0, 0x0, 0x8f, 0xff, 0xcf,
    0xfb, 0x0, 0x0, 0x0, 0x8f, 0xff,

    /* U+0049 "I" */
    0xcf, 0xfb, 0xcf, 0xfb, 0xcf, 0xfb, 0xcf, 0xfb,
    0xcf, 0xfb, 0xcf, 0xfb, 0xcf, 0xfb, 0xcf, 0xfb,
    0xcf, 0xfb, 0xcf, 0xfb, 0xcf, 0xfb, 0xcf, 0xfb,
    0xcf, 0xfb, 0xcf, 0xfb, 0xcf, 0xfb, 0xcf, 0xfb,
    0xcf, 0xfb, 0xcf, 0xfb,

    /* U+004A "J" */
    0x0, 0x0, 0x0, 0x0, 0xff, 0xf8, 0x0, 0x0,
    0x0, 0x0, 0xff, 0xf8, 0x0, 0x0, 0x0, 0x0,
    0xff, 0xf8, 0x0, 0x0, 0x0, 0x0, 0xff, 0xf8,
    0x0, 0x0, 0x0, 0x0, 0xff, 0xf8, 0x0, 0x0,
    0x0, 0x0, 0xff, 0xf8, 0x0, 0x0, 0x0, 0x0,
    0xff, 0xf8, 0x0, 0x0, 0x0, 0x0, 0xff, 0xf8,
    0x0, 0x0, 0x0, 0x0, 0xff, 0xf8, 0x0, 0x0,
    0x0, 0x0, 0xff, 0xf8, 0x0, 0x0, 0x0, 0x0,
    0xff, 0xf8, 0x0, 0x0, 0x0, 0x0, 0xff, 0xf8,
    0x0, 0x0, 0x0, 0x1, 0xff, 0xf7, 0x0, 0x94,
    0x0, 0x5, 0xff, 0xf5, 0x2d, 0xff, 0x73, 0x4e,
    0xff, 0xf1, 0x1e, 0xff, 0xff, 0xff, 0xff, 0x90,
    0x3, 0xef, 0xff, 0xff, 0xfc, 0x10, 0x0, 0x17,
    0xdf, 0xeb, 0x70, 0x0,

    /* U+004B "K" */
    0xcf, 0xfb, 0x0, 0x0, 0xa, 0xff, 0xf3, 0xc,
    0xff, 0xb0, 0x0, 0x7, 0xff, 0xf7, 0x0, 0xcf,
    0xfb, 0x0, 0x3, 0xff, 0xfa, 0x0, 0xc, 0xff,
    0xb0, 0x1, 0xdf, 0xfd, 0x0, 0x0, 0xcf, 0xfb,
    0x0, 0xbf, 0xff, 0x30, 0x0, 0xc, 0xff, 0xb0,
    0x7f, 0xff, 0x60, 0x0, 0x0, 0xcf, 0xfb, 0x3f,
    0xff, 0xa0, 0x0, 0x0, 0xc, 0xff, 0xcd, 0xff,
    0xf6, 0x0, 0x0, 0x0, 0xcf, 0xff, 0xff, 0xff,
    0xe1, 0x0, 0x0, 0xc, 0xff, 0xff, 0xff, 0xff,
    0x90, 0x0, 0x0, 0xcf, 0xff, 0xf9, 0x9f, 0xff,
    0x20, 0x0, 0xc, 0xff, 0xfc, 0x1, 0xff, 0xfb,
    0x0, 0x0, 0xcf, 0xff, 0x20, 0x7, 0xff, 0xf5,
    0x0, 0xc, 0xff, 0xb0, 0x0, 0xd, 0xff, 0xe0,
    0x0, 0xcf, 0xfb, 0x0, 0x0, 0x5f, 0xff, 0x80,
    0xc, 0xff, 0xb0, 0x0, 0x0, 0xcf, 0xff, 0x20,
    0xcf, 0xfb, 0x0, 0x0, 0x3, 0xff, 0xfa, 0xc,
    0xff, 0xb0, 0x0, 0x0, 0x9, 0xff, 0xf4,

    /* U+004C "L" */
    0xcf, 0xfb, 0x0, 0x0, 0x0, 0xc, 0xff, 0xb0,
    0x0, 0x0, 0x0, 0xcf, 0xfb, 0x0, 0x0, 0x0,
    0xc, 0xff, 0xb0, 0x0, 0x0, 0x0, 0xcf, 0xfb,
    0x0, 0x0, 0x0, 0xc, 0xff, 0xb0, 0x0, 0x0,
    0x0, 0xcf, 0xfb, 0x0, 0x0, 0x0, 0xc, 0xff,
    0xb0, 0x0, 0x0, 0x0, 0xcf, 0xfb, 0x0, 0x0,
    0x0, 0xc, 0xff, 0xb0, 0x0, 0x0, 0x0, 0xcf,
    0xfb, 0x0, 0x0, 0x0, 0xc, 0xff, 0xb0, 0x0,
    0x0, 0x0, 0xcf, 0xfb, 0x0, 0x0, 0x0, 0xc,
    0xff, 0xb0, 0x0, 0x0, 0x0, 0xcf, 0xfb, 0x0,
    0x0, 0x0, 0xc, 0xff, 0xff, 0xff, 0xff, 0xff,
    0xcf, 0xff, 0xff, 0xff, 0xff, 0xfc, 0xff, 0xff,
    0xff, 0xff, 0xff,

    /* U+004D "M" */
    0xcf, 0xff, 0x40, 0x0, 0x0, 0x0, 0xcf, 0xff,
    0x4c, 0xff, 0xfa, 0x0, 0x0, 0x0, 0x2f, 0xff,
    0xf4, 0xcf, 0xff, 0xf0, 0x0, 0x0, 0x8, 0xff,
    0xff, 0x4c, 0xff, 0xff, 0x50, 0x0, 0x0, 0xdf,
    0xff, 0xf4, 0xcf, 0xff, 0xfb, 0x0, 0x0, 0x3f,
    0xfe, 0xff, 0x4c, 0xff, 0xbf, 0xf1, 0x0, 0x8,
    0xff, 0xaf, 0xf4, 0xcf, 0xf7, 0xff, 0x70, 0x0,
    0xef, 0xca, 0xff, 0x4c, 0xff, 0x3f, 0xfc, 0x0,
    0x4f, 0xf6, 0xcf, 0xf4, 0xcf, 0xf4, 0xaf, 0xf2,
    0x9, 0xff, 0x1d, 0xff, 0x4c, 0xff, 0x55, 0xff,
    0x70, 0xef, 0xb0, 0xdf, 0xf4, 0xcf, 0xf5, 0xe,
    0xfc, 0x3f, 0xf5, 0xe, 0xff, 0x4c, 0xff, 0x50,
    0x9f, 0xfa, 0xff, 0x0, 0xef, 0xf4, 0xcf, 0xf5,
    0x3, 0xff, 0xff, 0xa0, 0xe, 0xff, 0x4c, 0xff,
    0x50, 0xd, 0xff, 0xf4, 0x0, 0xef, 0xf4, 0xcf,
    0xf5, 0x0, 0x7f, 0xfe, 0x0, 0xe, 0xff, 0x4c,
    0xff, 0x50, 0x2, 0xff, 0x80, 0x0, 0xef, 0xf4,
    0xcf, 0xf5, 0x0, 0x5, 0x51, 0x0, 0xe, 0xff,
    0x4c, 0xff, 0x50, 0x0, 0x0, 0x0, 0x0, 0xef,
    0xf4,

    /* U+004E "N" */
    0xcf, 0xff, 0x10, 0x0, 0x0, 0x9f, 0xfc, 0xcf,
    0xff, 0x90, 0x0, 0x0, 0x9f, 0xfc, 0xcf, 0xff,
    0xf2, 0x0, 0x0, 0x9f, 0xfc, 0xcf, 0xff, 0xfb,
    0x0, 0x0, 0x9f, 0xfc, 0xcf, 0xfe, 0xff, 0x30,
    0x0, 0x9f, 0xfc, 0xcf, 0xf7, 0xff, 0xc0, 0x0,
    0x9f, 0xfc, 0xcf, 0xf4, 0xdf, 0xf4, 0x0, 0x9f,
    0xfc, 0xcf, 0xf5, 0x6f, 0xfd, 0x0, 0x9f, 0xfc,
    0xcf, 0xf6, 0xe, 0xff, 0x60, 0x8f, 0xfc, 0xcf,
    0xf7, 0x5, 0xff, 0xe0, 0x7f, 0xfc, 0xcf, 0xf8,
    0x0, 0xdf, 0xf6, 0x6f, 0xfc, 0xcf, 0xf8, 0x0,
    0x4f, 0xfd, 0x5f, 0xfc, 0xcf, 0xf8, 0x0, 0xc,
    0xff, 0x8f, 0xfc, 0xcf, 0xf8, 0x0, 0x3, 0xff,
    0xef, 0xfc, 0xcf, 0xf8, 0x0, 0x0, 0xbf, 0xff,
    0xfc, 0xcf, 0xf8, 0x0, 0x0, 0x3f, 0xff, 0xfc,
    0xcf, 0xf8, 0x0, 0x0, 0xa, 0xff, 0xfc, 0xcf,
    0xf8, 0x0, 0x0, 0x2, 0xff, 0xfc,

    /* U+004F "O" */
    0x0, 0x0, 0x28, 0xce, 0xfe, 0xa5, 0x0, 0x0,
    0x0, 0x0, 0x8f, 0xff, 0xff, 0xff, 0xfd, 0x20,
    0x0, 0x0, 0x9f, 0xff, 0xff, 0xff, 0xff, 0xfe,
    0x20, 0x0, 0x5f, 0xff, 0xf8, 0x42, 0x6d, 0xff,
    0xfc, 0x0, 0xd, 0xff, 0xf5, 0x0, 0x0, 0x1c,
    0xff, 0xf4, 0x3, 0xff, 0xfb, 0x0, 0x0, 0x0,
    0x3f, 0xff, 0xb0, 0x7f, 0xff, 0x40, 0x0, 0x0,
    0x0, 0xcf, 0xfe, 0x9, 0xff, 0xf1, 0x0, 0x0,
    0x0, 0x9, 0xff, 0xf1, 0xaf, 0xff, 0x0, 0x0,
    0x0, 0x0, 0x7f, 0xff, 0x2a, 0xff, 0xf0, 0x0,
    0x0, 0x0, 0x8, 0xff, 0xf2, 0x9f, 0xff, 0x20,
    0x0, 0x0, 0x0, 0xaf, 0xff, 0x16, 0xff, 0xf5,
    0x0, 0x0, 0x0, 0xd, 0xff, 0xe0, 0x2f, 0xff,
    0xb0, 0x0, 0x0, 0x4, 0xff, 0xfa, 0x0, 0xcf,
    0xff, 0x60, 0x0, 0x1, 0xdf, 0xff, 0x30, 0x4,
    0xff, 0xff, 0x94, 0x36, 0xdf, 0xff, 0xb0, 0x0,
    0x8, 0xff, 0xff, 0xff, 0xff, 0xff, 0xe1, 0x0,
    0x0, 0x7, 0xff, 0xff, 0xff, 0xff, 0xc1, 0x0,
    0x0, 0x0, 0x1, 0x8c, 0xef, 0xea, 0x50, 0x0,
    0x0,

    /* U+0050 "P" */
    0xcf, 0xff, 0xff, 0xfd, 0xb6, 0x0, 0xc, 0xff,
    0xff, 0xff, 0xff, 0xfe, 0x30, 0xcf, 0xff, 0xde,
    0xff, 0xff, 0xfe, 0x1c, 0xff, 0xb0, 0x0, 0x19,
    0xff, 0xf9, 0xcf, 0xfb, 0x0, 0x0, 0xc, 0xff,
    0xdc, 0xff, 0xb0, 0x0, 0x0, 0x8f, 0xff, 0xcf,
    0xfb, 0x0, 0x0, 0x9, 0xff, 0xec, 0xff, 0xb0,
    0x0, 0x0, 0xef, 0xfb, 0xcf, 0xfb, 0x0, 0x14,
    0xcf, 0xff, 0x5c, 0xff, 0xff, 0xff, 0xff, 0xff,
    0xa0, 0xcf, 0xff, 0xff, 0xff, 0xff, 0xa0, 0xc,
    0xff, 0xfd, 0xdc, 0xa8, 0x20, 0x0, 0xcf, 0xfb,
    0x0, 0x0, 0x0, 0x0, 0xc, 0xff, 0xb0, 0x0,
    0x0, 0x0, 0x0, 0xcf, 0xfb, 0x0, 0x0, 0x0,
    0x0, 0xc, 0xff, 0xb0, 0x0, 0x0, 0x0, 0x0,
    0xcf, 0xfb, 0x0, 0x0, 0x0, 0x0, 0xc, 0xff,
    0xb0, 0x0, 0x0, 0x0, 0x0,

    /* U+0051 "Q" */
    0x0, 0x0, 0x28, 0xce, 0xfe, 0xa5, 0x0, 0x0,
    0x0, 0x0, 0x7f, 0xff, 0xff, 0xff, 0xfc, 0x10,
    0x0, 0x0, 0x8f, 0xff, 0xff, 0xff, 0xff, 0xfe,
    0x10, 0x0, 0x4f, 0xff, 0xf9, 0x42, 0x6d, 0xff,
    0xfb, 0x0, 0xc, 0xff, 0xf5, 0x0, 0x0, 0x1c,
    0xff, 0xf4, 0x2, 0xff, 0xfb, 0x0, 0x0, 0x0,
    0x4f, 0xff, 0xa0, 0x6f, 0xff, 0x40, 0x0, 0x0,
    0x0, 0xdf, 0xfe, 0x9, 0xff, 0xf2, 0x0, 0x0,
    0x0, 0xa, 0xff, 0xf1, 0xaf, 0xff, 0x0, 0x0,
    0x0, 0x0, 0x8f, 0xff, 0x2a, 0xff, 0xf0, 0x0,
    0x0, 0x0, 0x7, 0xff, 0xf2, 0x8f, 0xff, 0x10,
    0x0, 0x0, 0x0, 0x9f, 0xff, 0x6, 0xff, 0xf3,
    0x0, 0x0, 0x0, 0xb, 0xff, 0xe0, 0x3f, 0xff,
    0x80, 0x0, 0x0, 0x1, 0xff, 0xfb, 0x0, 0xdf,
    0xfe, 0x0, 0x0, 0x0, 0x7f, 0xff, 0x50, 0x6,
    0xff, 0xfb, 0x0, 0x0, 0x5f, 0xff, 0xd0, 0x0,
    0xc, 0xff, 0xfe, 0x98, 0xbf, 0xff, 0xf4, 0x0,
    0x0, 0xc, 0xff, 0xff, 0xff, 0xff, 0xf5, 0x0,
    0x0, 0x0, 0x8, 0xef, 0xff, 0xff, 0xa3, 0x0,
    0x0, 0x0, 0x0, 0x0, 0x6f, 0xff, 0xa0, 0x0,
    0x0, 0x0, 0x0, 0x0, 0x0, 0xaf, 0xff, 0xa3,
    0x0, 0x0, 0x0, 0x0, 0x0, 0x1, 0xdf, 0xff,
    0xff, 0xef, 0x70, 0x0, 0x0, 0x0, 0x1, 0xbf,
    0xff, 0xff, 0xfb, 0x0, 0x0, 0x0, 0x0, 0x0,
    0x3a, 0xce, 0xfd, 0x90,

    /* U+0052 "R" */
    0xcf, 0xff, 0xff, 0xfe, 0xc8, 0x10, 0x0, 0xcf,
    0xff, 0xff, 0xff, 0xff, 0xf6, 0x0, 0xcf, 0xff,
    0xdd, 0xef, 0xff, 0xff, 0x40, 0xcf, 0xfb, 0x0,
    0x0, 0x6f, 0xff, 0xc0, 0xcf, 0xfb, 0x0, 0x0,
    0xa, 0xff, 0xf0, 0xcf, 0xfb, 0x0, 0x0, 0x7,
    0xff, 0xf0, 0xcf, 0xfb, 0x0, 0x0, 0xb, 0xff,
    0xe0, 0xcf, 0xfb, 0x0, 0x0, 0x8f, 0xff, 0xa0,
    0xcf, 0xff, 0xdd, 0xef, 0xff, 0xff, 0x20, 0xcf,
    0xff, 0xff, 0xff, 0xff, 0xe4, 0x0, 0xcf, 0xff,
    0xff, 0xff, 0xfd, 0x0, 0x0, 0xcf, 0xfb, 0x0,
    0x8f, 0xff, 0x30, 0x0, 0xcf, 0xfb, 0x0, 0x1f,
    0xff, 0xc0, 0x0, 0xcf, 0xfb, 0x0, 0x7, 0xff,
    0xf5, 0x0, 0xcf, 0xfb, 0x0, 0x0, 0xef, 0xfd,
    0x0, 0xcf, 0xfb, 0x0, 0x0, 0x7f, 0xff, 0x60,
    0xcf, 0xfb, 0x0, 0x0, 0xe, 0xff, 0xe0, 0xcf,
    0xfb, 0x0, 0x0, 0x6, 0xff, 0xf8,

    /* U+0053 "S" */
    0x0, 0x2, 0x9c, 0xfe, 0xc8, 0x10, 0x0, 0x0,
    0x8f, 0xff, 0xff, 0xff, 0xf7, 0x0, 0x6, 0xff,
    0xff, 0xff, 0xff, 0xff, 0x30, 0xe, 0xff, 0xe6,
    0x23, 0x6d, 0xf8, 0x0, 0x2f, 0xff, 0x70, 0x0,
    0x0, 0x50, 0x0, 0x2f, 0xff, 0x80, 0x0, 0x0,
    0x0, 0x0, 0xf, 0xff, 0xf8, 0x10, 0x0, 0x0,
    0x0, 0x6, 0xff, 0xff, 0xfa, 0x40, 0x0, 0x0,
    0x0, 0x7f, 0xff, 0xff, 0xfd, 0x50, 0x0, 0x0,
    0x2, 0xaf, 0xff, 0xff, 0xfa, 0x0, 0x0, 0x0,
    0x1, 0x7e, 0xff, 0xff, 0x60, 0x0, 0x0, 0x0,
    0x0, 0x7f, 0xff, 0xc0, 0x0, 0x0, 0x0, 0x0,
    0xb, 0xff, 0xf0, 0x6, 0xb1, 0x0, 0x0, 0xc,
    0xff, 0xd0, 0x4f, 0xff, 0x84, 0x23, 0x9f, 0xff,
    0x90, 0xaf, 0xff, 0xff, 0xff, 0xff, 0xfe, 0x10,
    0x8, 0xff, 0xff, 0xff, 0xff, 0xd3, 0x0, 0x0,
    0x17, 0xce, 0xfd, 0xb6, 0x0, 0x0,

    /* U+0054 "T" */
    0x4f, 0xff, 0xff, 0xff, 0xff, 0xff, 0xff, 0x44,
    0xff, 0xff, 0xff, 0xff, 0xff, 0xff, 0xf4, 0x4f,
    0xff, 0xff, 0xff, 0xff, 0xff, 0xff, 0x40, 0x0,
    0x0, 0x4f, 0xff, 0x40, 0x0, 0x0, 0x0, 0x0,
    0x4, 0xff, 0xf4, 0x0, 0x0, 0x0, 0x0, 0x0,
    0x4f, 0xff, 0x40, 0x0, 0x0, 0x0, 0x0, 0x4,
    0xff, 0xf4, 0x0, 0x0, 0x0, 0x0, 0x0, 0x4f,
    0xff, 0x40, 0x0, 0x0, 0x0, 0x0, 0x4, 0xff,
    0xf4, 0x0, 0x0, 0x0, 0x0, 0x0, 0x4f, 0xff,
    0x40, 0x0, 0x0, 0x0, 0x0, 0x4, 0xff, 0xf4,
    0x0, 0x0, 0x0, 0x0, 0x0, 0x4f, 0xff, 0x40,
    0x0, 0x0, 0x0, 0x0, 0x4, 0xff, 0xf4, 0x0,
    0x0, 0x0, 0x0, 0x0, 0x4f, 0xff, 0x40, 0x0,
    0x0, 0x0, 0x0, 0x4, 0xff, 0xf4, 0x0, 0x0,
    0x0, 0x0, 0x0, 0x4f, 0xff, 0x40, 0x0, 0x0,
    0x0, 0x0, 0x4, 0xff, 0xf4, 0x0, 0x0, 0x0,
    0x0, 0x0, 0x4f, 0xff, 0x40, 0x0, 0x0,

    /* U+0055 "U" */
    0xef, 0xfa, 0x0, 0x0, 0x0, 0x8f, 0xfd, 0xef,
    0xfa, 0x0, 0x0, 0x0, 0x8f, 0xfd, 0xef, 0xfa,
    0x0, 0x0, 0x0, 0x8f, 0xfd, 0xef, 0xfa, 0x0,
    0x0, 0x0, 0x8f, 0xfd, 0xef, 0xfa, 0x0, 0x0,
    0x0, 0x8f, 0xfd, 0xef, 0xfa, 0x0, 0x0, 0x0,
    0x8f, 0xfd, 0xef, 0xfa, 0x0, 0x0, 0x0, 0x8f,
    0xfd, 0xef, 0xfa, 0x0, 0x0, 0x0, 0x8f, 0xfd,
    0xef, 0xfa, 0x0, 0x0, 0x0, 0x8f, 0xfd, 0xef,
    0xfa, 0x0, 0x0, 0x0, 0x8f, 0xfd, 0xdf, 0xfb,
    0x0, 0x0, 0x0, 0x9f, 0xfc, 0xcf, 0xfc, 0x0,
    0x0, 0x0, 0xbf, 0xfb, 0xaf, 0xff, 0x0, 0x0,
    0x0, 0xef, 0xf9, 0x6f, 0xff, 0x60, 0x0, 0x5,
    0xff, 0xf5, 0xf, 0xff, 0xf8, 0x33, 0x7f, 0xff,
    0xf0, 0x7, 0xff, 0xff, 0xff, 0xff, 0xff, 0x60,
    0x0, 0x8f, 0xff, 0xff, 0xff, 0xf8, 0x0, 0x0,
    0x3, 0x9c, 0xee, 0xc9, 0x30, 0x0,

    /* U+0056 "V" */
    0xf, 0xff, 0xc0, 0x0, 0x0, 0x0, 0xcf, 0xfd,
    0xa, 0xff, 0xf0, 0x0, 0x0, 0x0, 0xff, 0xf8,
    0x5, 0xff, 0xf4, 0x0, 0x0, 0x4, 0xff, 0xf3,
    0x1, 0xff, 0xf8, 0x0, 0x0, 0x8, 0xff, 0xe0,
    0x0, 0xcf, 0xfd, 0x0, 0x0, 0xc, 0xff, 0x90,
    0x0, 0x7f, 0xff, 0x10, 0x0, 0x1f, 0xff, 0x40,
    0x0, 0x2f, 0xff, 0x50, 0x0, 0x5f, 0xff, 0x0,
    0x0, 0xd, 0xff, 0x90, 0x0, 0x9f, 0xfb, 0x0,
    0x0, 0x9, 0xff, 0xe0, 0x0, 0xdf, 0xf6, 0x0,
    0x0, 0x4, 0xff, 0xf2, 0x1, 0xff, 0xf1, 0x0,
    0x0, 0x0, 0xff, 0xf6, 0x6, 0xff, 0xc0, 0x0,
    0x0, 0x0, 0xaf, 0xfa, 0xa, 0xff, 0x80, 0x0,
    0x0, 0x0, 0x5f, 0xfe, 0xe, 0xff, 0x30, 0x0,
    0x0, 0x0, 0x1f, 0xff, 0x5f, 0xfe, 0x0, 0x0,
    0x0, 0x0, 0xc, 0xff, 0xdf, 0xf9, 0x0, 0x0,
    0x0, 0x0, 0x7, 0xff, 0xff, 0xf4, 0x0, 0x0,
    0x0, 0x0, 0x2, 0xff, 0xff, 0xf0, 0x0, 0x0,
    0x0, 0x0, 0x0, 0xdf, 0xff, 0xb0, 0x0, 0x0,

    /* U+0057 "W" */
    0x7f, 0xff, 0x20, 0x0, 0x9, 0xff, 0xb0, 0x0,
    0x0, 0xff, 0xf6, 0x4f, 0xff, 0x40, 0x0, 0xc,
    0xff, 0xe0, 0x0, 0x1, 0xff, 0xf3, 0x1f, 0xff,
    0x70, 0x0, 0xf, 0xff, 0xf2, 0x0, 0x4, 0xff,
    0xf0, 0xe, 0xff, 0x90, 0x0, 0x4f, 0xff, 0xf6,
    0x0, 0x7, 0xff, 0xd0, 0xb, 0xff, 0xc0, 0x0,
    0x7f, 0xff, 0xfa, 0x0, 0x9, 0xff, 0xa0, 0x8,
    0xff, 0xe0, 0x0, 0xbf, 0xdd, 0xfe, 0x0, 0xc,
    0xff, 0x70, 0x5, 0xff, 0xf1, 0x0, 0xff, 0xaa,
    0xff, 0x10, 0xe, 0xff, 0x40, 0x2, 0xff, 0xf3,
    0x2, 0xff, 0x78, 0xff, 0x50, 0x1f, 0xff, 0x10,
    0x0, 0xef, 0xf6, 0x6, 0xff, 0x45, 0xff, 0x90,
    0x4f, 0xfe, 0x0, 0x0, 0xcf, 0xf8, 0x9, 0xff,
    0x12, 0xff, 0xc0, 0x6f, 0xfb, 0x0, 0x0, 0x8f,
    0xfb, 0xd, 0xfd, 0x0, 0xef, 0xf0, 0x8f, 0xf8,
    0x0, 0x0, 0x5f, 0xfd, 0xf, 0xf9, 0x0, 0xaf,
    0xf3, 0xaf, 0xf6, 0x0, 0x0, 0x2f, 0xff, 0x3f,
    0xf6, 0x0, 0x7f, 0xf6, 0xcf, 0xf3, 0x0, 0x0,
    0xf, 0xff, 0x8f, 0xf2, 0x0, 0x3f, 0xf9, 0xff,
    0xf0, 0x0, 0x0, 0xc, 0xff, 0xef, 0xf0, 0x0,
    0xf, 0xfe, 0xff, 0xd0, 0x0, 0x0, 0x9, 0xff,
    0xff, 0xb0, 0x0, 0xc, 0xff, 0xff, 0xa0, 0x0,
    0x0, 0x6, 0xff, 0xff, 0x80, 0x0, 0x8, 0xff,
    0xff, 0x70, 0x0, 0x0, 0x3, 0xff, 0xff, 0x40,
    0x0, 0x5, 0xff, 0xff, 0x40, 0x0,

    /* U+0058 "X" */
    0x2f, 0xff, 0xc0, 0x0, 0x0, 0x9f, 0xff, 0x20,
    0x9f, 0xff, 0x40, 0x0, 0x1f, 0xff, 0x90, 0x1,
    0xff, 0xfc, 0x0, 0x7, 0xff, 0xf1, 0x0, 0x7,
    0xff, 0xf3, 0x0, 0xef, 0xf8, 0x0, 0x0, 0xe,
    0xff, 0xb0, 0x5f, 0xff, 0x10, 0x0, 0x0, 0x6f,
    0xff, 0x3c, 0xff, 0x80, 0x0, 0x0, 0x0, 0xdf,
    0xfc, 0xff, 0xe0, 0x0, 0x0, 0x0, 0x5, 0xff,
    0xff, 0xf7, 0x0, 0x0, 0x0, 0x0, 0xd, 0xff,
    0xfe, 0x0, 0x0, 0x0, 0x0, 0x1, 0xff, 0xff,
    0xf1, 0x0, 0x0, 0x0, 0x0, 0x9f, 0xff, 0xff,
    0x90, 0x0, 0x0, 0x0, 0x2f, 0xff, 0x8f, 0xff,
    0x20, 0x0, 0x0, 0xa, 0xff, 0xa0, 0xef, 0xfb,
    0x0, 0x0, 0x3, 0xff, 0xf3, 0x7, 0xff, 0xf3,
    0x0, 0x0, 0xcf, 0xfc, 0x0, 0xe, 0xff, 0xc0,
    0x0, 0x4f, 0xff, 0x40, 0x0, 0x7f, 0xff, 0x50,
    0xd, 0xff, 0xd0, 0x0, 0x0, 0xef, 0xfd, 0x5,
    0xff, 0xf5, 0x0, 0x0, 0x7, 0xff, 0xf7,

    /* U+0059 "Y" */
    0xe, 0xff, 0xd0, 0x0, 0x0, 0xd, 0xff, 0xd0,
    0x7, 0xff, 0xf3, 0x0, 0x0, 0x3f, 0xff, 0x60,
    0x0, 0xef, 0xfa, 0x0, 0x0, 0x9f, 0xfe, 0x0,
    0x0, 0x8f, 0xff, 0x10, 0x1, 0xff, 0xf7, 0x0,
    0x0, 0x1f, 0xff, 0x70, 0x6, 0xff, 0xe0, 0x0,
    0x0, 0x9, 0xff, 0xd0, 0xd, 0xff, 0x80, 0x0,
    0x0, 0x1, 0xff, 0xf3, 0x3f, 0xff, 0x10, 0x0,
    0x0, 0x0, 0xaf, 0xf9, 0x9f, 0xf9, 0x0, 0x0,
    0x0, 0x0, 0x2f, 0xff, 0xff, 0xf1, 0x0, 0x0,
    0x0, 0x0, 0xb, 0xff, 0xff, 0xa0, 0x0, 0x0,
    0x0, 0x0, 0x3, 0xff, 0xff, 0x20, 0x0, 0x0,
    0x0, 0x0, 0x0, 0xdf, 0xfc, 0x0, 0x0, 0x0,
    0x0, 0x0, 0x0, 0xcf, 0xfb, 0x0, 0x0, 0x0,
    0x0, 0x0, 0x0, 0xcf, 0xfb, 0x0, 0x0, 0x0,
    0x0, 0x0, 0x0, 0xcf, 0xfb, 0x0, 0x0, 0x0,
    0x0, 0x0, 0x0, 0xcf, 0xfb, 0x0, 0x0, 0x0,
    0x0, 0x0, 0x0, 0xcf, 0xfb, 0x0, 0x0, 0x0,
    0x0, 0x0, 0x0, 0xcf, 0xfb, 0x0, 0x0, 0x0,

    /* U+005A "Z" */
    0x2f, 0xff, 0xff, 0xff, 0xff, 0xff, 0xa2, 0xff,
    0xff, 0xff, 0xff, 0xff, 0xfa, 0x2f, 0xff, 0xff,
    0xff, 0xff, 0xff, 0x70, 0x0, 0x0, 0x0, 0x1e,
    0xff, 0xc0, 0x0, 0x0, 0x0, 0xa, 0xff, 0xf3,
    0x0, 0x0, 0x0, 0x4, 0xff, 0xf8, 0x0, 0x0,
    0x0, 0x0, 0xef, 0xfd, 0x0, 0x0, 0x0, 0x0,
    0x9f, 0xff, 0x30, 0x0, 0x0, 0x0, 0x3f, 0xff,
    0x90, 0x0, 0x0, 0x0, 0xd, 0xff, 0xe0, 0x0,
    0x0, 0x0, 0x8, 0xff, 0xf4, 0x0, 0x0, 0x0,
    0x3, 0xff, 0xfa, 0x0, 0x0, 0x0, 0x0, 0xcf,
    0xfe, 0x10, 0x0, 0x0, 0x0, 0x7f, 0xff, 0x50,
    0x0, 0x0, 0x0, 0x2f, 0xff, 0xb0, 0x0, 0x0,
    0x0, 0xb, 0xff, 0xff, 0xff, 0xff, 0xff, 0xfb,
    0xff, 0xff, 0xff, 0xff, 0xff, 0xff, 0xbf, 0xff,
    0xff, 0xff, 0xff, 0xff, 0xfb,

    /* U+005B "[" */
    0x9f, 0xff, 0xfe, 0x9f, 0xfe, 0xed, 0x9f, 0xf0,
    0x0, 0x9f, 0xf0, 0x0, 0x9f, 0xf0, 0x0, 0x9f,
    0xf0, 0x0, 0x9f, 0xf0, 0x0, 0x9f, 0xf0, 0x0,
    0x9f, 0xf0, 0x0, 0x9f, 0xf0, 0x0, 0x9f, 0xf0,
    0x0, 0x9f, 0xf0, 0x0, 0x9f, 0xf0, 0x0, 0x9f,
    0xf0, 0x0, 0x9f, 0xf0, 0x0, 0x9f, 0xf0, 0x0,
    0x9f, 0xf0, 0x0, 0x9f, 0xf0, 0x0, 0x9f, 0xf0,
    0x0, 0x9f, 0xf0, 0x0, 0x9f, 0xf0, 0x0, 0x9f,
    0xf0, 0x0, 0x9f, 0xff, 0xfe, 0x8e, 0xee, 0xed,

    /* U+005C "\\" */
    0x3f, 0xf1, 0x0, 0x0, 0x0, 0xff, 0x50, 0x0,
    0x0, 0xb, 0xf9, 0x0, 0x0, 0x0, 0x7f, 0xd0,
    0x0, 0x0, 0x3, 0xff, 0x10, 0x0, 0x0, 0xf,
    0xf5, 0x0, 0x0, 0x0, 0xbf, 0x90, 0x0, 0x0,
    0x7, 0xfd, 0x0, 0x0, 0x0, 0x3f, 0xf1, 0x0,
    0x0, 0x0, 0xff, 0x50, 0x0, 0x0, 0xb, 0xf9,
    0x0, 0x0, 0x0, 0x7f, 0xd0, 0x0, 0x0, 0x3,
    0xff, 0x10, 0x0, 0x0, 0xf, 0xf5, 0x0, 0x0,
    0x0, 0xbf, 0x90, 0x0, 0x0, 0x7, 0xfd, 0x0,
    0x0, 0x0, 0x3f, 0xf1, 0x0, 0x0, 0x0, 0xff,
    0x50, 0x0, 0x0, 0xb, 0xf9, 0x0, 0x0, 0x0,
    0x7f, 0xd0, 0x0, 0x0, 0x3, 0xff, 0x10, 0x0,
    0x0, 0xf, 0xf5, 0x0, 0x0, 0x0, 0xbf, 0x90,
    0x0, 0x0, 0x7, 0xfd,

    /* U+005D "]" */
    0xdf, 0xff, 0xf9, 0xce, 0xef, 0xf9, 0x0, 0xf,
    0xf9, 0x0, 0xf, 0xf9, 0x0, 0xf, 0xf9, 0x0,
    0xf, 0xf9, 0x0, 0xf, 0xf9, 0x0, 0xf, 0xf9,
    0x0, 0xf, 0xf9, 0x0, 0xf, 0xf9, 0x0, 0xf,
    0xf9, 0x0, 0xf, 0xf9, 0x0, 0xf, 0xf9, 0x0,
    0xf, 0xf9, 0x0, 0xf, 0xf9, 0x0, 0xf, 0xf9,
    0x0, 0xf, 0xf9, 0x0, 0xf, 0xf9, 0x0, 0xf,
    0xf9, 0x0, 0xf, 0xf9, 0x0, 0xf, 0xf9, 0x0,
    0xf, 0xf9, 0xdf, 0xff, 0xf9, 0xce, 0xee, 0xe8,

    /* U+005E "^" */
    0x0, 0x0, 0x8f, 0xfb, 0x0, 0x0, 0x0, 0x0,
    0xef, 0xff, 0x10, 0x0, 0x0, 0x5, 0xff, 0xff,
    0x70, 0x0, 0x0, 0xb, 0xfe, 0xdf, 0xd0, 0x0,
    0x0, 0x1f, 0xf9, 0x7f, 0xf3, 0x0, 0x0, 0x7f,
    0xf4, 0x2f, 0xf9, 0x0, 0x0, 0xdf, 0xe0, 0xc,
    0xff, 0x0, 0x3, 0xff, 0x90, 0x7, 0xff, 0x50,
    0x9, 0xff, 0x40, 0x1, 0xff, 0xb0, 0xf, 0xfe,
    0x0, 0x0, 0xcf, 0xf2, 0x5f, 0xf8, 0x0, 0x0,
    0x6f, 0xf8,

    /* U+005F "_" */
    0x1, 0x11, 0x11, 0x11, 0x11, 0x11, 0x10, 0xaf,
    0xff, 0xff, 0xff, 0xff, 0xff, 0xf4, 0xaf, 0xff,
    0xff, 0xff, 0xff, 0xff, 0xf4,

    /* U+0060 "`" */
    0x0, 0x12, 0x0, 0x0, 0x1, 0xdd, 0x10, 0x0,
    0x1d, 0xff, 0xb0, 0x0, 0x9, 0xff, 0xf8, 0x0,
    0x0, 0x8f, 0xff, 0x60, 0x0, 0x6, 0xff, 0xe0,
    0x0, 0x0, 0x5e, 0x20, 0x0, 0x0, 0x0, 0x0,

    /* U+0061 "a" */
    0x0, 0x18, 0xce, 0xfc, 0x91, 0x0, 0x9, 0xff,
    0xff, 0xff, 0xfe, 0x20, 0xd, 0xff, 0xfe, 0xff,
    0xff, 0xa0, 0x5, 0xd6, 0x10, 0xa, 0xff, 0xf2,
    0x0, 0x0, 0x0, 0x2, 0xff, 0xf4, 0x0, 0x0,
    0x37, 0xac, 0xff, 0xf6, 0x0, 0x7e, 0xff, 0xff,
    0xff, 0xf7, 0xa, 0xff, 0xfc, 0x86, 0xff, 0xf7,
    0x6f, 0xff, 0x40, 0x0, 0xff, 0xf7, 0xaf, 0xfa,
    0x0, 0x0, 0xff, 0xf7, 0xbf, 0xfd, 0x10, 0x1b,
    0xff, 0xf7, 0x7f, 0xff, 0xfe, 0xff, 0xff, 0xf7,
    0xe, 0xff, 0xff, 0xfc, 0xbf, 0xf7, 0x1, 0x9e,
    0xeb, 0x60, 0x7f, 0xf7,

    /* U+0062 "b" */
    0x1f, 0xff, 0x60, 0x0, 0x0, 0x0, 0x0, 0x1f,
    0xff, 0x60, 0x0, 0x0, 0x0, 0x0, 0x1f, 0xff,
    0x60, 0x0, 0x0, 0x0, 0x0, 0x1f, 0xff, 0x60,
    0x0, 0x0, 0x0, 0x0, 0x1f, 0xff, 0x60, 0x0,
    0x0, 0x0, 0x0, 0x1f, 0xff, 0x52, 0xad, 0xea,
    0x40, 0x0, 0x1f, 0xff, 0xbf, 0xff, 0xff, 0xf8,
    0x0, 0x1f, 0xff, 0xff, 0xff, 0xff, 0xff, 0x40,
    0x1f, 0xff, 0xf7, 0x10, 0x7f, 0xff, 0xc0, 0x1f,
    0xff, 0x70, 0x0, 0xb, 0xff, 0xf0, 0x1f, 0xff,
    0x60, 0x0, 0x6, 0xff, 0xf3, 0x1f, 0xff, 0x60,
    0x0, 0x4, 0xff, 0xf5, 0x1f, 0xff, 0x60, 0x0,
    0x5, 0xff, 0xf3, 0x1f, 0xff, 0x60, 0x0, 0x7,
    0xff, 0xf1, 0x1f, 0xff, 0x60, 0x0, 0xd, 0xff,
    0xe0, 0x1f, 0xff, 0xd4, 0x1, 0xaf, 0xff, 0x80,
    0x1f, 0xff, 0xff, 0xff, 0xff, 0xfe, 0x0, 0x1f,
    0xfe, 0xaf, 0xff, 0xff, 0xe3, 0x0, 0x1f, 0xfb,
    0x5, 0xbf, 0xc9, 0x10, 0x0,

    /* U+0063 "c" */
    0x0, 0x1, 0x8b, 0xee, 0xa5, 0x0, 0x6, 0xef,
    0xff, 0xff, 0xf8, 0x5, 0xff, 0xff, 0xff, 0xff,
    0x21, 0xef, 0xff, 0x61, 0x6, 0x50, 0x8f, 0xff,
    0x50, 0x0, 0x0, 0xc, 0xff, 0xe0, 0x0, 0x0,
    0x0, 0xef, 0xfb, 0x0, 0x0, 0x0, 0xd, 0xff,
    0xb0, 0x0, 0x0, 0x0, 0xaf, 0xfe, 0x0, 0x0,
    0x0, 0x8, 0xff, 0xf5, 0x0, 0x0, 0x0, 0x2f,
    0xff, 0xf5, 0x0, 0x5b, 0x0, 0x7f, 0xff, 0xff,
    0xff, 0xf7, 0x0, 0x8f, 0xff, 0xff, 0xff, 0x90,
    0x0, 0x39, 0xcf, 0xda, 0x30,

    /* U+0064 "d" */
    0x0, 0x0, 0x0, 0x0, 0xe, 0xff, 0x90, 0x0,
    0x0, 0x0, 0x0, 0xef, 0xf9, 0x0, 0x0, 0x0,
    0x0, 0xe, 0xff, 0x90, 0x0, 0x0, 0x0, 0x0,
    0xef, 0xf9, 0x0, 0x0, 0x0, 0x0, 0xe, 0xff,
    0x90, 0x0, 0x5b, 0xed, 0x91, 0xef, 0xf9, 0x0,
    0x9f, 0xff, 0xff, 0xee, 0xff, 0x90, 0x7f, 0xff,
    0xff, 0xff, 0xff, 0xf9, 0x1f, 0xff, 0xe4, 0x2,
    0x9f, 0xff, 0x97, 0xff, 0xf5, 0x0, 0x0, 0xef,
    0xf9, 0xaf, 0xff, 0x0, 0x0, 0xe, 0xff, 0x9c,
    0xff, 0xc0, 0x0, 0x0, 0xef, 0xf9, 0xcf, 0xfc,
    0x0, 0x0, 0xe, 0xff, 0x9a, 0xff, 0xe0, 0x0,
    0x0, 0xef, 0xf9, 0x8f, 0xff, 0x30, 0x0, 0xf,
    0xff, 0x93, 0xff, 0xfd, 0x30, 0x2c, 0xff, 0xf9,
    0xb, 0xff, 0xff, 0xff, 0xff, 0xff, 0x90, 0x1c,
    0xff, 0xff, 0xfe, 0xcf, 0xf9, 0x0, 0x8, 0xcf,
    0xc8, 0x16, 0xff, 0x90,

    /* U+0065 "e" */
    0x0, 0x3, 0x9d, 0xfc, 0x81, 0x0, 0x0, 0x7f,
    0xff, 0xff, 0xfe, 0x30, 0x6, 0xff, 0xff, 0xdf,
    0xff, 0xd0, 0x1e, 0xff, 0x80, 0x1, 0xcf, 0xf6,
    0x8f, 0xfc, 0x0, 0x0, 0x4f, 0xfa, 0xcf, 0xfb,
    0x66, 0x66, 0x7f, 0xfc, 0xef, 0xff, 0xff, 0xff,
    0xff, 0xfe, 0xef, 0xff, 0xff, 0xff, 0xff, 0xfd,
    0xcf, 0xfa, 0x0, 0x0, 0x0, 0x0, 0x8f, 0xfe,
    0x10, 0x0, 0x0, 0x0, 0x1f, 0xff, 0xc2, 0x0,
    0x5, 0x40, 0x6, 0xff, 0xff, 0xed, 0xff, 0xd0,
    0x0, 0x7f, 0xff, 0xff, 0xff, 0xe3, 0x0, 0x2,
    0x9c, 0xfe, 0xb7, 0x0,

    /* U+0066 "f" */
    0x0, 0x0, 0x5c, 0xef, 0xd6, 0x0, 0x9, 0xff,
    0xff, 0xf7, 0x0, 0x3f, 0xff, 0xfe, 0xf3, 0x0,
    0x6f, 0xff, 0x50, 0x0, 0x0, 0x7f, 0xff, 0x0,
    0x0, 0x4e, 0xff, 0xff, 0xff, 0x80, 0x5f, 0xff,
    0xff, 0xff, 0x80, 0x4d, 0xef, 0xff, 0xdd, 0x70,
    0x0, 0x7f, 0xff, 0x0, 0x0, 0x0, 0x7f, 0xff,
    0x0, 0x0, 0x0, 0x7f, 0xff, 0x0, 0x0, 0x0,
    0x7f, 0xff, 0x0, 0x0, 0x0, 0x7f, 0xff, 0x0,
    0x0, 0x0, 0x7f, 0xff, 0x0, 0x0, 0x0, 0x7f,
    0xff, 0x0, 0x0, 0x0, 0x7f, 0xff, 0x0, 0x0,
    0x0, 0x7f, 0xff, 0x0, 0x0, 0x0, 0x7f, 0xff,
    0x0, 0x0, 0x0, 0x7f, 0xff, 0x0, 0x0,

    /* U+0067 "g" */
    0x0, 0x18, 0xcf, 0xff, 0xff, 0xff, 0xb0, 0x3f,
    0xff, 0xff, 0xff, 0xff, 0xfb, 0x1e, 0xff, 0xd8,
    0x9f, 0xff, 0xda, 0x75, 0xff, 0xf1, 0x0, 0x5f,
    0xfd, 0x0, 0x8f, 0xfc, 0x0, 0x1, 0xff, 0xf0,
    0x6, 0xff, 0xe0, 0x0, 0x4f, 0xfd, 0x0, 0x1e,
    0xff, 0xb4, 0x5e, 0xff, 0x80, 0x0, 0x2f, 0xff,
    0xff, 0xff, 0xc0, 0x0, 0x4, 0xff, 0xcf, 0xec,
    0x60, 0x0, 0x0, 0xef, 0xa0, 0x0, 0x0, 0x0,
    0x0, 0x3f, 0xfb, 0x0, 0x0, 0x0, 0x0, 0x1,
    0xff, 0xfe, 0xcc, 0xcb, 0xa6, 0x10, 0x8, 0xff,
    0xff, 0xff, 0xff, 0xff, 0x30, 0x8f, 0xfe, 0xff,
    0xff, 0xff, 0xfb, 0x8f, 0xf3, 0x0, 0x0, 0x1b,
    0xff, 0xed, 0xff, 0x10, 0x0, 0x0, 0xaf, 0xfb,
    0xcf, 0xfd, 0x75, 0x57, 0xcf, 0xff, 0x33, 0xef,
    0xff, 0xff, 0xff, 0xfd, 0x30, 0x2, 0x8c, 0xef,
    0xec, 0xa4, 0x0, 0x0,

    /* U+0068 "h" */
    0x1f, 0xff, 0x60, 0x0, 0x0, 0x0, 0x1, 0xff,
    0xf6, 0x0, 0x0, 0x0, 0x0, 0x1f, 0xff, 0x60,
    0x0, 0x0, 0x0, 0x1, 0xff, 0xf6, 0x0, 0x0,
    0x0, 0x0, 0x1f, 0xff, 0x60, 0x0, 0x0, 0x0,
    0x1, 0xff, 0xf5, 0x18, 0xdf, 0xc7, 0x0, 0x1f,
    0xff, 0x7d, 0xff, 0xff, 0xf9, 0x1, 0xff, 0xff,
    0xff, 0xff, 0xff, 0xf1, 0x1f, 0xff, 0xfb, 0x42,
    0x9f, 0xff, 0x61, 0xff, 0xfa, 0x0, 0x1, 0xff,
    0xf8, 0x1f, 0xff, 0x60, 0x0, 0xe, 0xff, 0x91,
    0xff, 0xf6, 0x0, 0x0, 0xef, 0xf9, 0x1f, 0xff,
    0x60, 0x0, 0xe, 0xff, 0x91, 0xff, 0xf6, 0x0,
    0x0, 0xef, 0xf9, 0x1f, 0xff, 0x60, 0x0, 0xe,
    0xff, 0x91, 0xff, 0xf6, 0x0, 0x0, 0xef, 0xf9,
    0x1f, 0xff, 0x60, 0x0, 0xe, 0xff, 0x91, 0xff,
    0xf6, 0x0, 0x0, 0xef, 0xf9, 0x1f, 0xff, 0x60,
    0x0, 0xe, 0xff, 0x90,

    /* U+0069 "i" */
    0xa, 0xfc, 0x24, 0xff, 0xfa, 0x4f, 0xff, 0x90,
    0x8d, 0xb1, 0x0, 0x0, 0x1, 0xff, 0xf6, 0x1f,
    0xff, 0x61, 0xff, 0xf6, 0x1f, 0xff, 0x61, 0xff,
    0xf6, 0x1f, 0xff, 0x61, 0xff, 0xf6, 0x1f, 0xff,
    0x61, 0xff, 0xf6, 0x1f, 0xff, 0x61, 0xff, 0xf6,
    0x1f, 0xff, 0x61, 0xff, 0xf6, 0x1f, 0xff, 0x60,

    /* U+006A "j" */
    0x0, 0x0, 0xaf, 0xc2, 0x0, 0x4, 0xff, 0xfa,
    0x0, 0x4, 0xff, 0xf9, 0x0, 0x0, 0x8d, 0xb1,
    0x0, 0x0, 0x0, 0x0, 0x0, 0x1, 0xff, 0xf7,
    0x0, 0x1, 0xff, 0xf7, 0x0, 0x1, 0xff, 0xf7,
    0x0, 0x1, 0xff, 0xf7, 0x0, 0x1, 0xff, 0xf7,
    0x0, 0x1, 0xff, 0xf7, 0x0, 0x1, 0xff, 0xf7,
    0x0, 0x1, 0xff, 0xf7, 0x0, 0x1, 0xff, 0xf7,
    0x0, 0x1, 0xff, 0xf7, 0x0, 0x1, 0xff, 0xf7,
    0x0, 0x1, 0xff, 0xf7, 0x0, 0x1, 0xff, 0xf7,
    0x0, 0x1, 0xff, 0xf7, 0x0, 0x2, 0xff, 0xf6,
    0x0, 0x6, 0xff, 0xf4, 0xc, 0xdf, 0xff, 0xe0,
    0xf, 0xff, 0xff, 0x60, 0x2d, 0xfe, 0xb4, 0x0,

    /* U+006B "k" */
    0x1f, 0xff, 0x50, 0x0, 0x0, 0x0, 0x0, 0x1f,
    0xff, 0x50, 0x0, 0x0, 0x0, 0x0, 0x1f, 0xff,
    0x50, 0x0, 0x0, 0x0, 0x0, 0x1f, 0xff, 0x50,
    0x0, 0x0, 0x0, 0x0, 0x1f, 0xff, 0x50, 0x0,
    0x0, 0x0, 0x0, 0x1f, 0xff, 0x50, 0x0, 0x5f,
    0xff, 0x80, 0x1f, 0xff, 0x50, 0x2, 0xff, 0xfb,
    0x0, 0x1f, 0xff, 0x50, 0xd, 0xff, 0xd1, 0x0,
    0x1f, 0xff, 0x50, 0x9f, 0xff, 0x20, 0x0, 0x1f,
    0xff, 0x56, 0xff, 0xf5, 0x0, 0x0, 0x1f, 0xff,
    0x8f, 0xff, 0x90, 0x0, 0x0, 0x1f, 0xff, 0xff,
    0xff, 0xb0, 0x0, 0x0, 0x1f, 0xff, 0xff, 0xff,
    0xf5, 0x0, 0x0, 0x1f, 0xff, 0xfe, 0xaf, 0xfe,
    0x10, 0x0, 0x1f, 0xff, 0xf3, 0x1e, 0xff, 0x90,
    0x0, 0x1f, 0xff, 0x70, 0x7, 0xff, 0xf3, 0x0,
    0x1f, 0xff, 0x50, 0x0, 0xdf, 0xfc, 0x0, 0x1f,
    0xff, 0x50, 0x0, 0x5f, 0xff, 0x60, 0x1f, 0xff,
    0x50, 0x0, 0xc, 0xff, 0xf1,

    /* U+006C "l" */
    0x1f, 0xff, 0x60, 0x1, 0xff, 0xf6, 0x0, 0x1f,
    0xff, 0x60, 0x1, 0xff, 0xf6, 0x0, 0x1f, 0xff,
    0x60, 0x1, 0xff, 0xf6, 0x0, 0x1f, 0xff, 0x60,
    0x1, 0xff, 0xf6, 0x0, 0x1f, 0xff, 0x60, 0x1,
    0xff, 0xf6, 0x0, 0x1f, 0xff, 0x60, 0x1, 0xff,
    0xf6, 0x0, 0x1f, 0xff, 0x60, 0x1, 0xff, 0xf6,
    0x0, 0x1f, 0xff, 0x60, 0x0, 0xff, 0xf9, 0x0,
    0xe, 0xff, 0xfa, 0x0, 0x8f, 0xff, 0xd0, 0x0,
    0x8d, 0xfd, 0x0,

    /* U+006D "m" */
    0x1f, 0xfd, 0x1, 0x9e, 0xfc, 0x50, 0x1, 0x9e,
    0xeb, 0x40, 0x1, 0xff, 0xf4, 0xef, 0xff, 0xff,
    0x63, 0xef, 0xff, 0xff, 0x40, 0x1f, 0xff, 0xff,
    0xff, 0xff, 0xff, 0xff, 0xff, 0xff, 0xfc, 0x1,
    0xff, 0xff, 0xb3, 0x2c, 0xff, 0xff, 0xa3, 0x2c,
    0xff, 0xf2, 0x1f, 0xff, 0xa0, 0x0, 0x4f, 0xff,
    0x90, 0x0, 0x5f, 0xff, 0x31, 0xff, 0xf6, 0x0,
    0x2, 0xff, 0xf6, 0x0, 0x2, 0xff, 0xf5, 0x1f,
    0xff, 0x60, 0x0, 0x1f, 0xff, 0x60, 0x0, 0x2f,
    0xff, 0x51, 0xff, 0xf6, 0x0, 0x1, 0xff, 0xf6,
    0x0, 0x2, 0xff, 0xf5, 0x1f, 0xff, 0x60, 0x0,
    0x1f, 0xff, 0x60, 0x0, 0x2f, 0xff, 0x51, 0xff,
    0xf6, 0x0, 0x1, 0xff, 0xf6, 0x0, 0x2, 0xff,
    0xf5, 0x1f, 0xff, 0x60, 0x0, 0x1f, 0xff, 0x60,
    0x0, 0x2f, 0xff, 0x51, 0xff, 0xf6, 0x0, 0x1,
    0xff, 0xf6, 0x0, 0x2, 0xff, 0xf5, 0x1f, 0xff,
    0x60, 0x0, 0x1f, 0xff, 0x60, 0x0, 0x2f, 0xff,
    0x51, 0xff, 0xf6, 0x0, 0x1, 0xff, 0xf6, 0x0,
    0x2, 0xff, 0xf5,

    /* U+006E "n" */
    0x1f, 0xfd, 0x1, 0x9d, 0xfc, 0x70, 0x1, 0xff,
    0xf4, 0xef, 0xff, 0xff, 0x90, 0x1f, 0xff, 0xff,
    0xff, 0xff, 0xff, 0x11, 0xff, 0xff, 0xb4, 0x29,
    0xff, 0xf6, 0x1f, 0xff, 0xa0, 0x0, 0x1f, 0xff,
    0x81, 0xff, 0xf6, 0x0, 0x0, 0xef, 0xf9, 0x1f,
    0xff, 0x60, 0x0, 0xe, 0xff, 0x91, 0xff, 0xf6,
    0x0, 0x0, 0xef, 0xf9, 0x1f, 0xff, 0x60, 0x0,
    0xe, 0xff, 0x91, 0xff, 0xf6, 0x0, 0x0, 0xef,
    0xf9, 0x1f, 0xff, 0x60, 0x0, 0xe, 0xff, 0x91,
    0xff, 0xf6, 0x0, 0x0, 0xef, 0xf9, 0x1f, 0xff,
    0x60, 0x0, 0xe, 0xff, 0x91, 0xff, 0xf6, 0x0,
    0x0, 0xef, 0xf9,

    /* U+006F "o" */
    0x0, 0x2, 0x9c, 0xfc, 0x92, 0x0, 0x0, 0x7,
    0xff, 0xff, 0xff, 0xf7, 0x0, 0x6, 0xff, 0xff,
    0xff, 0xff, 0xf6, 0x1, 0xff, 0xfd, 0x30, 0x3d,
    0xff, 0xf1, 0x8f, 0xff, 0x30, 0x0, 0x2f, 0xff,
    0x8c, 0xff, 0xd0, 0x0, 0x0, 0xdf, 0xfd, 0xef,
    0xfb, 0x0, 0x0, 0xa, 0xff, 0xee, 0xff, 0xb0,
    0x0, 0x0, 0xaf, 0xfe, 0xcf, 0xfd, 0x0, 0x0,
    0xd, 0xff, 0xd8, 0xff, 0xf3, 0x0, 0x2, 0xff,
    0xf8, 0x1f, 0xff, 0xd2, 0x2, 0xdf, 0xff, 0x20,
    0x6f, 0xff, 0xff, 0xff, 0xff, 0x60, 0x0, 0x7f,
    0xff, 0xff, 0xff, 0x70, 0x0, 0x0, 0x29, 0xcf,
    0xc9, 0x20, 0x0,

    /* U+0070 "p" */
    0x1f, 0xfd, 0x4, 0xad, 0xea, 0x50, 0x0, 0x1f,
    0xff, 0xaf, 0xff, 0xff, 0xf8, 0x0, 0x1f, 0xff,
    0xff, 0xff, 0xff, 0xff, 0x40, 0x1f, 0xff, 0xf7,
    0x10, 0x7f, 0xff, 0xb0, 0x1f, 0xff, 0x70, 0x0,
    0xb, 0xff, 0xf0, 0x1f, 0xff, 0x60, 0x0, 0x6,
    0xff, 0xf2, 0x1f, 0xff, 0x60, 0x0, 0x4, 0xff,
    0xf5, 0x1f, 0xff, 0x60, 0x0, 0x5, 0xff, 0xf3,
    0x1f, 0xff, 0x60, 0x0, 0x7, 0xff, 0xf1, 0x1f,
    0xff, 0x60, 0x0, 0xd, 0xff, 0xe0, 0x1f, 0xff,
    0xd4, 0x1, 0xaf, 0xff, 0x80, 0x1f, 0xff, 0xff,
    0xff, 0xff, 0xfe, 0x0, 0x1f, 0xff, 0xdf, 0xff,
    0xff, 0xe3, 0x0, 0x1f, 0xff, 0x55, 0xbf, 0xc9,
    0x10, 0x0, 0x1f, 0xff, 0x60, 0x0, 0x0, 0x0,
    0x0, 0x1f, 0xff, 0x60, 0x0, 0x0, 0x0, 0x0,
    0x1f, 0xff, 0x60, 0x0, 0x0, 0x0, 0x0, 0x1f,
    0xff, 0x60, 0x0, 0x0, 0x0, 0x0, 0x1f, 0xff,
    0x60, 0x0, 0x0, 0x0, 0x0,

    /* U+0071 "q" */
    0x0, 0x5, 0xbe, 0xda, 0x24, 0xff, 0x90, 0x9,
    0xff, 0xff, 0xff, 0xcf, 0xf9, 0x7, 0xff, 0xff,
    0xff, 0xff, 0xff, 0x91, 0xff, 0xfe, 0x40, 0x29,
    0xff, 0xf9, 0x7f, 0xff, 0x50, 0x0, 0xe, 0xff,
    0x9a, 0xff, 0xf0, 0x0, 0x0, 0xef, 0xf9, 0xcf,
    0xfc, 0x0, 0x0, 0xe, 0xff, 0x9c, 0xff, 0xc0,
    0x0, 0x0, 0xef, 0xf9, 0xaf, 0xfe, 0x0, 0x0,
    0xe, 0xff, 0x98, 0xff, 0xf3, 0x0, 0x0, 0xff,
    0xf9, 0x3f, 0xff, 0xd3, 0x2, 0xcf, 0xff, 0x90,
    0xbf, 0xff, 0xff, 0xff, 0xff, 0xf9, 0x1, 0xcf,
    0xff, 0xff, 0xde, 0xff, 0x90, 0x0, 0x8c, 0xfc,
    0x70, 0xef, 0xf9, 0x0, 0x0, 0x0, 0x0, 0xe,
    0xff, 0x90, 0x0, 0x0, 0x0, 0x0, 0xef, 0xf9,
    0x0, 0x0, 0x0, 0x0, 0xe, 0xff, 0x90, 0x0,
    0x0, 0x0, 0x0, 0xef, 0xf9, 0x0, 0x0, 0x0,
    0x0, 0xe, 0xff, 0x90,

    /* U+0072 "r" */
    0x1f, 0xfd, 0x1, 0x9e, 0xf6, 0x1f, 0xfe, 0x1d,
    0xff, 0xf3, 0x1f, 0xff, 0xcf, 0xff, 0xf0, 0x1f,
    0xff, 0xfe, 0x63, 0x40, 0x1f, 0xff, 0xf3, 0x0,
    0x0, 0x1f, 0xff, 0x90, 0x0, 0x0, 0x1f, 0xff,
    0x60, 0x0, 0x0, 0x1f, 0xff, 0x60, 0x0, 0x0,
    0x1f, 0xff, 0x60, 0x0, 0x0, 0x1f, 0xff, 0x60,
    0x0, 0x0, 0x1f, 0xff, 0x60, 0x0, 0x0, 0x1f,
    0xff, 0x60, 0x0, 0x0, 0x1f, 0xff, 0x60, 0x0,
    0x0, 0x1f, 0xff, 0x60, 0x0, 0x0,

    /* U+0073 "s" */
    0x0, 0x4, 0xbd, 0xfe, 0xa2, 0x0, 0x0, 0x8f,
    0xff, 0xff, 0xff, 0x80, 0x3, 0xff, 0xfe, 0xbe,
    0xff, 0x50, 0x8, 0xff, 0xe0, 0x0, 0x57, 0x0,
    0x8, 0xff, 0xe1, 0x0, 0x0, 0x0, 0x3, 0xff,
    0xfe, 0x81, 0x0, 0x0, 0x0, 0x7f, 0xff, 0xff,
    0x91, 0x0, 0x0, 0x2, 0xaf, 0xff, 0xff, 0x30,
    0x0, 0x0, 0x2, 0x9f, 0xff, 0xc0, 0x0, 0x0,
    0x0, 0x6, 0xff, 0xf0, 0x3, 0xe5, 0x0, 0x7,
    0xff, 0xf0, 0x1e, 0xff, 0xfc, 0xcf, 0xff, 0xa0,
    0x19, 0xff, 0xff, 0xff, 0xfd, 0x10, 0x0, 0x29,
    0xdf, 0xec, 0x60, 0x0,

    /* U+0074 "t" */
    0x0, 0x7, 0x77, 0x0, 0x0, 0x0, 0x1f, 0xfe,
    0x0, 0x0, 0x0, 0x3f, 0xfe, 0x0, 0x0, 0x0,
    0x5f, 0xfe, 0x0, 0x0, 0x6e, 0xff, 0xff, 0xff,
    0xf3, 0x7f, 0xff, 0xff, 0xff, 0xf3, 0x6d, 0xef,
    0xff, 0xdd, 0xd3, 0x0, 0x9f, 0xfe, 0x0, 0x0,
    0x0, 0x9f, 0xfe, 0x0, 0x0, 0x0, 0x9f, 0xfe,
    0x0, 0x0, 0x0, 0x9f, 0xfe, 0x0, 0x0, 0x0,
    0x9f, 0xfe, 0x0, 0x0, 0x0, 0x9f, 0xfe, 0x0,
    0x0, 0x0, 0x8f, 0xff, 0x0, 0x0, 0x0, 0x6f,
    0xff, 0x60, 0x0, 0x0, 0x2f, 0xff, 0xfe, 0xf3,
    0x0, 0x8, 0xff, 0xff, 0xf7, 0x0, 0x0, 0x6c,
    0xfe, 0xc5,

    /* U+0075 "u" */
    0x3f, 0xff, 0x30, 0x0, 0x1f, 0xff, 0x63, 0xff,
    0xf3, 0x0, 0x1, 0xff, 0xf6, 0x3f, 0xff, 0x30,
    0x0, 0x1f, 0xff, 0x63, 0xff, 0xf3, 0x0, 0x1,
    0xff, 0xf6, 0x3f, 0xff, 0x30, 0x0, 0x1f, 0xff,
    0x63, 0xff, 0xf3, 0x0, 0x1, 0xff, 0xf6, 0x3f,
    0xff, 0x30, 0x0, 0x1f, 0xff, 0x63, 0xff, 0xf3,
    0x0, 0x1, 0xff, 0xf6, 0x3f, 0xff, 0x40, 0x0,
    0x1f, 0xff, 0x62, 0xff, 0xf6, 0x0, 0x5, 0xff,
    0xf6, 0xf, 0xff, 0xd3, 0x27, 0xff, 0xff, 0x60,
    0xbf, 0xff, 0xff, 0xff, 0xff, 0xf6, 0x3, 0xff,
    0xff, 0xff, 0x5a, 0xff, 0x60, 0x3, 0xbe, 0xeb,
    0x30, 0x8f, 0xf6,

    /* U+0076 "v" */
    0x7f, 0xff, 0x0, 0x0, 0x0, 0xff, 0xf5, 0x2f,
    0xff, 0x40, 0x0, 0x5, 0xff, 0xf0, 0xd, 0xff,
    0x90, 0x0, 0x9, 0xff, 0xa0, 0x8, 0xff, 0xd0,
    0x0, 0xe, 0xff, 0x50, 0x2, 0xff, 0xf2, 0x0,
    0x2f, 0xff, 0x10, 0x0, 0xdf, 0xf6, 0x0, 0x7f,
    0xfb, 0x0, 0x0, 0x8f, 0xfb, 0x0, 0xbf, 0xf6,
    0x0, 0x0, 0x3f, 0xff, 0x0, 0xff, 0xf1, 0x0,
    0x0, 0xe, 0xff, 0x33, 0xff, 0xc0, 0x0, 0x0,
    0x8, 0xff, 0x78, 0xff, 0x60, 0x0, 0x0, 0x3,
    0xff, 0xbc, 0xff, 0x10, 0x0, 0x0, 0x0, 0xef,
    0xff, 0xfc, 0x0, 0x0, 0x0, 0x0, 0x9f, 0xff,
    0xf7, 0x0, 0x0, 0x0, 0x0, 0x3f, 0xff, 0xf2,
    0x0, 0x0,

    /* U+0077 "w" */
    0x3f, 0xff, 0x40, 0x0, 0x3f, 0xff, 0x10, 0x0,
    0x5f, 0xfe, 0x0, 0xff, 0xf7, 0x0, 0x7, 0xff,
    0xf5, 0x0, 0x9, 0xff, 0xb0, 0xb, 0xff, 0xb0,
    0x0, 0xbf, 0xff, 0x90, 0x0, 0xcf, 0xf7, 0x0,
    0x7f, 0xfe, 0x0, 0xf, 0xff, 0xfd, 0x0, 0xf,
    0xff, 0x30, 0x3, 0xff, 0xf2, 0x2, 0xff, 0x9f,
    0xf1, 0x3, 0xff, 0xf0, 0x0, 0xf, 0xff, 0x50,
    0x6f, 0xf4, 0xff, 0x50, 0x6f, 0xfb, 0x0, 0x0,
    0xbf, 0xf9, 0xa, 0xfc, 0x1f, 0xf9, 0x9, 0xff,
    0x80, 0x0, 0x7, 0xff, 0xb0, 0xdf, 0x90, 0xef,
    0xc0, 0xcf, 0xf4, 0x0, 0x0, 0x3f, 0xfe, 0x1f,
    0xf6, 0xb, 0xff, 0xf, 0xff, 0x0, 0x0, 0x0,
    0xff, 0xf5, 0xff, 0x20, 0x7f, 0xf5, 0xff, 0xc0,
    0x0, 0x0, 0xb, 0xff, 0xbf, 0xe0, 0x3, 0xff,
    0xbf, 0xf8, 0x0, 0x0, 0x0, 0x7f, 0xff, 0xfb,
    0x0, 0xf, 0xff, 0xff, 0x50, 0x0, 0x0, 0x3,
    0xff, 0xff, 0x70, 0x0, 0xcf, 0xff, 0xf1, 0x0,
    0x0, 0x0, 0xf, 0xff, 0xf4, 0x0, 0x8, 0xff,
    0xfd, 0x0, 0x0,

    /* U+0078 "x" */
    0x1f, 0xff, 0xb0, 0x0, 0x1f, 0xff, 0x90, 0x7,
    0xff, 0xf3, 0x0, 0x7f, 0xff, 0x10, 0x0, 0xdf,
    0xfc, 0x0, 0xef, 0xf7, 0x0, 0x0, 0x4f, 0xff,
    0x45, 0xff, 0xe0, 0x0, 0x0, 0xb, 0xff, 0xcc,
    0xff, 0x50, 0x0, 0x0, 0x2, 0xff, 0xff, 0xfc,
    0x0, 0x0, 0x0, 0x0, 0x9f, 0xff, 0xf4, 0x0,
    0x0, 0x0, 0x0, 0xdf, 0xff, 0xf2, 0x0, 0x0,
    0x0, 0x7, 0xff, 0xff, 0xfb, 0x0, 0x0, 0x0,
    0x1f, 0xff, 0x6f, 0xff, 0x50, 0x0, 0x0, 0x9f,
    0xfb, 0xa, 0xff, 0xe0, 0x0, 0x2, 0xff, 0xf3,
    0x2, 0xff, 0xf9, 0x0, 0xb, 0xff, 0xc0, 0x0,
    0x8f, 0xff, 0x30, 0x5f, 0xff, 0x40, 0x0, 0xe,
    0xff, 0xc0,

    /* U+0079 "y" */
    0x7f, 0xff, 0x10, 0x0, 0x1, 0xff, 0xf4, 0x1f,
    0xff, 0x60, 0x0, 0x5, 0xff, 0xe0, 0xa, 0xff,
    0xb0, 0x0, 0xa, 0xff, 0x90, 0x4, 0xff, 0xf1,
    0x0, 0xe, 0xff, 0x40, 0x0, 0xef, 0xf6, 0x0,
    0x3f, 0xfe, 0x0, 0x0, 0x7f, 0xfc, 0x0, 0x8f,
    0xf9, 0x0, 0x0, 0x1f, 0xff, 0x10, 0xcf, 0xf3,
    0x0, 0x0, 0xb, 0xff, 0x61, 0xff, 0xe0, 0x0,
    0x0, 0x5, 0xff, 0xa5, 0xff, 0x80, 0x0, 0x0,
    0x0, 0xef, 0xf9, 0xff, 0x30, 0x0, 0x0, 0x0,
    0x8f, 0xff, 0xfe, 0x0, 0x0, 0x0, 0x0, 0x2f,
    0xff, 0xf8, 0x0, 0x0, 0x0, 0x0, 0xb, 0xff,
    0xf3, 0x0, 0x0, 0x0, 0x0, 0x8, 0xff, 0xd0,
    0x0, 0x0, 0x0, 0x0, 0xd, 0xff, 0x70, 0x0,
    0x0, 0x0, 0x0, 0x9f, 0xff, 0x0, 0x0, 0x0,
    0x3, 0xef, 0xff, 0xf7, 0x0, 0x0, 0x0, 0x7,
    0xff, 0xff, 0xa0, 0x0, 0x0, 0x0, 0x9, 0xfe,
    0xc6, 0x0, 0x0, 0x0, 0x0,

    /* U+007A "z" */
    0x5, 0xff, 0xff, 0xff, 0xff, 0xf6, 0x5, 0xff,
    0xff, 0xff, 0xff, 0xf6, 0x4, 0xdd, 0xdd, 0xdf,
    0xff, 0xe1, 0x0, 0x0, 0x0, 0x6f, 0xff, 0x60,
    0x0, 0x0, 0x1, 0xff, 0xfb, 0x0, 0x0, 0x0,
    0xb, 0xff, 0xf1, 0x0, 0x0, 0x0, 0x6f, 0xff,
    0x60, 0x0, 0x0, 0x1, 0xef, 0xfc, 0x0, 0x0,
    0x0, 0xa, 0xff, 0xf2, 0x0, 0x0, 0x0, 0x5f,
    0xff, 0x70, 0x0, 0x0, 0x1, 0xef, 0xfc, 0x0,
    0x0, 0x0, 0xa, 0xff, 0xfe, 0xdd, 0xdd, 0xd8,
    0xf, 0xff, 0xff, 0xff, 0xff, 0xf9, 0xf, 0xff,
    0xff, 0xff, 0xff, 0xf9,

    /* U+007B "{" */
    0x0, 0x0, 0x9e, 0xfe, 0x0, 0x9, 0xff, 0xfd,
    0x0, 0xe, 0xff, 0x20, 0x0, 0xf, 0xfd, 0x0,
    0x0, 0xf, 0xfd, 0x0, 0x0, 0xf, 0xfd, 0x0,
    0x0, 0xe, 0xfd, 0x0, 0x0, 0xe, 0xfe, 0x0,
    0x0, 0xd, 0xfe, 0x0, 0x0, 0xe, 0xfd, 0x0,
    0x4, 0xbf, 0xf9, 0x0, 0x1f, 0xff, 0xa1, 0x0,
    0x1f, 0xff, 0xd2, 0x0, 0x1, 0x8f, 0xfa, 0x0,
    0x0, 0xe, 0xfd, 0x0, 0x0, 0xd, 0xfe, 0x0,
    0x0, 0xe, 0xfe, 0x0, 0x0, 0xe, 0xfd, 0x0,
    0x0, 0xf, 0xfd, 0x0, 0x0, 0xf, 0xfd, 0x0,
    0x0, 0xf, 0xfd, 0x0, 0x0, 0xe, 0xff, 0x30,
    0x0, 0x8, 0xff, 0xfe, 0x0, 0x0, 0x7c, 0xed,

    /* U+007C "|" */
    0x6a, 0x79, 0xfb, 0x9f, 0xb9, 0xfb, 0x9f, 0xb9,
    0xfb, 0x9f, 0xb9, 0xfb, 0x9f, 0xb9, 0xfb, 0x9f,
    0xb9, 0xfb, 0x9f, 0xb9, 0xfb, 0x9f, 0xb9, 0xfb,
    0x9f, 0xb9, 0xfb, 0x9f, 0xb9, 0xfb, 0x9f, 0xb9,
    0xfb, 0x9f, 0xb9, 0xfb, 0x9f, 0xb9, 0xfb, 0x9f,
    0xb9, 0xfb,

    /* U+007D "}" */
    0xdf, 0xea, 0x10, 0x0, 0xcf, 0xff, 0xa0, 0x0,
    0x1, 0xff, 0xf0, 0x0, 0x0, 0xcf, 0xf1, 0x0,
    0x0, 0xbf, 0xf1, 0x0, 0x0, 0xcf, 0xf0, 0x0,
    0x0, 0xcf, 0xf0, 0x0, 0x0, 0xdf, 0xf0, 0x0,
    0x0, 0xdf, 0xe0, 0x0, 0x0, 0xcf, 0xf0, 0x0,
    0x0, 0x8f, 0xfb, 0x40, 0x0, 0xa, 0xff, 0xf3,
    0x0, 0x1c, 0xff, 0xf3, 0x0, 0x9f, 0xf9, 0x10,
    0x0, 0xcf, 0xf0, 0x0, 0x0, 0xdf, 0xe0, 0x0,
    0x0, 0xdf, 0xf0, 0x0, 0x0, 0xcf, 0xf0, 0x0,
    0x0, 0xcf, 0xf0, 0x0, 0x0, 0xbf, 0xf1, 0x0,
    0x0, 0xcf, 0xf1, 0x0, 0x3, 0xff, 0xf0, 0x0,
    0xdf, 0xff, 0x90, 0x0, 0xce, 0xc8, 0x0, 0x0,

    /* U+007E "~" */
    0x0, 0x3, 0x75, 0x10, 0x0, 0x0, 0x0, 0x0,
    0xaf, 0xff, 0xf7, 0x0, 0x1d, 0x40, 0x9, 0xff,
    0xff, 0xff, 0xda, 0xef, 0xf1, 0xa, 0xf9, 0x13,
    0xcf, 0xff, 0xff, 0x50, 0x0, 0x40, 0x0, 0x6,
    0xcf, 0xc4, 0x0,

    /* U+4ECA "今" */
    0x0, 0x0, 0x0, 0x0, 0x0, 0x9, 0x50, 0x0,
    0x0, 0x0, 0x0, 0x0, 0x0, 0x0, 0x0, 0x0,
    0x0, 0x8f, 0xfd, 0x20, 0x0, 0x0, 0x0, 0x0,
    0x0, 0x0, 0x0, 0x0, 0x4, 0xff, 0xff, 0x30,
    0x0, 0x0, 0x0, 0x0, 0x0, 0x0, 0x0, 0x0,
    0x5f, 0xff, 0xff, 0xf4, 0x0, 0x0, 0x0, 0x0,
    0x0, 0x0, 0x0, 0x6, 0xff, 0xfe, 0xbf, 0xff,
    0x70, 0x0, 0x0, 0x0, 0x0, 0x0, 0x0, 0x9f,
    0xff, 0xd1, 0x9, 0xff, 0xfc, 0x10, 0x0, 0x0,
    0x0, 0x0, 0x3d, 0xff, 0xfc, 0x10, 0x0, 0x7f,
    0xff, 0xf7, 0x0, 0x0, 0x0, 0x29, 0xff, 0xff,
    0xb0, 0x9c, 0x10, 0x5, 0xff, 0xff, 0xd5, 0x0,
    0x19, 0xff, 0xff, 0xf9, 0x8, 0xff, 0xe4, 0x0,
    0x3e, 0xff, 0xff, 0xd1, 0xb, 0xff, 0xfd, 0x30,
    0x1, 0xbf, 0xff, 0x80, 0x1, 0xaf, 0xff, 0x80,
    0x0, 0xdf, 0x70, 0x0, 0x0, 0x9, 0xff, 0xf7,
    0x0, 0x4, 0xdb, 0x0, 0x0, 0x22, 0x0, 0x0,
    0x0, 0x0, 0x7f, 0xc1, 0x0, 0x0, 0x0, 0x0,
    0x0, 0x4, 0xee, 0xee, 0xee, 0xee, 0xef, 0xee,
    0xee, 0xfc, 0x50, 0x0, 0x0, 0x4, 0xff, 0xff,
    0xff, 0xff, 0xff, 0xff, 0xff, 0xff, 0xd0, 0x0,
    0x0, 0x4, 0xff, 0xff, 0xff, 0xff, 0xff, 0xff,
    0xff, 0xff, 0x30, 0x0, 0x0, 0x0, 0x0, 0x0,
    0x0, 0x0, 0x0, 0x6, 0xff, 0xf7, 0x0, 0x0,
    0x0, 0x0, 0x0, 0x0, 0x0, 0x0, 0x0, 0x2f,
    0xff, 0xb0, 0x0, 0x0, 0x0, 0x0, 0x0, 0x0,
    0x0, 0x0, 0x1, 0xdf, 0xfe, 0x10, 0x0, 0x0,
    0x0, 0x0, 0x0, 0x0, 0x0, 0x0, 0xb, 0xff,
    0xf3, 0x0, 0x0, 0x0, 0x0, 0x0, 0x0, 0x0,
    0x0, 0x0, 0x8f, 0xff, 0x60, 0x0, 0x0, 0x0,
    0x0, 0x0, 0x0, 0x0, 0x0, 0x6, 0xff, 0xfa,
    0x0, 0x0, 0x0, 0x0, 0x0, 0x0, 0x0, 0x0,
    0x0, 0x2f, 0xff, 0xd0, 0x0, 0x0, 0x0, 0x0,
    0x0, 0x0, 0x0, 0x0, 0x0, 0x3, 0xae, 0x20,
    0x0, 0x0, 0x0, 0x0, 0x0, 0x0, 0x0, 0x0,
    0x0, 0x0, 0x0, 0x0, 0x0, 0x0, 0x0, 0x0,

    /* U+5355 "单" */
    0x0, 0x0, 0x0, 0x20, 0x0, 0x0, 0x0, 0x1,
    0x0, 0x0, 0x0, 0x0, 0x0, 0x4c, 0xf5, 0x0,
    0x0, 0x0, 0xe, 0xd9, 0x20, 0x0, 0x0, 0x0,
    0x5f, 0xff, 0x20, 0x0, 0x0, 0x7f, 0xff, 0x10,
    0x0, 0x0, 0x0, 0xa, 0xff, 0xb0, 0x0, 0x1,
    0xef, 0xf5, 0x0, 0x0, 0x0, 0x34, 0x46, 0xff,
    0xd5, 0x44, 0x4a, 0xff, 0xd4, 0x44, 0x0, 0x0,
    0xbf, 0xff, 0xff, 0xff, 0xff, 0xff, 0xff, 0xff,
    0xff, 0x0, 0x0, 0xbf, 0xff, 0xff, 0xff, 0xff,
    0xff, 0xff, 0xff, 0xff, 0x0, 0x0, 0xbf, 0xf2,
    0x0, 0x8, 0xff, 0x70, 0x0, 0xf, 0xff, 0x0,
    0x0, 0xbf, 0xf4, 0x33, 0x3a, 0xff, 0x93, 0x33,
    0x3f, 0xff, 0x0, 0x0, 0xbf, 0xff, 0xff, 0xff,
    0xff, 0xff, 0xff, 0xff, 0xff, 0x0, 0x0, 0xbf,
    0xff, 0xff, 0xff, 0xff, 0xff, 0xff, 0xff, 0xff,
    0x0, 0x0, 0xbf, 0xf1, 0x0, 0x8, 0xff, 0x60,
    0x0, 0xf, 0xff, 0x0, 0x0, 0xbf, 0xf7, 0x66,
    0x6b, 0xff, 0xa6, 0x66, 0x6f, 0xff, 0x0, 0x0,
    0xbf, 0xff, 0xff, 0xff, 0xff, 0xff, 0xff, 0xff,
    0xff, 0x0, 0x0, 0xaf, 0xff, 0xff, 0xff, 0xff,
    0xff, 0xff, 0xff, 0xff, 0x0, 0x0, 0x0, 0x0,
    0x0, 0x8, 0xff, 0x60, 0x0, 0x0, 0x0, 0x0,
    0x89, 0x99, 0x99, 0x99, 0x9d, 0xff, 0xc9, 0x99,
    0x99, 0x99, 0x98, 0xdf, 0xff, 0xff, 0xff, 0xff,
    0xff, 0xff, 0xff, 0xff, 0xff, 0xfe, 0xdf, 0xff,
    0xff, 0xff, 0xff, 0xff, 0xff, 0xff, 0xff, 0xff,
    0xfe, 0x0, 0x0, 0x0, 0x0, 0x8, 0xff, 0x70,
    0x0, 0x0, 0x0, 0x0, 0x0, 0x0, 0x0, 0x0,
    0x8, 0xff, 0x60, 0x0, 0x0, 0x0, 0x0, 0x0,
    0x0, 0x0, 0x0, 0x8, 0xff, 0x60, 0x0, 0x0,
    0x0, 0x0, 0x0, 0x0, 0x0, 0x0, 0x8, 0xff,
    0x60, 0x0, 0x0, 0x0, 0x0,

    /* U+547D "命" */
    0x0, 0x0, 0x0, 0x0, 0x0, 0x4, 0x30, 0x0,
    0x0, 0x0, 0x0, 0x0, 0x0, 0x0, 0x0, 0x0,
    0x0, 0x4f, 0xf7, 0x0, 0x0, 0x0, 0x0, 0x0,
    0x0, 0x0, 0x0, 0x0, 0x5, 0xff, 0xfe, 0x0,
    0x0, 0x0, 0x0, 0x0, 0x0, 0x0, 0x0, 0x0,
    0xaf, 0xff, 0xff, 0xc1, 0x0, 0x0, 0x0, 0x0,
    0x0, 0x0, 0x0, 0x5e, 0xff, 0xf9, 0xdf, 0xff,
    0x70, 0x0, 0x0, 0x0, 0x0, 0x0, 0x5d, 0xff,
    0xfe, 0x50, 0xb, 0xff, 0xfd, 0x71, 0x0, 0x0,
    0x4, 0x9e, 0xff, 0xff, 0xc2, 0x0, 0x0, 0x9f,
    0xff, 0xff, 0xa6, 0x10, 0x7f, 0xff, 0xff, 0xff,
    0xff, 0xff, 0xff, 0xff, 0xff, 0xff, 0xff, 0xb0,
    0xc, 0xff, 0xc6, 0x9f, 0xff, 0xff, 0xff, 0xff,
    0xc5, 0xbf, 0xfd, 0x0, 0x4, 0xa3, 0x0, 0x48,
    0x88, 0x88, 0x88, 0x88, 0x60, 0x2, 0x84, 0x0,
    0x0, 0x12, 0x22, 0x22, 0x22, 0x10, 0x12, 0x22,
    0x22, 0x22, 0x20, 0x0, 0x0, 0x8f, 0xff, 0xff,
    0xff, 0x60, 0xbf, 0xff, 0xff, 0xff, 0xf1, 0x0,
    0x0, 0x8f, 0xff, 0xff, 0xff, 0x60, 0xbf, 0xff,
    0xff, 0xff, 0xf1, 0x0, 0x0, 0x8f, 0xf5, 0x48,
    0xff, 0x60, 0xbf, 0xf7, 0x66, 0xdf, 0xf1, 0x0,
    0x0, 0x8f, 0xf1, 0x4, 0xff, 0x60, 0xbf, 0xf1,
    0x0, 0xbf, 0xf1, 0x0, 0x0, 0x8f, 0xf1, 0x4,
    0xff, 0x60, 0xbf, 0xf1, 0x0, 0xbf, 0xf1, 0x0,
    0x0, 0x8f, 0xf1, 0x4, 0xff, 0x60, 0xbf, 0xf1,
    0x0, 0xbf, 0xf1, 0x0, 0x0, 0x8f, 0xfd, 0xde,
    0xff, 0x60, 0xbf, 0xf1, 0x0, 0xcf, 0xf1, 0x0,
    0x0, 0x8f, 0xff, 0xff, 0xff, 0x60, 0xbf, 0xf1,
    0xff, 0xff, 0xf0, 0x0, 0x0, 0x8f, 0xfb, 0xbb,
    0xbb, 0x40, 0xbf, 0xf1, 0xaf, 0xff, 0x80, 0x0,
    0x0, 0x8f, 0xf1, 0x0, 0x0, 0x0, 0xbf, 0xf1,
    0x47, 0x73, 0x0, 0x0, 0x0, 0x36, 0x60, 0x0,
    0x0, 0x0, 0xbf, 0xf1, 0x0, 0x0, 0x0, 0x0,
    0x0, 0x0, 0x0, 0x0, 0x0, 0x0, 0xbf, 0xf1,
    0x0, 0x0, 0x0, 0x0,

    /* U+65E5 "日" */
    0x1e, 0xee, 0xee, 0xee, 0xee, 0xee, 0xee, 0xee,
    0xed, 0x1f, 0xff, 0xff, 0xff, 0xff, 0xff, 0xff,
    0xff, 0xfe, 0x1f, 0xff, 0xff, 0xff, 0xff, 0xff,
    0xff, 0xff, 0xfe, 0x1f, 0xfd, 0x0, 0x0, 0x0,
    0x0, 0x0, 0x3f, 0xfe, 0x1f, 0xfd, 0x0, 0x0,
    0x0, 0x0, 0x0, 0x3f, 0xfe, 0x1f, 0xfd, 0x0,
    0x0, 0x0, 0x0, 0x0, 0x3f, 0xfe, 0x1f, 0xfd,
    0x0, 0x0, 0x0, 0x0, 0x0, 0x3f, 0xfe, 0x1f,
    0xfd, 0x0, 0x0, 0x0, 0x0, 0x0, 0x3f, 0xfe,
    0x1f, 0xff, 0xdd, 0xdd, 0xdd, 0xdd, 0xdd, 0xef,
    0xfe, 0x1f, 0xff, 0xff, 0xff, 0xff, 0xff, 0xff,
    0xff, 0xfe, 0x1f, 0xff, 0xff, 0xff, 0xff, 0xff,
    0xff, 0xff, 0xfe, 0x1f, 0xfd, 0x0, 0x0, 0x0,
    0x0, 0x0, 0x3f, 0xfe, 0x1f, 0xfd, 0x0, 0x0,
    0x0, 0x0, 0x0, 0x3f, 0xfe, 0x1f, 0xfd, 0x0,
    0x0, 0x0, 0x0, 0x0, 0x3f, 0xfe, 0x1f, 0xfd,
    0x0, 0x0, 0x0, 0x0, 0x0, 0x3f, 0xfe, 0x1f,
    0xfd, 0x0, 0x0, 0x0, 0x0, 0x0, 0x3f, 0xfe,
    0x1f, 0xff, 0xdd, 0xdd, 0xdd, 0xdd, 0xdd, 0xdf,
    0xfe, 0x1f, 0xff, 0xff, 0xff, 0xff, 0xff, 0xff,
    0xff, 0xfe, 0x1f, 0xff, 0xff, 0xff, 0xff, 0xff,
    0xff, 0xff, 0xfe, 0x1f, 0xfd, 0x0, 0x0, 0x0,
    0x0, 0x0, 0x4f, 0xfe, 0x1f, 0xfd, 0x0, 0x0,
    0x0, 0x0, 0x0, 0x3f, 0xfd,

    /* U+6B21 "次" */
    0x0, 0x0, 0x0, 0x0, 0x0, 0x55, 0x20, 0x0,
    0x0, 0x0, 0x0, 0x0, 0x0, 0x0, 0x0, 0x0,
    0x0, 0xdf, 0xf6, 0x0, 0x0, 0x0, 0x0, 0x0,
    0x0, 0xb6, 0x0, 0x0, 0x1, 0xff, 0xf2, 0x0,
    0x0, 0x0, 0x0, 0x0, 0x9, 0xff, 0xd3, 0x0,
    0x5, 0xff, 0xe0, 0x0, 0x0, 0x0, 0x0, 0x0,
    0x8, 0xff, 0xff, 0x80, 0xa, 0xff, 0xfd, 0xdd,
    0xdd, 0xdd, 0xe7, 0x0, 0x0, 0x3d, 0xff, 0xf4,
    0xf, 0xff, 0xff, 0xff, 0xff, 0xff, 0xff, 0x90,
    0x0, 0x0, 0xaf, 0x90, 0x6f, 0xff, 0xff, 0xff,
    0xff, 0xff, 0xff, 0x50, 0x0, 0x0, 0x6, 0x0,
    0xef, 0xf8, 0x4, 0x44, 0x10, 0x1f, 0xff, 0x10,
    0x0, 0x0, 0x0, 0x6, 0xff, 0xf1, 0xe, 0xff,
    0x20, 0x4f, 0xfc, 0x0, 0x0, 0x0, 0x0, 0x2f,
    0xff, 0x90, 0xf, 0xff, 0x20, 0x9f, 0xf6, 0x0,
    0x0, 0x0, 0x0, 0x7f, 0xff, 0x10, 0xf, 0xff,
    0x20, 0xff, 0xe0, 0x0, 0x0, 0x0, 0x6, 0x2,
    0xb6, 0x0, 0x1f, 0xff, 0x40, 0x6d, 0x80, 0x0,
    0x0, 0x0, 0x5f, 0xb0, 0x0, 0x0, 0x4f, 0xff,
    0x90, 0x0, 0x0, 0x0, 0x0, 0x0, 0xef, 0xf7,
    0x0, 0x0, 0x8f, 0xff, 0xe0, 0x0, 0x0, 0x0,
    0x0, 0x8, 0xff, 0xe0, 0x0, 0x0, 0xdf, 0xff,
    0xf5, 0x0, 0x0, 0x0, 0x0, 0x2f, 0xff, 0x60,
    0x0, 0x5, 0xff, 0xff, 0xfe, 0x0, 0x0, 0x0,
    0x0, 0xcf, 0xfd, 0x0, 0x0, 0x1e, 0xff, 0xbb,
    0xff, 0x80, 0x0, 0x0, 0x7, 0xff, 0xf4, 0x0,
    0x0, 0xbf, 0xff, 0x33, 0xff, 0xf6, 0x0, 0x0,
    0x2f, 0xff, 0xa0, 0x0, 0xb, 0xff, 0xf8, 0x0,
    0x9f, 0xff, 0x60, 0x0, 0x8, 0xff, 0x10, 0x2,
    0xdf, 0xff, 0xb0, 0x0, 0xd, 0xff, 0xfc, 0x30,
    0x0, 0x46, 0x0, 0x9f, 0xff, 0xfb, 0x0, 0x0,
    0x1, 0xdf, 0xff, 0xe1, 0x0, 0x0, 0x0, 0x9f,
    0xff, 0x90, 0x0, 0x0, 0x0, 0x1b, 0xff, 0x40,
    0x0, 0x0, 0x0, 0xa, 0xd3, 0x0, 0x0, 0x0,
    0x0, 0x0, 0x47, 0x0, 0x0, 0x0, 0x0, 0x0,
    0x0, 0x0, 0x0, 0x0, 0x0, 0x0, 0x0, 0x0,

    /* U+7D27 "紧" */
    0x0, 0x0, 0x0, 0xef, 0xa0, 0x9a, 0xaa, 0xaa,
    0xaa, 0xaa, 0xa4, 0x0, 0xe, 0xfa, 0xe, 0xfa,
    0xe, 0xff, 0xff, 0xff, 0xff, 0xff, 0x80, 0x0,
    0xef, 0xa0, 0xef, 0xa0, 0xbd, 0xff, 0xdc, 0xcc,
    0xff, 0xf1, 0x0, 0xe, 0xfa, 0xe, 0xfa, 0x0,
    0xd, 0xfd, 0x10, 0x9f, 0xf9, 0x0, 0x0, 0xef,
    0xa0, 0xef, 0xa0, 0x0, 0x3f, 0xfd, 0x9f, 0xfd,
    0x0, 0x0, 0xe, 0xfa, 0xe, 0xfa, 0x0, 0x0,
    0x8f, 0xff, 0xfe, 0x10, 0x0, 0x0, 0xef, 0xa0,
    0xef, 0xa0, 0x1, 0x6c, 0xff, 0xff, 0xd6, 0x10,
    0x0, 0xe, 0xfa, 0xe, 0xfc, 0x4d, 0xff, 0xff,
    0xff, 0xff, 0xff, 0xc6, 0x0, 0x44, 0x30, 0xef,
    0xfd, 0xef, 0xff, 0x81, 0x2b, 0xff, 0xfe, 0x10,
    0x0, 0x0, 0xb, 0xff, 0xfa, 0x94, 0x18, 0x20,
    0x2, 0x8d, 0x60, 0x0, 0x0, 0x6e, 0xff, 0xd5,
    0x22, 0x5e, 0xfe, 0x20, 0x0, 0x0, 0x0, 0x0,
    0x3f, 0xff, 0xff, 0xff, 0xff, 0xff, 0xc4, 0x0,
    0x0, 0x0, 0x0, 0x0, 0xdf, 0xff, 0xff, 0xff,
    0xfb, 0x40, 0x7f, 0x70, 0x0, 0x0, 0x0, 0x3,
    0x6b, 0xff, 0xff, 0xa3, 0x0, 0x1c, 0xff, 0xc2,
    0x0, 0x0, 0x49, 0xdf, 0xff, 0xff, 0xed, 0xee,
    0xff, 0xff, 0xff, 0xe3, 0x0, 0x6, 0xff, 0xff,
    0xff, 0xff, 0xff, 0xff, 0xff, 0xff, 0xff, 0xf2,
    0x0, 0x1f, 0xfd, 0xcb, 0x98, 0x8f, 0xfe, 0x43,
    0x22, 0x5, 0xf7, 0x0, 0x0, 0x20, 0x8e, 0x71,
    0x1, 0xff, 0xd0, 0x1a, 0xd5, 0x1, 0x0, 0x0,
    0x5, 0xdf, 0xfe, 0x30, 0x1f, 0xfd, 0x9, 0xff,
    0xfc, 0x20, 0x0, 0x6d, 0xff, 0xfc, 0x46, 0x67,
    0xff, 0xc0, 0x4, 0xdf, 0xff, 0x80, 0x6, 0xff,
    0xf7, 0x2, 0xff, 0xff, 0xf9, 0x0, 0x0, 0x8f,
    0xfe, 0x20, 0x5, 0x91, 0x0, 0xc, 0xff, 0xc8,
    0x0, 0x0, 0x0, 0x39, 0x10,

    /* U+82DF "苟" */
    0x0, 0x0, 0x0, 0x29, 0x96, 0x0, 0x0, 0x9,
    0x98, 0x0, 0x0, 0x0, 0x0, 0x0, 0x3, 0xff,
    0xa0, 0x0, 0x0, 0xff, 0xd0, 0x0, 0x0, 0x6,
    0xee, 0xee, 0xef, 0xff, 0xee, 0xee, 0xef, 0xff,
    0xee, 0xee, 0xd0, 0x6f, 0xff, 0xff, 0xff, 0xff,
    0xff, 0xff, 0xff, 0xff, 0xff, 0xfe, 0x5, 0xcc,
    0xcc, 0xdf, 0xfe, 0xcc, 0xcc, 0xcf, 0xff, 0xcc,
    0xcc, 0xb0, 0x0, 0x0, 0x3, 0xff, 0xa0, 0x0,
    0x0, 0xff, 0xd0, 0x0, 0x0, 0x0, 0x0, 0x2,
    0xef, 0xb4, 0x0, 0x0, 0x6, 0x65, 0x0, 0x0,
    0x0, 0x0, 0x0, 0xaf, 0xff, 0x88, 0x88, 0x88,
    0x88, 0x88, 0x88, 0x81, 0x0, 0x0, 0x5f, 0xff,
    0xff, 0xff, 0xff, 0xff, 0xff, 0xff, 0xff, 0x20,
    0x0, 0x1e, 0xff, 0xff, 0xff, 0xff, 0xff, 0xff,
    0xff, 0xff, 0xf1, 0x0, 0x1d, 0xff, 0xc1, 0x0,
    0x0, 0x0, 0x0, 0x0, 0xd, 0xff, 0x10, 0x2d,
    0xff, 0xf3, 0x0, 0x0, 0x0, 0x0, 0x0, 0x0,
    0xdf, 0xf0, 0xe, 0xff, 0xff, 0xff, 0xff, 0xff,
    0xff, 0xf3, 0x0, 0xe, 0xff, 0x0, 0x1b, 0xf8,
    0xff, 0xff, 0xff, 0xff, 0xff, 0x30, 0x0, 0xff,
    0xe0, 0x0, 0x2, 0x3f, 0xfb, 0x55, 0x55, 0xbf,
    0xf3, 0x0, 0xf, 0xfd, 0x0, 0x0, 0x3, 0xff,
    0x80, 0x0, 0x8, 0xff, 0x30, 0x1, 0xff, 0xc0,
    0x0, 0x0, 0x3f, 0xfb, 0x66, 0x66, 0xbf, 0xf3,
    0x0, 0x3f, 0xfb, 0x0, 0x0, 0x3, 0xff, 0xff,
    0xff, 0xff, 0xff, 0x30, 0x5, 0xff, 0x90, 0x0,
    0x0, 0x3f, 0xff, 0xff, 0xff, 0xff, 0xf3, 0x0,
    0x8f, 0xf7, 0x0, 0x0, 0x3, 0xff, 0x80, 0x0,
    0x0, 0x0, 0x0, 0xd, 0xff, 0x40, 0x0, 0x0,
    0x28, 0x84, 0x0, 0x0, 0xa, 0xdc, 0xcf, 0xff,
    0xf1, 0x0, 0x0, 0x0, 0x0, 0x0, 0x0, 0x0,
    0x4f, 0xff, 0xff, 0xf8, 0x0, 0x0, 0x0, 0x0,
    0x0, 0x0, 0x0, 0x0, 0xff, 0xfe, 0xc7, 0x0,
    0x0, 0x0, 0x0, 0x0, 0x0, 0x0, 0x0, 0x0,
    0x0, 0x0, 0x0, 0x0,

    /* U+8981 "要" */
    0x48, 0x88, 0x88, 0x88, 0x88, 0x88, 0x88, 0x88,
    0x88, 0x88, 0x83, 0x8f, 0xff, 0xff, 0xff, 0xff,
    0xff, 0xff, 0xff, 0xff, 0xff, 0xf6, 0x8f, 0xff,
    0xff, 0xff, 0xff, 0xff, 0xff, 0xff, 0xff, 0xff,
    0xf6, 0x0, 0x0, 0x0, 0x3f, 0xf7, 0x0, 0xcf,
    0xe0, 0x0, 0x0, 0x0, 0x6, 0xee, 0xee, 0xff,
    0xff, 0xee, 0xff, 0xfe, 0xee, 0xee, 0x90, 0x7,
    0xff, 0xff, 0xff, 0xff, 0xff, 0xff, 0xff, 0xff,
    0xff, 0xa0, 0x7, 0xff, 0x85, 0x7f, 0xfa, 0x55,
    0xdf, 0xf5, 0x57, 0xff, 0xa0, 0x7, 0xff, 0x40,
    0x3f, 0xf7, 0x0, 0xcf, 0xe0, 0x2, 0xff, 0xa0,
    0x7, 0xff, 0x62, 0x5f, 0xf9, 0x22, 0xdf, 0xf2,
    0x25, 0xff, 0xa0, 0x7, 0xff, 0xff, 0xff, 0xff,
    0xff, 0xff, 0xff, 0xff, 0xff, 0xa0, 0x7, 0xff,
    0xff, 0xff, 0xff, 0xff, 0xff, 0xff, 0xff, 0xff,
    0xa0, 0x0, 0x11, 0x11, 0x1a, 0xff, 0x91, 0x11,
    0x11, 0x11, 0x11, 0x0, 0x78, 0x88, 0x88, 0x8f,
    0xff, 0xb8, 0x88, 0x88, 0x88, 0x88, 0x87, 0xef,
    0xff, 0xff, 0xff, 0xff, 0xff, 0xff, 0xff, 0xff,
    0xff, 0xfe, 0xef, 0xff, 0xff, 0xff, 0xff, 0xff,
    0xff, 0xff, 0xff, 0xff, 0xfe, 0x0, 0x0, 0x3f,
    0xff, 0x40, 0x0, 0x5, 0xff, 0xf1, 0x0, 0x0,
    0x0, 0x1, 0xef, 0xff, 0xa6, 0x30, 0x5f, 0xff,
    0x60, 0x0, 0x0, 0x0, 0x7, 0xef, 0xff, 0xff,
    0xff, 0xff, 0xf9, 0x0, 0x0, 0x0, 0x0, 0x0,
    0x2, 0x5a, 0xff, 0xff, 0xff, 0xfe, 0x95, 0x0,
    0x0, 0x14, 0x67, 0x8b, 0xef, 0xff, 0xff, 0xff,
    0xff, 0xff, 0xfb, 0x60, 0x2f, 0xff, 0xff, 0xff,
    0xff, 0xa4, 0x3, 0x8d, 0xff, 0xff, 0xb0, 0xb,
    0xff, 0xec, 0x97, 0x30, 0x0, 0x0, 0x0, 0x39,
    0xeb, 0x0, 0x1, 0x20, 0x0, 0x0, 0x0, 0x0,
    0x0, 0x0, 0x0, 0x0, 0x0,

    /* U+F001 "" */
    0x0, 0x0, 0x0, 0x0, 0x0, 0x0, 0x0, 0x0,
    0x0, 0x0, 0x0, 0x0, 0x0, 0x0, 0x0, 0x0,
    0x0, 0x0, 0x0, 0x0, 0x0, 0x2, 0x7b, 0xe8,
    0x0, 0x0, 0x0, 0x0, 0x0, 0x0, 0x0, 0x0,
    0x49, 0xdf, 0xff, 0xff, 0x0, 0x0, 0x0, 0x0,
    0x0, 0x0, 0x16, 0xbf, 0xff, 0xff, 0xff, 0xff,
    0x0, 0x0, 0x0, 0x0, 0x3, 0x8c, 0xff, 0xff,
    0xff, 0xff, 0xff, 0xff, 0x0, 0x0, 0x0, 0x3a,
    0xef, 0xff, 0xff, 0xff, 0xff, 0xff, 0xff, 0xff,
    0x0, 0x0, 0x0, 0xef, 0xff, 0xff, 0xff, 0xff,
    0xff, 0xff, 0xff, 0xff, 0x0, 0x0, 0x0, 0xff,
    0xff, 0xff, 0xff, 0xff, 0xff, 0xff, 0xaf, 0xff,
    0x0, 0x0, 0x0, 0xff, 0xff, 0xff, 0xff, 0xff,
    0xd8, 0x40, 0xf, 0xff, 0x0, 0x0, 0x0, 0xff,
    0xff, 0xff, 0xfb, 0x62, 0x0, 0x0, 0xf, 0xff,
    0x0, 0x0, 0x0, 0xff, 0xfe, 0x94, 0x0, 0x0,
    0x0, 0x0, 0xf, 0xff, 0x0, 0x0, 0x0, 0xff,
    0xf0, 0x0, 0x0, 0x0, 0x0, 0x0, 0xf, 0xff,
    0x0, 0x0, 0x0, 0xff, 0xf0, 0x0, 0x0, 0x0,
    0x0, 0x0, 0xf, 0xff, 0x0, 0x0, 0x0, 0xff,
    0xf0, 0x0, 0x0, 0x0, 0x0, 0x0, 0xf, 0xff,
    0x0, 0x0, 0x0, 0xff, 0xf0, 0x0, 0x0, 0x0,
    0x0, 0x0, 0xf, 0xff, 0x0, 0x0, 0x0, 0xff,
    0xf0, 0x0, 0x0, 0x0, 0x0, 0x0, 0xf, 0xff,
    0x0, 0x0, 0x0, 0xff, 0xf0, 0x0, 0x0, 0x0,
    0x3a, 0xdf, 0xdf, 0xff, 0x0, 0x0, 0x0, 0xff,
    0xf0, 0x0, 0x0, 0x6, 0xff, 0xff, 0xff, 0xff,
    0x0, 0x0, 0x0, 0xff, 0xf0, 0x0, 0x0, 0xe,
    0xff, 0xff, 0xff, 0xff, 0x3, 0xad, 0xfd, 0xff,
    0xf0, 0x0, 0x0, 0xe, 0xff, 0xff, 0xff, 0xfe,
    0x6f, 0xff, 0xff, 0xff, 0xf0, 0x0, 0x0, 0x6,
    0xff, 0xff, 0xff, 0xf6, 0xef, 0xff, 0xff, 0xff,
    0xf0, 0x0, 0x0, 0x0, 0x3a, 0xef, 0xea, 0x30,
    0xef, 0xff, 0xff, 0xff, 0xe0, 0x0, 0x0, 0x0,
    0x0, 0x0, 0x0, 0x0, 0x6f, 0xff, 0xff, 0xff,
    0x60, 0x0, 0x0, 0x0, 0x0, 0x0, 0x0, 0x0,
    0x3, 0xae, 0xfe, 0xa3, 0x0, 0x0, 0x0, 0x0,
    0x0, 0x0, 0x0, 0x0,

    /* U+F008 "" */
    0xb7, 0x0, 0xbf, 0xff, 0xff, 0xff, 0xff, 0xff,
    0xff, 0xf4, 0x0, 0x7b, 0xfd, 0x88, 0xef, 0xff,
    0xff, 0xff, 0xff, 0xff, 0xff, 0xfb, 0x88, 0xdf,
    0xff, 0xff, 0xff, 0xb4, 0x44, 0x44, 0x44, 0x44,
    0x5f, 0xff, 0xff, 0xff, 0xf9, 0x0, 0xcf, 0x80,
    0x0, 0x0, 0x0, 0x0, 0xf, 0xf5, 0x0, 0x9f,
    0xf8, 0x0, 0xbf, 0x80, 0x0, 0x0, 0x0, 0x0,
    0xf, 0xf4, 0x0, 0x8f, 0xf9, 0x0, 0xcf, 0x80,
    0x0, 0x0, 0x0, 0x0, 0xf, 0xf5, 0x0, 0x9f,
    0xff, 0xff, 0xff, 0x80, 0x0, 0x0, 0x0, 0x0,
    0xf, 0xff, 0xff, 0xff, 0xfd, 0x88, 0xef, 0xa2,
    0x22, 0x22, 0x22, 0x22, 0x3f, 0xfb, 0x88, 0xdf,
    0xf8, 0x0, 0xbf, 0xff, 0xff, 0xff, 0xff, 0xff,
    0xff, 0xf4, 0x0, 0x8f, 0xf8, 0x0, 0xbf, 0xff,
    0xff, 0xff, 0xff, 0xff, 0xff, 0xf4, 0x0, 0x8f,
    0xfd, 0x88, 0xef, 0xa2, 0x22, 0x22, 0x22, 0x22,
    0x3f, 0xfb, 0x88, 0xdf, 0xff, 0xff, 0xff, 0x80,
    0x0, 0x0, 0x0, 0x0, 0xf, 0xff, 0xff, 0xff,
    0xf9, 0x0, 0xcf, 0x80, 0x0, 0x0, 0x0, 0x0,
    0xf, 0xf5, 0x0, 0x9f, 0xf8, 0x0, 0xbf, 0x80,
    0x0, 0x0, 0x0, 0x0, 0xf, 0xf4, 0x0, 0x8f,
    0xf9, 0x0, 0xcf, 0x80, 0x0, 0x0, 0x0, 0x0,
    0xf, 0xf5, 0x0, 0x9f, 0xff, 0xff, 0xff, 0xb4,
    0x44, 0x44, 0x44, 0x44, 0x5f, 0xff, 0xff, 0xff,
    0xfd, 0x88, 0xef, 0xff, 0xff, 0xff, 0xff, 0xff,
    0xff, 0xfb, 0x88, 0xdf, 0xb7, 0x0, 0xbf, 0xff,
    0xff, 0xff, 0xff, 0xff, 0xff, 0xf4, 0x0, 0x7b,

    /* U+F00B "" */
    0x14, 0x44, 0x44, 0x10, 0x3, 0x44, 0x44, 0x44,
    0x44, 0x44, 0x44, 0x41, 0xef, 0xff, 0xff, 0xe0,
    0x6f, 0xff, 0xff, 0xff, 0xff, 0xff, 0xff, 0xfe,
    0xff, 0xff, 0xff, 0xf0, 0x8f, 0xff, 0xff, 0xff,
    0xff, 0xff, 0xff, 0xff, 0xff, 0xff, 0xff, 0xf0,
    0x8f, 0xff, 0xff, 0xff, 0xff, 0xff, 0xff, 0xff,
    0xff, 0xff, 0xff, 0xf0, 0x8f, 0xff, 0xff, 0xff,
    0xff, 0xff, 0xff, 0xff, 0xff, 0xff, 0xff, 0xf0,
    0x8f, 0xff, 0xff, 0xff, 0xff, 0xff, 0xff, 0xff,
    0x7b, 0xbb, 0xbb, 0x60, 0x2a, 0xbb, 0xbb, 0xbb,
    0xbb, 0xbb, 0xbb, 0xb7, 0x0, 0x0, 0x0, 0x0,
    0x0, 0x0, 0x0, 0x0, 0x0, 0x0, 0x0, 0x0,
    0xbf, 0xff, 0xff, 0xb0, 0x4f, 0xff, 0xff, 0xff,
    0xff, 0xff, 0xff, 0xfb, 0xff, 0xff, 0xff, 0xf0,
    0x8f, 0xff, 0xff, 0xff, 0xff, 0xff, 0xff, 0xff,
    0xff, 0xff, 0xff, 0xf0, 0x8f, 0xff, 0xff, 0xff,
    0xff, 0xff, 0xff, 0xff, 0xff, 0xff, 0xff, 0xf0,
    0x8f, 0xff, 0xff, 0xff, 0xff, 0xff, 0xff, 0xff,
    0xff, 0xff, 0xff, 0xf0, 0x8f, 0xff, 0xff, 0xff,
    0xff, 0xff, 0xff, 0xff, 0xbf, 0xff, 0xff, 0xb0,
    0x4f, 0xff, 0xff, 0xff, 0xff, 0xff, 0xff, 0xfb,
    0x0, 0x0, 0x0, 0x0, 0x0, 0x0, 0x0, 0x0,
    0x0, 0x0, 0x0, 0x0, 0x14, 0x44, 0x44, 0x10,
    0x3, 0x44, 0x44, 0x44, 0x44, 0x44, 0x44, 0x41,
    0xef, 0xff, 0xff, 0xe0, 0x6f, 0xff, 0xff, 0xff,
    0xff, 0xff, 0xff, 0xfe, 0xff, 0xff, 0xff, 0xf0,
    0x8f, 0xff, 0xff, 0xff, 0xff, 0xff, 0xff, 0xff,
    0xff, 0xff, 0xff, 0xf0, 0x8f, 0xff, 0xff, 0xff,
    0xff, 0xff, 0xff, 0xff, 0xff, 0xff, 0xff, 0xf0,
    0x8f, 0xff, 0xff, 0xff, 0xff, 0xff, 0xff, 0xff,
    0xff, 0xff, 0xff, 0xf0, 0x8f, 0xff, 0xff, 0xff,
    0xff, 0xff, 0xff, 0xff, 0x7b, 0xbb, 0xbb, 0x60,
    0x2a, 0xbb, 0xbb, 0xbb, 0xbb, 0xbb, 0xbb, 0xb7,

    /* U+F00C "" */
    0x0, 0x0, 0x0, 0x0, 0x0, 0x0, 0x0, 0x0,
    0x0, 0x0, 0xbd, 0x20, 0x0, 0x0, 0x0, 0x0,
    0x0, 0x0, 0x0, 0x0, 0x0, 0xc, 0xff, 0xe2,
    0x0, 0x0, 0x0, 0x0, 0x0, 0x0, 0x0, 0x0,
    0x0, 0xcf, 0xff, 0xfd, 0x0, 0x0, 0x0, 0x0,
    0x0, 0x0, 0x0, 0x0, 0xc, 0xff, 0xff, 0xfd,
    0x0, 0x0, 0x0, 0x0, 0x0, 0x0, 0x0, 0x0,
    0xcf, 0xff, 0xff, 0xd1, 0x0, 0x0, 0x0, 0x0,
    0x0, 0x0, 0x0, 0xc, 0xff, 0xff, 0xfd, 0x10,
    0x2, 0xdb, 0x0, 0x0, 0x0, 0x0, 0x0, 0xcf,
    0xff, 0xff, 0xd1, 0x0, 0x2e, 0xff, 0xc0, 0x0,
    0x0, 0x0, 0xc, 0xff, 0xff, 0xfd, 0x10, 0x0,
    0xdf, 0xff, 0xfc, 0x0, 0x0, 0x0, 0xcf, 0xff,
    0xff, 0xd1, 0x0, 0x0, 0xdf, 0xff, 0xff, 0xc0,
    0x0, 0xc, 0xff, 0xff, 0xfd, 0x10, 0x0, 0x0,
    0x1d, 0xff, 0xff, 0xfc, 0x0, 0xcf, 0xff, 0xff,
    0xd1, 0x0, 0x0, 0x0, 0x1, 0xdf, 0xff, 0xff,
    0xcc, 0xff, 0xff, 0xfd, 0x10, 0x0, 0x0, 0x0,
    0x0, 0x1d, 0xff, 0xff, 0xff, 0xff, 0xff, 0xd1,
    0x0, 0x0, 0x0, 0x0, 0x0, 0x1, 0xdf, 0xff,
    0xff, 0xff, 0xfd, 0x10, 0x0, 0x0, 0x0, 0x0,
    0x0, 0x0, 0x1d, 0xff, 0xff, 0xff, 0xd1, 0x0,
    0x0, 0x0, 0x0, 0x0, 0x0, 0x0, 0x1, 0xdf,
    0xff, 0xfd, 0x10, 0x0, 0x0, 0x0, 0x0, 0x0,
    0x0, 0x0, 0x0, 0x1d, 0xff, 0xd1, 0x0, 0x0,
    0x0, 0x0, 0x0, 0x0, 0x0, 0x0, 0x0, 0x1,
    0xcc, 0x10, 0x0, 0x0, 0x0, 0x0, 0x0, 0x0,

    /* U+F00D "" */
    0x1, 0x41, 0x0, 0x0, 0x0, 0x0, 0x3, 0x30,
    0x1, 0xdf, 0xd1, 0x0, 0x0, 0x0, 0x7, 0xff,
    0x70, 0xcf, 0xff, 0xd1, 0x0, 0x0, 0x7, 0xff,
    0xff, 0x4e, 0xff, 0xff, 0xd1, 0x0, 0x7, 0xff,
    0xff, 0xf6, 0x4f, 0xff, 0xff, 0xd1, 0x7, 0xff,
    0xff, 0xfb, 0x0, 0x4f, 0xff, 0xff, 0xd8, 0xff,
    0xff, 0xfb, 0x0, 0x0, 0x4f, 0xff, 0xff, 0xff,
    0xff, 0xfb, 0x0, 0x0, 0x0, 0x4f, 0xff, 0xff,
    0xff, 0xfb, 0x0, 0x0, 0x0, 0x0, 0x4f, 0xff,
    0xff, 0xfc, 0x0, 0x0, 0x0, 0x0, 0x7, 0xff,
    0xff, 0xff, 0xd1, 0x0, 0x0, 0x0, 0x7, 0xff,
    0xff, 0xff, 0xff, 0xd1, 0x0, 0x0, 0x7, 0xff,
    0xff, 0xff, 0xff, 0xff, 0xd1, 0x0, 0x7, 0xff,
    0xff, 0xfb, 0x5f, 0xff, 0xff, 0xd1, 0x7, 0xff,
    0xff, 0xfb, 0x0, 0x4f, 0xff, 0xff, 0xd1, 0xff,
    0xff, 0xfb, 0x0, 0x0, 0x4f, 0xff, 0xff, 0x7a,
    0xff, 0xfb, 0x0, 0x0, 0x0, 0x4f, 0xff, 0xf3,
    0xb, 0xfb, 0x0, 0x0, 0x0, 0x0, 0x4f, 0xf4,
    0x0, 0x1, 0x0, 0x0, 0x0, 0x0, 0x0, 0x0,
    0x0,

    /* U+F011 "" */
    0x0, 0x0, 0x0, 0x0, 0x0, 0xaf, 0xf8, 0x0,
    0x0, 0x0, 0x0, 0x0, 0x0, 0x0, 0x0, 0x0,
    0x0, 0xef, 0xfd, 0x0, 0x0, 0x0, 0x0, 0x0,
    0x0, 0x0, 0x8, 0x60, 0x0, 0xef, 0xfd, 0x0,
    0x7, 0x70, 0x0, 0x0, 0x0, 0x1, 0xcf, 0xf3,
    0x0, 0xef, 0xfd, 0x0, 0x5f, 0xfb, 0x0, 0x0,
    0x0, 0xc, 0xff, 0xfb, 0x0, 0xef, 0xfd, 0x0,
    0xcf, 0xff, 0xb0, 0x0, 0x0, 0x9f, 0xff, 0xf6,
    0x0, 0xef, 0xfd, 0x0, 0x7f, 0xff, 0xf7, 0x0,
    0x3, 0xff, 0xff, 0x60, 0x0, 0xef, 0xfd, 0x0,
    0x8, 0xff, 0xff, 0x20, 0xa, 0xff, 0xf9, 0x0,
    0x0, 0xef, 0xfd, 0x0, 0x0, 0xbf, 0xff, 0x90,
    0x1f, 0xff, 0xe0, 0x0, 0x0, 0xef, 0xfd, 0x0,
    0x0, 0x1f, 0xff, 0xf0, 0x5f, 0xff, 0x90, 0x0,
    0x0, 0xef, 0xfd, 0x0, 0x0, 0xa, 0xff, 0xf3,
    0x8f, 0xff, 0x40, 0x0, 0x0, 0xef, 0xfd, 0x0,
    0x0, 0x6, 0xff, 0xf6, 0x9f, 0xff, 0x20, 0x0,
    0x0, 0xef, 0xfd, 0x0, 0x0, 0x4, 0xff, 0xf8,
    0x9f, 0xff, 0x20, 0x0, 0x0, 0xef, 0xfc, 0x0,
    0x0, 0x4, 0xff, 0xf7, 0x8f, 0xff, 0x40, 0x0,
    0x0, 0x37, 0x72, 0x0, 0x0, 0x6, 0xff, 0xf6,
    0x5f, 0xff, 0x80, 0x0, 0x0, 0x0, 0x0, 0x0,
    0x0, 0xa, 0xff, 0xf4, 0x1f, 0xff, 0xe0, 0x0,
    0x0, 0x0, 0x0, 0x0, 0x0, 0x1f, 0xff, 0xf0,
    0xb, 0xff, 0xf8, 0x0, 0x0, 0x0, 0x0, 0x0,
    0x0, 0xaf, 0xff, 0xa0, 0x3, 0xff, 0xff, 0x60,
    0x0, 0x0, 0x0, 0x0, 0x7, 0xff, 0xff, 0x20,
    0x0, 0xaf, 0xff, 0xf8, 0x0, 0x0, 0x0, 0x1,
    0x9f, 0xff, 0xf8, 0x0, 0x0, 0xd, 0xff, 0xff,
    0xe8, 0x42, 0x24, 0x9e, 0xff, 0xff, 0xb0, 0x0,
    0x0, 0x1, 0xdf, 0xff, 0xff, 0xff, 0xff, 0xff,
    0xff, 0xfb, 0x10, 0x0, 0x0, 0x0, 0xa, 0xff,
    0xff, 0xff, 0xff, 0xff, 0xff, 0x90, 0x0, 0x0,
    0x0, 0x0, 0x0, 0x3b, 0xff, 0xff, 0xff, 0xff,
    0xb3, 0x0, 0x0, 0x0, 0x0, 0x0, 0x0, 0x0,
    0x15, 0x89, 0x97, 0x51, 0x0, 0x0, 0x0, 0x0,

    /* U+F013 "" */
    0x0, 0x0, 0x0, 0x0, 0x4, 0x89, 0x98, 0x40,
    0x0, 0x0, 0x0, 0x0, 0x0, 0x0, 0x0, 0x0,
    0xf, 0xff, 0xff, 0xf0, 0x0, 0x0, 0x0, 0x0,
    0x0, 0x0, 0x0, 0x0, 0xf, 0xff, 0xff, 0xf0,
    0x0, 0x0, 0x0, 0x0, 0x0, 0x0, 0x0, 0x0,
    0x4f, 0xff, 0xff, 0xf4, 0x0, 0x0, 0x0, 0x0,
    0x0, 0xc, 0xc3, 0x2c, 0xff, 0xff, 0xff, 0xff,
    0xc2, 0x3c, 0xc0, 0x0, 0x0, 0x8f, 0xff, 0xff,
    0xff, 0xff, 0xff, 0xff, 0xff, 0xff, 0xf8, 0x0,
    0x3, 0xff, 0xff, 0xff, 0xff, 0xff, 0xff, 0xff,
    0xff, 0xff, 0xff, 0x30, 0xa, 0xff, 0xff, 0xff,
    0xff, 0xff, 0xff, 0xff, 0xff, 0xff, 0xff, 0xa0,
    0xf, 0xff, 0xff, 0xff, 0xff, 0x94, 0x49, 0xff,
    0xff, 0xff, 0xff, 0xf0, 0x6, 0xef, 0xff, 0xff,
    0xf4, 0x0, 0x0, 0x4f, 0xff, 0xff, 0xfe, 0x60,
    0x0, 0x1e, 0xff, 0xff, 0x90, 0x0, 0x0, 0x9,
    0xff, 0xff, 0xe1, 0x0, 0x0, 0xf, 0xff, 0xff,
    0x40, 0x0, 0x0, 0x4, 0xff, 0xff, 0xf0, 0x0,
    0x0, 0xf, 0xff, 0xff, 0x40, 0x0, 0x0, 0x4,
    0xff, 0xff, 0xf0, 0x0, 0x0, 0x1e, 0xff, 0xff,
    0x90, 0x0, 0x0, 0x9, 0xff, 0xff, 0xe1, 0x0,
    0x6, 0xef, 0xff, 0xff, 0xf4, 0x0, 0x0, 0x4f,
    0xff, 0xff, 0xfe, 0x60, 0xf, 0xff, 0xff, 0xff,
    0xff, 0x94, 0x49, 0xff, 0xff, 0xff, 0xff, 0xf0,
    0xa, 0xff, 0xff, 0xff, 0xff, 0xff, 0xff, 0xff,
    0xff, 0xff, 0xff, 0xa0, 0x3, 0xff, 0xff, 0xff,
    0xff, 0xff, 0xff, 0xff, 0xff, 0xff, 0xff, 0x30,
    0x0, 0x8f, 0xff, 0xff, 0xff, 0xff, 0xff, 0xff,
    0xff, 0xff, 0xf8, 0x0, 0x0, 0xc, 0xc3, 0x2c,
    0xff, 0xff, 0xff, 0xff, 0xc2, 0x3c, 0xc0, 0x0,
    0x0, 0x0, 0x0, 0x0, 0x4f, 0xff, 0xff, 0xf4,
    0x0, 0x0, 0x0, 0x0, 0x0, 0x0, 0x0, 0x0,
    0xf, 0xff, 0xff, 0xf0, 0x0, 0x0, 0x0, 0x0,
    0x0, 0x0, 0x0, 0x0, 0xf, 0xff, 0xff, 0xf0,
    0x0, 0x0, 0x0, 0x0, 0x0, 0x0, 0x0, 0x0,
    0x4, 0x89, 0x98, 0x40, 0x0, 0x0, 0x0, 0x0,

    /* U+F015 "" */
    0x0, 0x0, 0x0, 0x0, 0x0, 0x0, 0x13, 0x10,
    0x0, 0x2, 0x44, 0x20, 0x0, 0x0, 0x0, 0x0,
    0x0, 0x0, 0x0, 0x5f, 0xfe, 0x40, 0x0, 0xdf,
    0xfd, 0x0, 0x0, 0x0, 0x0, 0x0, 0x0, 0x0,
    0x7f, 0xff, 0xff, 0x70, 0xe, 0xff, 0xe0, 0x0,
    0x0, 0x0, 0x0, 0x0, 0x0, 0xaf, 0xff, 0xff,
    0xff, 0xa0, 0xef, 0xfe, 0x0, 0x0, 0x0, 0x0,
    0x0, 0x1, 0xcf, 0xff, 0xb3, 0xbf, 0xff, 0xce,
    0xff, 0xe0, 0x0, 0x0, 0x0, 0x0, 0x3, 0xef,
    0xff, 0x90, 0x0, 0x9f, 0xff, 0xff, 0xfe, 0x0,
    0x0, 0x0, 0x0, 0x6, 0xff, 0xff, 0x60, 0x5d,
    0x50, 0x6f, 0xff, 0xff, 0xe0, 0x0, 0x0, 0x0,
    0x8, 0xff, 0xfe, 0x30, 0x8f, 0xff, 0x80, 0x3e,
    0xff, 0xfe, 0x0, 0x0, 0x0, 0x1b, 0xff, 0xfd,
    0x20, 0xaf, 0xff, 0xff, 0xa0, 0x2d, 0xff, 0xfb,
    0x0, 0x0, 0x2d, 0xff, 0xfb, 0x1, 0xcf, 0xff,
    0xff, 0xff, 0xc1, 0xb, 0xff, 0xfd, 0x20, 0x4f,
    0xff, 0xf8, 0x3, 0xef, 0xff, 0xff, 0xff, 0xff,
    0xe3, 0x8, 0xff, 0xfe, 0x4e, 0xff, 0xf5, 0x5,
    0xff, 0xff, 0xff, 0xff, 0xff, 0xff, 0xf5, 0x5,
    0xff, 0xfe, 0x4f, 0xe3, 0x8, 0xff, 0xff, 0xff,
    0xff, 0xff, 0xff, 0xff, 0xf8, 0x3, 0xef, 0x40,
    0x41, 0x7, 0xff, 0xff, 0xff, 0xff, 0xff, 0xff,
    0xff, 0xff, 0xf7, 0x1, 0x40, 0x0, 0x0, 0x8f,
    0xff, 0xff, 0xff, 0xff, 0xff, 0xff, 0xff, 0xff,
    0x80, 0x0, 0x0, 0x0, 0x8, 0xff, 0xff, 0xff,
    0xeb, 0xbb, 0xef, 0xff, 0xff, 0xf8, 0x0, 0x0,
    0x0, 0x0, 0x8f, 0xff, 0xff, 0xf4, 0x0, 0x4,
    0xff, 0xff, 0xff, 0x80, 0x0, 0x0, 0x0, 0x8,
    0xff, 0xff, 0xff, 0x40, 0x0, 0x4f, 0xff, 0xff,
    0xf8, 0x0, 0x0, 0x0, 0x0, 0x8f, 0xff, 0xff,
    0xf4, 0x0, 0x4, 0xff, 0xff, 0xff, 0x80, 0x0,
    0x0, 0x0, 0x8, 0xff, 0xff, 0xff, 0x40, 0x0,
    0x4f, 0xff, 0xff, 0xf8, 0x0, 0x0, 0x0, 0x0,
    0x7f, 0xff, 0xff, 0xf3, 0x0, 0x3, 0xff, 0xff,
    0xff, 0x70, 0x0, 0x0, 0x0, 0x3, 0xbb, 0xbb,
    0xba, 0x10, 0x0, 0x1a, 0xbb, 0xbb, 0xb3, 0x0,
    0x0,

    /* U+F019 "" */
    0x0, 0x0, 0x0, 0x0, 0x9, 0xdd, 0xdd, 0x90,
    0x0, 0x0, 0x0, 0x0, 0x0, 0x0, 0x0, 0x0,
    0xf, 0xff, 0xff, 0xf0, 0x0, 0x0, 0x0, 0x0,
    0x0, 0x0, 0x0, 0x0, 0xf, 0xff, 0xff, 0xf0,
    0x0, 0x0, 0x0, 0x0, 0x0, 0x0, 0x0, 0x0,
    0xf, 0xff, 0xff, 0xf0, 0x0, 0x0, 0x0, 0x0,
    0x0, 0x0, 0x0, 0x0, 0xf, 0xff, 0xff, 0xf0,
    0x0, 0x0, 0x0, 0x0, 0x0, 0x0, 0x0, 0x0,
    0xf, 0xff, 0xff, 0xf0, 0x0, 0x0, 0x0, 0x0,
    0x0, 0x0, 0x0, 0x0, 0xf, 0xff, 0xff, 0xf0,
    0x0, 0x0, 0x0, 0x0, 0x0, 0x0, 0x0, 0x0,
    0xf, 0xff, 0xff, 0xf0, 0x0, 0x0, 0x0, 0x0,
    0x0, 0x0, 0x0, 0x0, 0xf, 0xff, 0xff, 0xf0,
    0x0, 0x0, 0x0, 0x0, 0x0, 0x0, 0xad, 0xdd,
    0xdf, 0xff, 0xff, 0xfd, 0xdd, 0xda, 0x0, 0x0,
    0x0, 0x0, 0xdf, 0xff, 0xff, 0xff, 0xff, 0xff,
    0xff, 0xfd, 0x0, 0x0, 0x0, 0x0, 0x1d, 0xff,
    0xff, 0xff, 0xff, 0xff, 0xff, 0xd1, 0x0, 0x0,
    0x0, 0x0, 0x1, 0xdf, 0xff, 0xff, 0xff, 0xff,
    0xfd, 0x10, 0x0, 0x0, 0x0, 0x0, 0x0, 0x1d,
    0xff, 0xff, 0xff, 0xff, 0xd1, 0x0, 0x0, 0x0,
    0x0, 0x0, 0x0, 0x1, 0xdf, 0xff, 0xff, 0xfd,
    0x10, 0x0, 0x0, 0x0, 0x0, 0x0, 0x0, 0x0,
    0x1d, 0xff, 0xff, 0xd1, 0x0, 0x0, 0x0, 0x0,
    0x25, 0x55, 0x55, 0x55, 0x11, 0xdf, 0xfd, 0x11,
    0x55, 0x55, 0x55, 0x52, 0xef, 0xff, 0xff, 0xff,
    0xd1, 0x1d, 0xd1, 0x1d, 0xff, 0xff, 0xff, 0xfe,
    0xff, 0xff, 0xff, 0xff, 0xfd, 0x10, 0x1, 0xdf,
    0xff, 0xff, 0xff, 0xff, 0xff, 0xff, 0xff, 0xff,
    0xff, 0xf9, 0x9f, 0xff, 0xff, 0xff, 0xff, 0xff,
    0xff, 0xff, 0xff, 0xff, 0xff, 0xff, 0xff, 0xff,
    0xff, 0xff, 0xff, 0xff, 0xff, 0xff, 0xff, 0xff,
    0xff, 0xff, 0xff, 0xff, 0x71, 0xe7, 0x1e, 0xff,
    0xff, 0xff, 0xff, 0xff, 0xff, 0xff, 0xff, 0xff,
    0xb6, 0xfb, 0x6f, 0xff, 0xbf, 0xff, 0xff, 0xff,
    0xff, 0xff, 0xff, 0xff, 0xff, 0xff, 0xff, 0xfb,

    /* U+F01C "" */
    0x0, 0x0, 0x3, 0xcf, 0xff, 0xff, 0xff, 0xff,
    0xff, 0xff, 0xd3, 0x0, 0x0, 0x0, 0x0, 0x1,
    0xef, 0xff, 0xff, 0xff, 0xff, 0xff, 0xff, 0xff,
    0xe1, 0x0, 0x0, 0x0, 0x0, 0xaf, 0xff, 0xff,
    0xff, 0xff, 0xff, 0xff, 0xff, 0xff, 0xa0, 0x0,
    0x0, 0x0, 0x5f, 0xff, 0x40, 0x0, 0x0, 0x0,
    0x0, 0x0, 0x4f, 0xff, 0x50, 0x0, 0x0, 0x1e,
    0xff, 0x90, 0x0, 0x0, 0x0, 0x0, 0x0, 0x0,
    0x9f, 0xfe, 0x10, 0x0, 0xa, 0xff, 0xe0, 0x0,
    0x0, 0x0, 0x0, 0x0, 0x0, 0x0, 0xef, 0xfa,
    0x0, 0x5, 0xff, 0xf4, 0x0, 0x0, 0x0, 0x0,
    0x0, 0x0, 0x0, 0x4, 0xff, 0xf5, 0x1, 0xef,
    0xf9, 0x0, 0x0, 0x0, 0x0, 0x0, 0x0, 0x0,
    0x0, 0x9, 0xff, 0xe1, 0xaf, 0xfe, 0x0, 0x0,
    0x0, 0x0, 0x0, 0x0, 0x0, 0x0, 0x0, 0xe,
    0xff, 0xaf, 0xff, 0xff, 0xff, 0xff, 0x90, 0x0,
    0x0, 0x0, 0xaf, 0xff, 0xff, 0xff, 0xff, 0xff,
    0xff, 0xff, 0xff, 0xff, 0x20, 0x0, 0x0, 0x2f,
    0xff, 0xff, 0xff, 0xff, 0xff, 0xff, 0xff, 0xff,
    0xff, 0xf9, 0x0, 0x0, 0xa, 0xff, 0xff, 0xff,
    0xff, 0xff, 0xff, 0xff, 0xff, 0xff, 0xff, 0xff,
    0xff, 0xff, 0xff, 0xff, 0xff, 0xff, 0xff, 0xff,
    0xff, 0xff, 0xff, 0xff, 0xff, 0xff, 0xff, 0xff,
    0xff, 0xff, 0xff, 0xff, 0xff, 0xff, 0xff, 0xff,
    0xff, 0xff, 0xff, 0xff, 0xff, 0xff, 0xff, 0xff,
    0xff, 0xff, 0xff, 0xff, 0xff, 0xff, 0xff, 0xff,
    0xff, 0xff, 0xff, 0xff, 0xff, 0xff, 0xff, 0xff,
    0xdf, 0xff, 0xff, 0xff, 0xff, 0xff, 0xff, 0xff,
    0xff, 0xff, 0xff, 0xff, 0xff, 0xd3, 0xdf, 0xff,
    0xff, 0xff, 0xff, 0xff, 0xff, 0xff, 0xff, 0xff,
    0xff, 0xff, 0xd3,

    /* U+F021 "" */
    0x0, 0x0, 0x0, 0x0, 0x0, 0x0, 0x0, 0x0,
    0x0, 0x0, 0x3, 0x32, 0x0, 0x0, 0x0, 0x0,
    0x3, 0x67, 0x75, 0x20, 0x0, 0x0, 0x4f, 0xff,
    0x0, 0x0, 0x0, 0x29, 0xff, 0xff, 0xff, 0xfd,
    0x70, 0x0, 0x4f, 0xff, 0x0, 0x0, 0x8, 0xff,
    0xff, 0xff, 0xff, 0xff, 0xfe, 0x60, 0x3f, 0xff,
    0x0, 0x1, 0xcf, 0xff, 0xff, 0xfe, 0xef, 0xff,
    0xff, 0xfb, 0x3f, 0xff, 0x0, 0xd, 0xff, 0xff,
    0xb4, 0x0, 0x0, 0x5b, 0xff, 0xff, 0xdf, 0xff,
    0x0, 0xaf, 0xff, 0xe4, 0x0, 0x0, 0x0, 0x0,
    0x4d, 0xff, 0xff, 0xff, 0x4, 0xff, 0xfd, 0x10,
    0x0, 0x0, 0x0, 0x0, 0x0, 0xcf, 0xff, 0xff,
    0xc, 0xff, 0xf2, 0x0, 0x0, 0x0, 0x6, 0xff,
    0xee, 0xef, 0xff, 0xff, 0x1f, 0xff, 0x80, 0x0,
    0x0, 0x0, 0x8, 0xff, 0xff, 0xff, 0xff, 0xff,
    0x5f, 0xff, 0x10, 0x0, 0x0, 0x0, 0x7, 0xff,
    0xff, 0xff, 0xff, 0xff, 0x4, 0x43, 0x0, 0x0,
    0x0, 0x0, 0x1, 0x44, 0x44, 0x44, 0x44, 0x43,
    0x0, 0x0, 0x0, 0x0, 0x0, 0x0, 0x0, 0x0,
    0x0, 0x0, 0x0, 0x0, 0x0, 0x0, 0x0, 0x0,
    0x0, 0x0, 0x0, 0x0, 0x0, 0x0, 0x0, 0x0,
    0x34, 0x44, 0x44, 0x44, 0x44, 0x0, 0x0, 0x0,
    0x0, 0x0, 0x34, 0x40, 0xff, 0xff, 0xff, 0xff,
    0xff, 0x70, 0x0, 0x0, 0x0, 0x1, 0xff, 0xf5,
    0xff, 0xff, 0xff, 0xff, 0xff, 0x80, 0x0, 0x0,
    0x0, 0x8, 0xff, 0xf1, 0xff, 0xff, 0xfd, 0xee,
    0xff, 0x60, 0x0, 0x0, 0x0, 0x2f, 0xff, 0xb0,
    0xff, 0xff, 0xfb, 0x0, 0x0, 0x0, 0x0, 0x0,
    0x1, 0xdf, 0xff, 0x40, 0xff, 0xff, 0xff, 0xd3,
    0x0, 0x0, 0x0, 0x0, 0x4e, 0xff, 0xfa, 0x0,
    0xff, 0xfe, 0xff, 0xff, 0xb5, 0x0, 0x0, 0x4b,
    0xff, 0xff, 0xd0, 0x0, 0xff, 0xf3, 0xbf, 0xff,
    0xff, 0xfe, 0xef, 0xff, 0xff, 0xfc, 0x10, 0x0,
    0xff, 0xf3, 0x6, 0xff, 0xff, 0xff, 0xff, 0xff,
    0xff, 0x80, 0x0, 0x0, 0xff, 0xf4, 0x0, 0x17,
    0xdf, 0xff, 0xff, 0xff, 0xa2, 0x0, 0x0, 0x0,
    0xff, 0xf4, 0x0, 0x0, 0x2, 0x67, 0x76, 0x30,
    0x0, 0x0, 0x0, 0x0, 0x23, 0x30, 0x0, 0x0,
    0x0, 0x0, 0x0, 0x0, 0x0, 0x0, 0x0, 0x0,

    /* U+F026 "" */
    0x0, 0x0, 0x0, 0x0, 0x1, 0xa7, 0x0, 0x0,
    0x0, 0x0, 0x1c, 0xff, 0x0, 0x0, 0x0, 0x1,
    0xcf, 0xff, 0x0, 0x0, 0x0, 0x1c, 0xff, 0xff,
    0x14, 0x44, 0x44, 0xcf, 0xff, 0xff, 0xef, 0xff,
    0xff, 0xff, 0xff, 0xff, 0xff, 0xff, 0xff, 0xff,
    0xff, 0xff, 0xff, 0xff, 0xff, 0xff, 0xff, 0xff,
    0xff, 0xff, 0xff, 0xff, 0xff, 0xff, 0xff, 0xff,
    0xff, 0xff, 0xff, 0xff, 0xff, 0xff, 0xff, 0xff,
    0xff, 0xff, 0xff, 0xff, 0xff, 0xff, 0xff, 0xff,
    0xff, 0xff, 0xff, 0xff, 0xff, 0xff, 0x7b, 0xbb,
    0xbb, 0xff, 0xff, 0xff, 0x0, 0x0, 0x0, 0x5f,
    0xff, 0xff, 0x0, 0x0, 0x0, 0x5, 0xff, 0xff,
    0x0, 0x0, 0x0, 0x0, 0x5f, 0xff, 0x0, 0x0,
    0x0, 0x0, 0x5, 0xfd, 0x0, 0x0, 0x0, 0x0,
    0x0, 0x10,

    /* U+F027 "" */
    0x0, 0x0, 0x0, 0x0, 0x0, 0x96, 0x0, 0x0,
    0x0, 0x0, 0x0, 0x0, 0x0, 0xc, 0xff, 0x0,
    0x0, 0x0, 0x0, 0x0, 0x0, 0x0, 0xcf, 0xff,
    0x0, 0x0, 0x0, 0x0, 0x0, 0x0, 0xc, 0xff,
    0xff, 0x0, 0x0, 0x0, 0x13, 0x33, 0x33, 0xcf,
    0xff, 0xff, 0x0, 0x0, 0x0, 0xdf, 0xff, 0xff,
    0xff, 0xff, 0xff, 0x0, 0x4a, 0x20, 0xff, 0xff,
    0xff, 0xff, 0xff, 0xff, 0x0, 0xcf, 0xe1, 0xff,
    0xff, 0xff, 0xff, 0xff, 0xff, 0x0, 0x3e, 0xfa,
    0xff, 0xff, 0xff, 0xff, 0xff, 0xff, 0x0, 0x6,
    0xfe, 0xff, 0xff, 0xff, 0xff, 0xff, 0xff, 0x0,
    0x5, 0xfe, 0xff, 0xff, 0xff, 0xff, 0xff, 0xff,
    0x0, 0x2e, 0xfa, 0xff, 0xff, 0xff, 0xff, 0xff,
    0xff, 0x0, 0xcf, 0xf2, 0xff, 0xff, 0xff, 0xff,
    0xff, 0xff, 0x0, 0x5b, 0x30, 0x7c, 0xcc, 0xcc,
    0xff, 0xff, 0xff, 0x0, 0x0, 0x0, 0x0, 0x0,
    0x0, 0x5f, 0xff, 0xff, 0x0, 0x0, 0x0, 0x0,
    0x0, 0x0, 0x5, 0xff, 0xff, 0x0, 0x0, 0x0,
    0x0, 0x0, 0x0, 0x0, 0x5f, 0xff, 0x0, 0x0,
    0x0, 0x0, 0x0, 0x0, 0x0, 0x5, 0xfd, 0x0,
    0x0, 0x0, 0x0, 0x0, 0x0, 0x0, 0x0, 0x21,
    0x0, 0x0, 0x0,

    /* U+F028 "" */
    0x0, 0x0, 0x0, 0x0, 0x0, 0x0, 0x0, 0x0,
    0x0, 0x0, 0x30, 0x0, 0x0, 0x0, 0x0, 0x0,
    0x0, 0x0, 0x0, 0x0, 0x0, 0x0, 0x0, 0xaf,
    0xb1, 0x0, 0x0, 0x0, 0x0, 0x0, 0x0, 0x0,
    0x0, 0x0, 0x0, 0x0, 0x7, 0xff, 0xd1, 0x0,
    0x0, 0x0, 0x0, 0x0, 0x0, 0x1a, 0x70, 0x0,
    0x0, 0x0, 0x6, 0xff, 0xd0, 0x0, 0x0, 0x0,
    0x0, 0x0, 0x1c, 0xff, 0x0, 0x0, 0x6, 0x30,
    0x5, 0xff, 0xa0, 0x0, 0x0, 0x0, 0x0, 0x1c,
    0xff, 0xf0, 0x0, 0x3, 0xff, 0x70, 0x8, 0xff,
    0x40, 0x0, 0x0, 0x0, 0x1c, 0xff, 0xff, 0x0,
    0x0, 0xc, 0xff, 0x70, 0xc, 0xfc, 0x1, 0x44,
    0x44, 0x4c, 0xff, 0xff, 0xf0, 0x0, 0x0, 0xa,
    0xff, 0x30, 0x4f, 0xf3, 0xef, 0xff, 0xff, 0xff,
    0xff, 0xff, 0x0, 0x5a, 0x20, 0xc, 0xfb, 0x0,
    0xdf, 0x8f, 0xff, 0xff, 0xff, 0xff, 0xff, 0xf0,
    0xc, 0xfe, 0x20, 0x4f, 0xf1, 0x8, 0xfb, 0xff,
    0xff, 0xff, 0xff, 0xff, 0xff, 0x0, 0x2e, 0xfa,
    0x0, 0xff, 0x50, 0x5f, 0xef, 0xff, 0xff, 0xff,
    0xff, 0xff, 0xf0, 0x0, 0x6f, 0xe0, 0xc, 0xf7,
    0x4, 0xff, 0xff, 0xff, 0xff, 0xff, 0xff, 0xff,
    0x0, 0x6, 0xfe, 0x0, 0xcf, 0x70, 0x4f, 0xff,
    0xff, 0xff, 0xff, 0xff, 0xff, 0xf0, 0x2, 0xef,
    0xa0, 0xf, 0xf5, 0x6, 0xfe, 0xff, 0xff, 0xff,
    0xff, 0xff, 0xff, 0x0, 0xcf, 0xe2, 0x4, 0xff,
    0x10, 0x9f, 0xbf, 0xff, 0xff, 0xff, 0xff, 0xff,
    0xf0, 0x4, 0xa2, 0x0, 0xcf, 0xb0, 0xd, 0xf8,
    0x7b, 0xbb, 0xbb, 0xff, 0xff, 0xff, 0x0, 0x0,
    0x0, 0xaf, 0xf3, 0x4, 0xff, 0x30, 0x0, 0x0,
    0x5, 0xff, 0xff, 0xf0, 0x0, 0x0, 0xcf, 0xf7,
    0x0, 0xcf, 0xc0, 0x0, 0x0, 0x0, 0x5, 0xff,
    0xff, 0x0, 0x0, 0x3f, 0xf7, 0x0, 0x6f, 0xf4,
    0x0, 0x0, 0x0, 0x0, 0x5, 0xff, 0xf0, 0x0,
    0x0, 0x53, 0x0, 0x4f, 0xfa, 0x0, 0x0, 0x0,
    0x0, 0x0, 0x5, 0xfd, 0x0, 0x0, 0x0, 0x0,
    0x6f, 0xfd, 0x0, 0x0, 0x0, 0x0, 0x0, 0x0,
    0x1, 0x0, 0x0, 0x0, 0x0, 0x7f, 0xfd, 0x10,
    0x0, 0x0, 0x0, 0x0, 0x0, 0x0, 0x0, 0x0,
    0x0, 0x0, 0x9, 0xfb, 0x10, 0x0, 0x0, 0x0,
    0x0, 0x0, 0x0, 0x0, 0x0, 0x0, 0x0, 0x0,
    0x3, 0x0, 0x0, 0x0,

    /* U+F03E "" */
    0x3d, 0xff, 0xff, 0xff, 0xff, 0xff, 0xff, 0xff,
    0xff, 0xff, 0xff, 0xd3, 0xdf, 0xff, 0xff, 0xff,
    0xff, 0xff, 0xff, 0xff, 0xff, 0xff, 0xff, 0xfd,
    0xff, 0xff, 0xca, 0xef, 0xff, 0xff, 0xff, 0xff,
    0xff, 0xff, 0xff, 0xff, 0xff, 0xf6, 0x0, 0x1d,
    0xff, 0xff, 0xff, 0xff, 0xff, 0xff, 0xff, 0xff,
    0xff, 0xc0, 0x0, 0x4, 0xff, 0xff, 0xff, 0xff,
    0xff, 0xff, 0xff, 0xff, 0xff, 0xa0, 0x0, 0x2,
    0xff, 0xff, 0xff, 0xff, 0x9f, 0xff, 0xff, 0xff,
    0xff, 0xe1, 0x0, 0x8, 0xff, 0xff, 0xff, 0xf4,
    0x4, 0xff, 0xff, 0xff, 0xff, 0xfc, 0x42, 0x8f,
    0xff, 0xff, 0xff, 0x40, 0x0, 0x4f, 0xff, 0xff,
    0xff, 0xff, 0xff, 0xff, 0xff, 0xff, 0xf4, 0x0,
    0x0, 0x4, 0xff, 0xff, 0xff, 0xff, 0xff, 0x6b,
    0xff, 0xff, 0x40, 0x0, 0x0, 0x0, 0x4f, 0xff,
    0xff, 0xff, 0xf4, 0x0, 0xbf, 0xf4, 0x0, 0x0,
    0x0, 0x0, 0xf, 0xff, 0xff, 0xff, 0x40, 0x0,
    0xb, 0x40, 0x0, 0x0, 0x0, 0x0, 0xf, 0xff,
    0xff, 0xf4, 0x0, 0x0, 0x0, 0x0, 0x0, 0x0,
    0x0, 0x0, 0xf, 0xff, 0xff, 0xf0, 0x0, 0x0,
    0x0, 0x0, 0x0, 0x0, 0x0, 0x0, 0xf, 0xff,
    0xff, 0xf0, 0x0, 0x0, 0x0, 0x0, 0x0, 0x0,
    0x0, 0x0, 0xf, 0xff, 0xff, 0xff, 0xff, 0xff,
    0xff, 0xff, 0xff, 0xff, 0xff, 0xff, 0xff, 0xff,
    0xdf, 0xff, 0xff, 0xff, 0xff, 0xff, 0xff, 0xff,
    0xff, 0xff, 0xff, 0xfd, 0x3d, 0xff, 0xff, 0xff,
    0xff, 0xff, 0xff, 0xff, 0xff, 0xff, 0xff, 0xd3,

    /* U+F043 "" */
    0x0, 0x0, 0x0, 0xc, 0xe3, 0x0, 0x0, 0x0,
    0x0, 0x0, 0x0, 0x5, 0xff, 0xa0, 0x0, 0x0,
    0x0, 0x0, 0x0, 0x0, 0xbf, 0xff, 0x0, 0x0,
    0x0, 0x0, 0x0, 0x0, 0x2f, 0xff, 0xf6, 0x0,
    0x0, 0x0, 0x0, 0x0, 0x9, 0xff, 0xff, 0xd0,
    0x0, 0x0, 0x0, 0x0, 0x1, 0xff, 0xff, 0xff,
    0x50, 0x0, 0x0, 0x0, 0x0, 0xaf, 0xff, 0xff,
    0xfe, 0x0, 0x0, 0x0, 0x0, 0x4f, 0xff, 0xff,
    0xff, 0xf8, 0x0, 0x0, 0x0, 0x1e, 0xff, 0xff,
    0xff, 0xff, 0xf4, 0x0, 0x0, 0xa, 0xff, 0xff,
    0xff, 0xff, 0xff, 0xe0, 0x0, 0x5, 0xff, 0xff,
    0xff, 0xff, 0xff, 0xff, 0x90, 0x0, 0xdf, 0xff,
    0xff, 0xff, 0xff, 0xff, 0xff, 0x20, 0x5f, 0xff,
    0xff, 0xff, 0xff, 0xff, 0xff, 0xf9, 0xa, 0xff,
    0xff, 0xff, 0xff, 0xff, 0xff, 0xff, 0xe0, 0xef,
    0xff, 0xff, 0xff, 0xff, 0xff, 0xff, 0xff, 0x2f,
    0xff, 0x2d, 0xff, 0xff, 0xff, 0xff, 0xff, 0xf4,
    0xef, 0xf1, 0xaf, 0xff, 0xff, 0xff, 0xff, 0xff,
    0x3c, 0xff, 0x44, 0xff, 0xff, 0xff, 0xff, 0xff,
    0xf1, 0x8f, 0xfc, 0x7, 0xff, 0xff, 0xff, 0xff,
    0xfc, 0x1, 0xff, 0xf9, 0x2, 0x7c, 0xff, 0xff,
    0xff, 0x50, 0x7, 0xff, 0xfb, 0x40, 0x6f, 0xff,
    0xff, 0xb0, 0x0, 0xa, 0xff, 0xff, 0xff, 0xff,
    0xff, 0xd1, 0x0, 0x0, 0x8, 0xff, 0xff, 0xff,
    0xff, 0xb0, 0x0, 0x0, 0x0, 0x2, 0x8d, 0xff,
    0xda, 0x40, 0x0, 0x0,

    /* U+F048 "" */
    0x34, 0x40, 0x0, 0x0, 0x0, 0x0, 0x4, 0xf,
    0xff, 0x50, 0x0, 0x0, 0x0, 0x1d, 0xfb, 0xff,
    0xf6, 0x0, 0x0, 0x0, 0x2d, 0xff, 0xff, 0xff,
    0x60, 0x0, 0x0, 0x2e, 0xff, 0xff, 0xff, 0xf6,
    0x0, 0x0, 0x3f, 0xff, 0xff, 0xff, 0xff, 0x60,
    0x0, 0x4f, 0xff, 0xff, 0xff, 0xff, 0xf6, 0x0,
    0x5f, 0xff, 0xff, 0xff, 0xff, 0xff, 0x60, 0x6f,
    0xff, 0xff, 0xff, 0xff, 0xff, 0xf6, 0x8f, 0xff,
    0xff, 0xff, 0xff, 0xff, 0xff, 0xdf, 0xff, 0xff,
    0xff, 0xff, 0xff, 0xff, 0xff, 0xff, 0xff, 0xff,
    0xff, 0xff, 0xff, 0xff, 0xff, 0xff, 0xff, 0xff,
    0xff, 0xff, 0xff, 0xff, 0xff, 0xff, 0xff, 0xff,
    0xff, 0xff, 0xff, 0x8e, 0xff, 0xff, 0xff, 0xff,
    0xff, 0xff, 0xf6, 0x1d, 0xff, 0xff, 0xff, 0xff,
    0xff, 0xff, 0x60, 0x1c, 0xff, 0xff, 0xff, 0xff,
    0xff, 0xf6, 0x0, 0xb, 0xff, 0xff, 0xff, 0xff,
    0xff, 0x60, 0x0, 0xa, 0xff, 0xff, 0xff, 0xff,
    0xf6, 0x0, 0x0, 0x9, 0xff, 0xff, 0xff, 0xff,
    0x60, 0x0, 0x0, 0x7, 0xff, 0xff, 0xff, 0xf6,
    0x0, 0x0, 0x0, 0x6, 0xff, 0xea, 0xbb, 0x30,
    0x0, 0x0, 0x0, 0x5, 0xb4,

    /* U+F04B "" */
    0x0, 0x0, 0x0, 0x0, 0x0, 0x0, 0x0, 0x0,
    0x0, 0x0, 0x3, 0xdf, 0x91, 0x0, 0x0, 0x0,
    0x0, 0x0, 0x0, 0x0, 0x0, 0xdf, 0xff, 0xe6,
    0x0, 0x0, 0x0, 0x0, 0x0, 0x0, 0x0, 0xf,
    0xff, 0xff, 0xfc, 0x30, 0x0, 0x0, 0x0, 0x0,
    0x0, 0x0, 0xff, 0xff, 0xff, 0xff, 0xa1, 0x0,
    0x0, 0x0, 0x0, 0x0, 0xf, 0xff, 0xff, 0xff,
    0xff, 0xf7, 0x0, 0x0, 0x0, 0x0, 0x0, 0xff,
    0xff, 0xff, 0xff, 0xff, 0xfd, 0x40, 0x0, 0x0,
    0x0, 0xf, 0xff, 0xff, 0xff, 0xff, 0xff, 0xff,
    0xa2, 0x0, 0x0, 0x0, 0xff, 0xff, 0xff, 0xff,
    0xff, 0xff, 0xff, 0xf8, 0x0, 0x0, 0xf, 0xff,
    0xff, 0xff, 0xff, 0xff, 0xff, 0xff, 0xfe, 0x50,
    0x0, 0xff, 0xff, 0xff, 0xff, 0xff, 0xff, 0xff,
    0xff, 0xff, 0xb2, 0xf, 0xff, 0xff, 0xff, 0xff,
    0xff, 0xff, 0xff, 0xff, 0xff, 0xf5, 0xff, 0xff,
    0xff, 0xff, 0xff, 0xff, 0xff, 0xff, 0xff, 0xff,
    0xef, 0xff, 0xff, 0xff, 0xff, 0xff, 0xff, 0xff,
    0xff, 0xff, 0xfe, 0xff, 0xff, 0xff, 0xff, 0xff,
    0xff, 0xff, 0xff, 0xff, 0xff, 0x6f, 0xff, 0xff,
    0xff, 0xff, 0xff, 0xff, 0xff, 0xff, 0xfb, 0x20,
    0xff, 0xff, 0xff, 0xff, 0xff, 0xff, 0xff, 0xff,
    0xe5, 0x0, 0xf, 0xff, 0xff, 0xff, 0xff, 0xff,
    0xff, 0xff, 0x80, 0x0, 0x0, 0xff, 0xff, 0xff,
    0xff, 0xff, 0xff, 0xfb, 0x20, 0x0, 0x0, 0xf,
    0xff, 0xff, 0xff, 0xff, 0xff, 0xd4, 0x0, 0x0,
    0x0, 0x0, 0xff, 0xff, 0xff, 0xff, 0xff, 0x70,
    0x0, 0x0, 0x0, 0x0, 0xf, 0xff, 0xff, 0xff,
    0xfa, 0x10, 0x0, 0x0, 0x0, 0x0, 0x0, 0xff,
    0xff, 0xff, 0xd3, 0x0, 0x0, 0x0, 0x0, 0x0,
    0x0, 0xd, 0xff, 0xfe, 0x60, 0x0, 0x0, 0x0,
    0x0, 0x0, 0x0, 0x0, 0x3d, 0xf9, 0x10, 0x0,
    0x0, 0x0, 0x0, 0x0, 0x0, 0x0, 0x0, 0x0,
    0x0, 0x0, 0x0, 0x0, 0x0, 0x0, 0x0, 0x0,
    0x0,

    /* U+F04C "" */
    0x19, 0xcc, 0xcc, 0xc9, 0x10, 0x0, 0x19, 0xcc,
    0xcc, 0xc9, 0x1b, 0xff, 0xff, 0xff, 0xfb, 0x0,
    0xb, 0xff, 0xff, 0xff, 0xfb, 0xff, 0xff, 0xff,
    0xff, 0xf0, 0x0, 0xff, 0xff, 0xff, 0xff, 0xff,
    0xff, 0xff, 0xff, 0xff, 0x0, 0xf, 0xff, 0xff,
    0xff, 0xff, 0xff, 0xff, 0xff, 0xff, 0xf0, 0x0,
    0xff, 0xff, 0xff, 0xff, 0xff, 0xff, 0xff, 0xff,
    0xff, 0x0, 0xf, 0xff, 0xff, 0xff, 0xff, 0xff,
    0xff, 0xff, 0xff, 0xf0, 0x0, 0xff, 0xff, 0xff,
    0xff, 0xff, 0xff, 0xff, 0xff, 0xff, 0x0, 0xf,
    0xff, 0xff, 0xff, 0xff, 0xff, 0xff, 0xff, 0xff,
    0xf0, 0x0, 0xff, 0xff, 0xff, 0xff, 0xff, 0xff,
    0xff, 0xff, 0xff, 0x0, 0xf, 0xff, 0xff, 0xff,
    0xff, 0xff, 0xff, 0xff, 0xff, 0xf0, 0x0, 0xff,
    0xff, 0xff, 0xff, 0xff, 0xff, 0xff, 0xff, 0xff,
    0x0, 0xf, 0xff, 0xff, 0xff, 0xff, 0xff, 0xff,
    0xff, 0xff, 0xf0, 0x0, 0xff, 0xff, 0xff, 0xff,
    0xff, 0xff, 0xff, 0xff, 0xff, 0x0, 0xf, 0xff,
    0xff, 0xff, 0xff, 0xff, 0xff, 0xff, 0xff, 0xf0,
    0x0, 0xff, 0xff, 0xff, 0xff, 0xff, 0xff, 0xff,
    0xff, 0xff, 0x0, 0xf, 0xff, 0xff, 0xff, 0xff,
    0xff, 0xff, 0xff, 0xff, 0xf0, 0x0, 0xff, 0xff,
    0xff, 0xff, 0xff, 0xff, 0xff, 0xff, 0xff, 0x0,
    0xf, 0xff, 0xff, 0xff, 0xff, 0xff, 0xff, 0xff,
    0xff, 0xf0, 0x0, 0xff, 0xff, 0xff, 0xff, 0xfe,
    0xff, 0xff, 0xff, 0xfe, 0x0, 0xe, 0xff, 0xff,
    0xff, 0xfe, 0x5f, 0xff, 0xff, 0xff, 0x50, 0x0,
    0x5f, 0xff, 0xff, 0xff, 0x50, 0x13, 0x33, 0x33,
    0x10, 0x0, 0x0, 0x13, 0x33, 0x33, 0x10,

    /* U+F04D "" */
    0x1, 0x44, 0x44, 0x44, 0x44, 0x44, 0x44, 0x44,
    0x44, 0x41, 0x6, 0xff, 0xff, 0xff, 0xff, 0xff,
    0xff, 0xff, 0xff, 0xff, 0xf6, 0xef, 0xff, 0xff,
    0xff, 0xff, 0xff, 0xff, 0xff, 0xff, 0xff, 0xef,
    0xff, 0xff, 0xff, 0xff, 0xff, 0xff, 0xff, 0xff,
    0xff, 0xff, 0xff, 0xff, 0xff, 0xff, 0xff, 0xff,
    0xff, 0xff, 0xff, 0xff, 0xff, 0xff, 0xff, 0xff,
    0xff, 0xff, 0xff, 0xff, 0xff, 0xff, 0xff, 0xff,
    0xff, 0xff, 0xff, 0xff, 0xff, 0xff, 0xff, 0xff,
    0xff, 0xff, 0xff, 0xff, 0xff, 0xff, 0xff, 0xff,
    0xff, 0xff, 0xff, 0xff, 0xff, 0xff, 0xff, 0xff,
    0xff, 0xff, 0xff, 0xff, 0xff, 0xff, 0xff, 0xff,
    0xff, 0xff, 0xff, 0xff, 0xff, 0xff, 0xff, 0xff,
    0xff, 0xff, 0xff, 0xff, 0xff, 0xff, 0xff, 0xff,
    0xff, 0xff, 0xff, 0xff, 0xff, 0xff, 0xff, 0xff,
    0xff, 0xff, 0xff, 0xff, 0xff, 0xff, 0xff, 0xff,
    0xff, 0xff, 0xff, 0xff, 0xff, 0xff, 0xff, 0xff,
    0xff, 0xff, 0xff, 0xff, 0xff, 0xff, 0xff, 0xff,
    0xff, 0xff, 0xff, 0xff, 0xff, 0xff, 0xff, 0xff,
    0xff, 0xff, 0xff, 0xff, 0xff, 0xff, 0xff, 0xff,
    0xff, 0xff, 0xff, 0xff, 0xff, 0xff, 0xff, 0xff,
    0xff, 0xff, 0xff, 0xff, 0xff, 0xff, 0xff, 0xff,
    0xff, 0xff, 0xff, 0xff, 0xff, 0xff, 0xff, 0xff,
    0xff, 0xff, 0xff, 0xff, 0xff, 0xff, 0xff, 0xff,
    0xff, 0xff, 0xff, 0xff, 0xff, 0xff, 0xff, 0xff,
    0xff, 0xff, 0xff, 0xff, 0xff, 0xff, 0xff, 0xff,
    0xff, 0xff, 0xbf, 0xff, 0xff, 0xff, 0xff, 0xff,
    0xff, 0xff, 0xff, 0xff, 0xb1, 0x8b, 0xbb, 0xbb,
    0xbb, 0xbb, 0xbb, 0xbb, 0xbb, 0xbb, 0x81,

    /* U+F051 "" */
    0x4, 0x0, 0x0, 0x0, 0x0, 0x0, 0x44, 0x3b,
    0xfd, 0x10, 0x0, 0x0, 0x0, 0x5f, 0xff, 0xff,
    0xfd, 0x20, 0x0, 0x0, 0x6, 0xff, 0xff, 0xff,
    0xfe, 0x30, 0x0, 0x0, 0x6f, 0xff, 0xff, 0xff,
    0xff, 0x40, 0x0, 0x6, 0xff, 0xff, 0xff, 0xff,
    0xff, 0x50, 0x0, 0x6f, 0xff, 0xff, 0xff, 0xff,
    0xff, 0x60, 0x6, 0xff, 0xff, 0xff, 0xff, 0xff,
    0xff, 0x70, 0x6f, 0xff, 0xff, 0xff, 0xff, 0xff,
    0xff, 0x86, 0xff, 0xff, 0xff, 0xff, 0xff, 0xff,
    0xff, 0xdf, 0xff, 0xff, 0xff, 0xff, 0xff, 0xff,
    0xff, 0xff, 0xff, 0xff, 0xff, 0xff, 0xff, 0xff,
    0xff, 0xff, 0xff, 0xff, 0xff, 0xff, 0xff, 0xff,
    0xff, 0xff, 0xff, 0xff, 0xff, 0xff, 0xfd, 0x8f,
    0xff, 0xff, 0xff, 0xff, 0xff, 0xfc, 0x16, 0xff,
    0xff, 0xff, 0xff, 0xff, 0xfc, 0x0, 0x6f, 0xff,
    0xff, 0xff, 0xff, 0xfb, 0x0, 0x6, 0xff, 0xff,
    0xff, 0xff, 0xfa, 0x0, 0x0, 0x6f, 0xff, 0xff,
    0xff, 0xf8, 0x0, 0x0, 0x6, 0xff, 0xff, 0xff,
    0xf7, 0x0, 0x0, 0x0, 0x6f, 0xff, 0xef, 0xf6,
    0x0, 0x0, 0x0, 0x6, 0xff, 0xf4, 0xb5, 0x0,
    0x0, 0x0, 0x0, 0x3b, 0xba,

    /* U+F052 "" */
    0x0, 0x0, 0x0, 0x0, 0x0, 0x37, 0x30, 0x0,
    0x0, 0x0, 0x0, 0x0, 0x0, 0x0, 0x0, 0x0,
    0x5f, 0xff, 0x50, 0x0, 0x0, 0x0, 0x0, 0x0,
    0x0, 0x0, 0x0, 0x4f, 0xff, 0xff, 0x40, 0x0,
    0x0, 0x0, 0x0, 0x0, 0x0, 0x0, 0x3f, 0xff,
    0xff, 0xff, 0x30, 0x0, 0x0, 0x0, 0x0, 0x0,
    0x0, 0x2f, 0xff, 0xff, 0xff, 0xfe, 0x20, 0x0,
    0x0, 0x0, 0x0, 0x0, 0x2e, 0xff, 0xff, 0xff,
    0xff, 0xfe, 0x20, 0x0, 0x0, 0x0, 0x0, 0x1d,
    0xff, 0xff, 0xff, 0xff, 0xff, 0xfd, 0x10, 0x0,
    0x0, 0x0, 0xc, 0xff, 0xff, 0xff, 0xff, 0xff,
    0xff, 0xfc, 0x0, 0x0, 0x0, 0xc, 0xff, 0xff,
    0xff, 0xff, 0xff, 0xff, 0xff, 0xfc, 0x0, 0x0,
    0xb, 0xff, 0xff, 0xff, 0xff, 0xff, 0xff, 0xff,
    0xff, 0xfb, 0x0, 0x8, 0xff, 0xff, 0xff, 0xff,
    0xff, 0xff, 0xff, 0xff, 0xff, 0xf8, 0x0, 0xff,
    0xff, 0xff, 0xff, 0xff, 0xff, 0xff, 0xff, 0xff,
    0xff, 0xf0, 0xd, 0xff, 0xff, 0xff, 0xff, 0xff,
    0xff, 0xff, 0xff, 0xff, 0xfd, 0x0, 0x3d, 0xff,
    0xff, 0xff, 0xff, 0xff, 0xff, 0xff, 0xff, 0xfd,
    0x30, 0x0, 0x0, 0x0, 0x0, 0x0, 0x0, 0x0,
    0x0, 0x0, 0x0, 0x0, 0x0, 0x4, 0x44, 0x44,
    0x44, 0x44, 0x44, 0x44, 0x44, 0x44, 0x44, 0x0,
    0xb, 0xff, 0xff, 0xff, 0xff, 0xff, 0xff, 0xff,
    0xff, 0xff, 0xfb, 0x0, 0xff, 0xff, 0xff, 0xff,
    0xff, 0xff, 0xff, 0xff, 0xff, 0xff, 0xf0, 0xf,
    0xff, 0xff, 0xff, 0xff, 0xff, 0xff, 0xff, 0xff,
    0xff, 0xff, 0x0, 0xff, 0xff, 0xff, 0xff, 0xff,
    0xff, 0xff, 0xff, 0xff, 0xff, 0xf0, 0xe, 0xff,
    0xff, 0xff, 0xff, 0xff, 0xff, 0xff, 0xff, 0xff,
    0xfe, 0x0, 0x4b, 0xbb, 0xbb, 0xbb, 0xbb, 0xbb,
    0xbb, 0xbb, 0xbb, 0xbb, 0x40,

    /* U+F053 "" */
    0x0, 0x0, 0x0, 0x0, 0x0, 0x20, 0x0, 0x0,
    0x0, 0x0, 0x0, 0xaf, 0xb0, 0x0, 0x0, 0x0,
    0x0, 0xaf, 0xff, 0x80, 0x0, 0x0, 0x0, 0xaf,
    0xff, 0xf8, 0x0, 0x0, 0x0, 0xaf, 0xff, 0xfa,
    0x0, 0x0, 0x0, 0xaf, 0xff, 0xfa, 0x0, 0x0,
    0x0, 0xaf, 0xff, 0xfa, 0x0, 0x0, 0x0, 0xaf,
    0xff, 0xfa, 0x0, 0x0, 0x0, 0xaf, 0xff, 0xfa,
    0x0, 0x0, 0x0, 0xaf, 0xff, 0xfa, 0x0, 0x0,
    0x0, 0x8f, 0xff, 0xfa, 0x0, 0x0, 0x0, 0x8,
    0xff, 0xff, 0xa0, 0x0, 0x0, 0x0, 0xa, 0xff,
    0xff, 0xa0, 0x0, 0x0, 0x0, 0xa, 0xff, 0xff,
    0xa0, 0x0, 0x0, 0x0, 0xa, 0xff, 0xff, 0xa0,
    0x0, 0x0, 0x0, 0xa, 0xff, 0xff, 0xa0, 0x0,
    0x0, 0x0, 0xa, 0xff, 0xff, 0xa0, 0x0, 0x0,
    0x0, 0xa, 0xff, 0xff, 0xa0, 0x0, 0x0, 0x0,
    0xa, 0xff, 0xff, 0x80, 0x0, 0x0, 0x0, 0xa,
    0xff, 0xf8, 0x0, 0x0, 0x0, 0x0, 0xa, 0xfb,
    0x0, 0x0, 0x0, 0x0, 0x0, 0x2, 0x0,

    /* U+F054 "" */
    0x0, 0x20, 0x0, 0x0, 0x0, 0x0, 0x0, 0xbf,
    0xa0, 0x0, 0x0, 0x0, 0x0, 0x8f, 0xff, 0xa0,
    0x0, 0x0, 0x0, 0x8, 0xff, 0xff, 0xa0, 0x0,
    0x0, 0x0, 0xa, 0xff, 0xff, 0xa0, 0x0, 0x0,
    0x0, 0xa, 0xff, 0xff, 0xa0, 0x0, 0x0, 0x0,
    0xa, 0xff, 0xff, 0xa0, 0x0, 0x0, 0x0, 0xa,
    0xff, 0xff, 0xa0, 0x0, 0x0, 0x0, 0xa, 0xff,
    0xff, 0xa0, 0x0, 0x0, 0x0, 0xa, 0xff, 0xff,
    0xa0, 0x0, 0x0, 0x0, 0xa, 0xff, 0xff, 0x80,
    0x0, 0x0, 0x0, 0xaf, 0xff, 0xf8, 0x0, 0x0,
    0x0, 0xaf, 0xff, 0xfa, 0x0, 0x0, 0x0, 0xaf,
    0xff, 0xfa, 0x0, 0x0, 0x0, 0xaf, 0xff, 0xfa,
    0x0, 0x0, 0x0, 0xaf, 0xff, 0xfa, 0x0, 0x0,
    0x0, 0xaf, 0xff, 0xfa, 0x0, 0x0, 0x0, 0xaf,
    0xff, 0xfa, 0x0, 0x0, 0x0, 0x8f, 0xff, 0xfa,
    0x0, 0x0, 0x0, 0x8, 0xff, 0xfa, 0x0, 0x0,
    0x0, 0x0, 0xb, 0xfa, 0x0, 0x0, 0x0, 0x0,
    0x0, 0x2, 0x0, 0x0, 0x0, 0x0, 0x0,

    /* U+F067 "" */
    0x0, 0x0, 0x0, 0x0, 0x3, 0x43, 0x0, 0x0,
    0x0, 0x0, 0x0, 0x0, 0x0, 0x0, 0x7, 0xff,
    0xf7, 0x0, 0x0, 0x0, 0x0, 0x0, 0x0, 0x0,
    0x0, 0xbf, 0xff, 0xb0, 0x0, 0x0, 0x0, 0x0,
    0x0, 0x0, 0x0, 0xc, 0xff, 0xfc, 0x0, 0x0,
    0x0, 0x0, 0x0, 0x0, 0x0, 0x0, 0xcf, 0xff,
    0xc0, 0x0, 0x0, 0x0, 0x0, 0x0, 0x0, 0x0,
    0xc, 0xff, 0xfc, 0x0, 0x0, 0x0, 0x0, 0x0,
    0x0, 0x0, 0x0, 0xcf, 0xff, 0xc0, 0x0, 0x0,
    0x0, 0x0, 0x0, 0x0, 0x0, 0xc, 0xff, 0xfc,
    0x0, 0x0, 0x0, 0x0, 0x0, 0x0, 0x0, 0x0,
    0xcf, 0xff, 0xc0, 0x0, 0x0, 0x0, 0x8, 0xff,
    0xff, 0xff, 0xff, 0xff, 0xff, 0xff, 0xff, 0xff,
    0xf8, 0xff, 0xff, 0xff, 0xff, 0xff, 0xff, 0xff,
    0xff, 0xff, 0xff, 0xff, 0xff, 0xff, 0xff, 0xff,
    0xff, 0xff, 0xff, 0xff, 0xff, 0xff, 0xdf, 0xff,
    0xff, 0xff, 0xff, 0xff, 0xff, 0xff, 0xff, 0xff,
    0xd1, 0x77, 0x77, 0x77, 0x7d, 0xff, 0xfd, 0x77,
    0x77, 0x77, 0x71, 0x0, 0x0, 0x0, 0x0, 0xcf,
    0xff, 0xc0, 0x0, 0x0, 0x0, 0x0, 0x0, 0x0,
    0x0, 0xc, 0xff, 0xfc, 0x0, 0x0, 0x0, 0x0,
    0x0, 0x0, 0x0, 0x0, 0xcf, 0xff, 0xc0, 0x0,
    0x0, 0x0, 0x0, 0x0, 0x0, 0x0, 0xc, 0xff,
    0xfc, 0x0, 0x0, 0x0, 0x0, 0x0, 0x0, 0x0,
    0x0, 0xcf, 0xff, 0xc0, 0x0, 0x0, 0x0, 0x0,
    0x0, 0x0, 0x0, 0xc, 0xff, 0xfc, 0x0, 0x0,
    0x0, 0x0, 0x0, 0x0, 0x0, 0x0, 0xaf, 0xff,
    0xa0, 0x0, 0x0, 0x0, 0x0, 0x0, 0x0, 0x0,
    0x2, 0xab, 0xa2, 0x0, 0x0, 0x0, 0x0,

    /* U+F068 "" */
    0x16, 0x77, 0x77, 0x77, 0x77, 0x77, 0x77, 0x77,
    0x77, 0x76, 0x1d, 0xff, 0xff, 0xff, 0xff, 0xff,
    0xff, 0xff, 0xff, 0xff, 0xfd, 0xff, 0xff, 0xff,
    0xff, 0xff, 0xff, 0xff, 0xff, 0xff, 0xff, 0xff,
    0xff, 0xff, 0xff, 0xff, 0xff, 0xff, 0xff, 0xff,
    0xff, 0xff, 0x9f, 0xff, 0xff, 0xff, 0xff, 0xff,
    0xff, 0xff, 0xff, 0xff, 0x80, 0x0, 0x0, 0x0,
    0x0, 0x0, 0x0, 0x0, 0x0, 0x0, 0x0,

    /* U+F06E "" */
    0x0, 0x0, 0x0, 0x0, 0x16, 0xad, 0xef, 0xed,
    0xa6, 0x10, 0x0, 0x0, 0x0, 0x0, 0x0, 0x0,
    0x2, 0xbf, 0xff, 0xff, 0xff, 0xff, 0xff, 0xb2,
    0x0, 0x0, 0x0, 0x0, 0x0, 0x9, 0xff, 0xff,
    0xe9, 0x54, 0x59, 0xef, 0xff, 0xf9, 0x0, 0x0,
    0x0, 0x0, 0x2d, 0xff, 0xff, 0x90, 0x0, 0x0,
    0x0, 0x9f, 0xff, 0xfd, 0x20, 0x0, 0x0, 0x2e,
    0xff, 0xff, 0x70, 0x0, 0x14, 0x20, 0x0, 0x7f,
    0xff, 0xfe, 0x20, 0x0, 0x1e, 0xff, 0xff, 0xb0,
    0x0, 0x6, 0xff, 0xc2, 0x0, 0xbf, 0xff, 0xfe,
    0x10, 0xb, 0xff, 0xff, 0xf3, 0x0, 0x0, 0x5f,
    0xff, 0xe2, 0x3, 0xff, 0xff, 0xfb, 0x6, 0xff,
    0xff, 0xfe, 0x0, 0x0, 0x1c, 0xff, 0xff, 0xa0,
    0xe, 0xff, 0xff, 0xf5, 0xef, 0xff, 0xff, 0xc0,
    0xd, 0xcf, 0xff, 0xff, 0xfe, 0x0, 0xcf, 0xff,
    0xff, 0xee, 0xff, 0xff, 0xfc, 0x0, 0xff, 0xff,
    0xff, 0xff, 0xf0, 0xc, 0xff, 0xff, 0xfe, 0x5f,
    0xff, 0xff, 0xe0, 0xc, 0xff, 0xff, 0xff, 0xfc,
    0x0, 0xef, 0xff, 0xff, 0x50, 0xbf, 0xff, 0xff,
    0x30, 0x4f, 0xff, 0xff, 0xff, 0x50, 0x3f, 0xff,
    0xff, 0xb0, 0x1, 0xdf, 0xff, 0xfb, 0x0, 0x7f,
    0xff, 0xff, 0x80, 0xb, 0xff, 0xff, 0xe1, 0x0,
    0x2, 0xef, 0xff, 0xf7, 0x0, 0x39, 0xb9, 0x30,
    0x7, 0xff, 0xff, 0xe2, 0x0, 0x0, 0x2, 0xcf,
    0xff, 0xf9, 0x0, 0x0, 0x0, 0x9, 0xff, 0xff,
    0xd2, 0x0, 0x0, 0x0, 0x0, 0x9f, 0xff, 0xfe,
    0x95, 0x45, 0x9e, 0xff, 0xff, 0x90, 0x0, 0x0,
    0x0, 0x0, 0x0, 0x2a, 0xff, 0xff, 0xff, 0xff,
    0xff, 0xfb, 0x30, 0x0, 0x0, 0x0, 0x0, 0x0,
    0x0, 0x1, 0x6a, 0xdf, 0xfe, 0xda, 0x71, 0x0,
    0x0, 0x0, 0x0,

    /* U+F070 "" */
    0x5, 0xe6, 0x0, 0x0, 0x0, 0x0, 0x0, 0x0,
    0x0, 0x0, 0x0, 0x0, 0x0, 0x0, 0x0, 0x1,
    0xff, 0xf9, 0x0, 0x0, 0x0, 0x0, 0x0, 0x0,
    0x0, 0x0, 0x0, 0x0, 0x0, 0x0, 0x0, 0xd,
    0xff, 0xfc, 0x20, 0x0, 0x0, 0x0, 0x0, 0x0,
    0x0, 0x0, 0x0, 0x0, 0x0, 0x0, 0x0, 0xa,
    0xff, 0xfe, 0x40, 0x0, 0x48, 0xce, 0xff, 0xeb,
    0x72, 0x0, 0x0, 0x0, 0x0, 0x0, 0x0, 0x6,
    0xff, 0xff, 0x88, 0xef, 0xff, 0xff, 0xff, 0xff,
    0xfc, 0x40, 0x0, 0x0, 0x0, 0x0, 0x0, 0x3,
    0xef, 0xff, 0xff, 0xff, 0xb6, 0x45, 0x7d, 0xff,
    0xff, 0xb1, 0x0, 0x0, 0x0, 0x0, 0x0, 0x1,
    0xbf, 0xff, 0xfd, 0x20, 0x0, 0x0, 0x6, 0xff,
    0xff, 0xe4, 0x0, 0x0, 0x0, 0x0, 0x0, 0x0,
    0x8f, 0xff, 0xf6, 0x1, 0x76, 0x20, 0x4, 0xff,
    0xff, 0xf4, 0x0, 0x0, 0x0, 0x0, 0x10, 0x0,
    0x4e, 0xff, 0xfa, 0x1f, 0xff, 0x90, 0x8, 0xff,
    0xff, 0xf3, 0x0, 0x0, 0x0, 0x6e, 0x40, 0x0,
    0x2c, 0xff, 0xfd, 0xff, 0xff, 0x80, 0xf, 0xff,
    0xff, 0xe1, 0x0, 0x0, 0x2f, 0xff, 0x70, 0x0,
    0x9, 0xff, 0xff, 0xff, 0xff, 0x0, 0xbf, 0xff,
    0xff, 0x90, 0x0, 0x9, 0xff, 0xff, 0xb1, 0x0,
    0x6, 0xff, 0xff, 0xff, 0xf3, 0x9, 0xff, 0xff,
    0xff, 0x10, 0x0, 0x9f, 0xff, 0xff, 0xd1, 0x0,
    0x3, 0xdf, 0xff, 0xff, 0x30, 0x9f, 0xff, 0xff,
    0xf1, 0x0, 0x2, 0xff, 0xff, 0xff, 0x40, 0x0,
    0x1, 0xbf, 0xff, 0xf4, 0xb, 0xff, 0xff, 0xf9,
    0x0, 0x0, 0x7, 0xff, 0xff, 0xf9, 0x0, 0x0,
    0x0, 0x7f, 0xff, 0xf8, 0xff, 0xff, 0xfd, 0x0,
    0x0, 0x0, 0xa, 0xff, 0xff, 0xf1, 0x0, 0x0,
    0x0, 0x4e, 0xff, 0xff, 0xff, 0xff, 0x20, 0x0,
    0x0, 0x0, 0xb, 0xff, 0xff, 0xc0, 0x0, 0x0,
    0x0, 0x1c, 0xff, 0xff, 0xff, 0x40, 0x0, 0x0,
    0x0, 0x0, 0xa, 0xff, 0xff, 0xc2, 0x0, 0x0,
    0x0, 0x9, 0xff, 0xff, 0x80, 0x0, 0x0, 0x0,
    0x0, 0x0, 0x6, 0xff, 0xff, 0xfb, 0x64, 0x51,
    0x0, 0x5, 0xff, 0xff, 0x80, 0x0, 0x0, 0x0,
    0x0, 0x0, 0x1, 0x9f, 0xff, 0xff, 0xff, 0xe3,
    0x0, 0x2, 0xdf, 0xff, 0xc1, 0x0, 0x0, 0x0,
    0x0, 0x0, 0x0, 0x5, 0x9d, 0xef, 0xfe, 0xb1,
    0x0, 0x0, 0xaf, 0xff, 0xe4, 0x0, 0x0, 0x0,
    0x0, 0x0, 0x0, 0x0, 0x0, 0x0, 0x0, 0x0,
    0x0, 0x0, 0x7f, 0xff, 0xf6, 0x0, 0x0, 0x0,
    0x0, 0x0, 0x0, 0x0, 0x0, 0x0, 0x0, 0x0,
    0x0, 0x0, 0x3e, 0xff, 0x80, 0x0, 0x0, 0x0,
    0x0, 0x0, 0x0, 0x0, 0x0, 0x0, 0x0, 0x0,
    0x0, 0x0, 0x1b, 0xc0,

    /* U+F071 "" */
    0x0, 0x0, 0x0, 0x0, 0x0, 0x0, 0x1c, 0xfc,
    0x10, 0x0, 0x0, 0x0, 0x0, 0x0, 0x0, 0x0,
    0x0, 0x0, 0x0, 0x0, 0xa, 0xff, 0xfa, 0x0,
    0x0, 0x0, 0x0, 0x0, 0x0, 0x0, 0x0, 0x0,
    0x0, 0x0, 0x4, 0xff, 0xff, 0xf4, 0x0, 0x0,
    0x0, 0x0, 0x0, 0x0, 0x0, 0x0, 0x0, 0x0,
    0x0, 0xdf, 0xff, 0xff, 0xd0, 0x0, 0x0, 0x0,
    0x0, 0x0, 0x0, 0x0, 0x0, 0x0, 0x0, 0x6f,
    0xff, 0xff, 0xff, 0x60, 0x0, 0x0, 0x0, 0x0,
    0x0, 0x0, 0x0, 0x0, 0x0, 0x1e, 0xff, 0xff,
    0xff, 0xfe, 0x10, 0x0, 0x0, 0x0, 0x0, 0x0,
    0x0, 0x0, 0x0, 0x9, 0xff, 0xff, 0xff, 0xff,
    0xf9, 0x0, 0x0, 0x0, 0x0, 0x0, 0x0, 0x0,
    0x0, 0x2, 0xff, 0xff, 0xff, 0xff, 0xff, 0xf2,
    0x0, 0x0, 0x0, 0x0, 0x0, 0x0, 0x0, 0x0,
    0xbf, 0xff, 0xa4, 0x44, 0xaf, 0xff, 0xb0, 0x0,
    0x0, 0x0, 0x0, 0x0, 0x0, 0x0, 0x4f, 0xff,
    0xf7, 0x0, 0x7, 0xff, 0xff, 0x40, 0x0, 0x0,
    0x0, 0x0, 0x0, 0x0, 0xd, 0xff, 0xff, 0x80,
    0x0, 0x8f, 0xff, 0xfd, 0x0, 0x0, 0x0, 0x0,
    0x0, 0x0, 0x7, 0xff, 0xff, 0xf9, 0x0, 0x9,
    0xff, 0xff, 0xf7, 0x0, 0x0, 0x0, 0x0, 0x0,
    0x1, 0xff, 0xff, 0xff, 0xa0, 0x0, 0xaf, 0xff,
    0xff, 0xf1, 0x0, 0x0, 0x0, 0x0, 0x0, 0x9f,
    0xff, 0xff, 0xfb, 0x0, 0xb, 0xff, 0xff, 0xff,
    0x90, 0x0, 0x0, 0x0, 0x0, 0x3f, 0xff, 0xff,
    0xff, 0xc0, 0x0, 0xcf, 0xff, 0xff, 0xff, 0x30,
    0x0, 0x0, 0x0, 0xc, 0xff, 0xff, 0xff, 0xfd,
    0x0, 0xd, 0xff, 0xff, 0xff, 0xfc, 0x0, 0x0,
    0x0, 0x5, 0xff, 0xff, 0xff, 0xff, 0xff, 0xdf,
    0xff, 0xff, 0xff, 0xff, 0xf5, 0x0, 0x0, 0x0,
    0xef, 0xff, 0xff, 0xff, 0xfd, 0x10, 0x2d, 0xff,
    0xff, 0xff, 0xff, 0xe0, 0x0, 0x0, 0x7f, 0xff,
    0xff, 0xff, 0xff, 0x60, 0x0, 0x6f, 0xff, 0xff,
    0xff, 0xff, 0x70, 0x0, 0x1f, 0xff, 0xff, 0xff,
    0xff, 0xf8, 0x0, 0x8, 0xff, 0xff, 0xff, 0xff,
    0xff, 0x10, 0xa, 0xff, 0xff, 0xff, 0xff, 0xff,
    0xf5, 0x26, 0xff, 0xff, 0xff, 0xff, 0xff, 0xfa,
    0x0, 0xff, 0xff, 0xff, 0xff, 0xff, 0xff, 0xff,
    0xff, 0xff, 0xff, 0xff, 0xff, 0xff, 0xf0, 0xd,
    0xff, 0xff, 0xff, 0xff, 0xff, 0xff, 0xff, 0xff,
    0xff, 0xff, 0xff, 0xff, 0xfd, 0x0, 0x3d, 0xff,
    0xff, 0xff, 0xff, 0xff, 0xff, 0xff, 0xff, 0xff,
    0xff, 0xff, 0xfd, 0x30,

    /* U+F074 "" */
    0x0, 0x0, 0x0, 0x0, 0x0, 0x0, 0x0, 0x0,
    0x0, 0x69, 0x0, 0x0, 0x0, 0x0, 0x0, 0x0,
    0x0, 0x0, 0x0, 0x0, 0x0, 0xff, 0xc0, 0x0,
    0x0, 0x0, 0x0, 0x0, 0x0, 0x0, 0x0, 0x0,
    0x0, 0xff, 0xfc, 0x0, 0x9b, 0xbb, 0xbb, 0x30,
    0x0, 0x0, 0x0, 0x3b, 0xbb, 0xff, 0xff, 0xc0,
    0xff, 0xff, 0xff, 0xf3, 0x0, 0x0, 0x2, 0xef,
    0xff, 0xff, 0xff, 0xfb, 0xff, 0xff, 0xff, 0xfe,
    0x20, 0x0, 0x1e, 0xff, 0xff, 0xff, 0xff, 0xfe,
    0xff, 0xff, 0xff, 0xff, 0xe1, 0x1, 0xdf, 0xff,
    0xff, 0xff, 0xff, 0xe3, 0x0, 0x0, 0x3e, 0xff,
    0xe2, 0xc, 0xff, 0xfe, 0x20, 0xff, 0xfe, 0x30,
    0x0, 0x0, 0x3, 0xff, 0x30, 0xaf, 0xff, 0xf3,
    0x0, 0xff, 0xe3, 0x0, 0x0, 0x0, 0x0, 0x54,
    0x9, 0xff, 0xff, 0x40, 0x0, 0xbe, 0x30, 0x0,
    0x0, 0x0, 0x0, 0x0, 0x7f, 0xff, 0xf6, 0x0,
    0x0, 0x0, 0x0, 0x0, 0x0, 0x0, 0x0, 0x6,
    0xff, 0xff, 0x70, 0x0, 0x0, 0x0, 0x0, 0x0,
    0x0, 0x0, 0x0, 0x4f, 0xff, 0xf9, 0x4, 0x50,
    0x0, 0xbe, 0x30, 0x0, 0x0, 0x0, 0x3, 0xff,
    0xff, 0xa0, 0x3f, 0xf3, 0x0, 0xff, 0xe3, 0x0,
    0x0, 0x0, 0x2e, 0xff, 0xfc, 0x2, 0xef, 0xfe,
    0x30, 0xff, 0xfe, 0x30, 0xff, 0xff, 0xff, 0xff,
    0xd1, 0x1, 0xef, 0xff, 0xff, 0xff, 0xff, 0xe3,
    0xff, 0xff, 0xff, 0xfe, 0x10, 0x0, 0x2e, 0xff,
    0xff, 0xff, 0xff, 0xfe, 0xff, 0xff, 0xff, 0xe2,
    0x0, 0x0, 0x3, 0xff, 0xff, 0xff, 0xff, 0xfb,
    0x9b, 0xbb, 0xbb, 0x30, 0x0, 0x0, 0x0, 0x3b,
    0xbb, 0xff, 0xff, 0xc0, 0x0, 0x0, 0x0, 0x0,
    0x0, 0x0, 0x0, 0x0, 0x0, 0xff, 0xfc, 0x0,
    0x0, 0x0, 0x0, 0x0, 0x0, 0x0, 0x0, 0x0,
    0x0, 0xff, 0xc0, 0x0, 0x0, 0x0, 0x0, 0x0,
    0x0, 0x0, 0x0, 0x0, 0x0, 0x69, 0x0, 0x0,

    /* U+F077 "" */
    0x0, 0x0, 0x0, 0x0, 0x0, 0x20, 0x0, 0x0,
    0x0, 0x0, 0x0, 0x0, 0x0, 0x0, 0x0, 0xaf,
    0x90, 0x0, 0x0, 0x0, 0x0, 0x0, 0x0, 0x0,
    0x0, 0xaf, 0xff, 0x90, 0x0, 0x0, 0x0, 0x0,
    0x0, 0x0, 0x0, 0xaf, 0xff, 0xff, 0x90, 0x0,
    0x0, 0x0, 0x0, 0x0, 0x0, 0xaf, 0xff, 0xff,
    0xff, 0x90, 0x0, 0x0, 0x0, 0x0, 0x0, 0xaf,
    0xff, 0xfd, 0xff, 0xff, 0x90, 0x0, 0x0, 0x0,
    0x0, 0xaf, 0xff, 0xf9, 0xa, 0xff, 0xff, 0x90,
    0x0, 0x0, 0x0, 0xaf, 0xff, 0xf9, 0x0, 0xa,
    0xff, 0xff, 0x90, 0x0, 0x0, 0xaf, 0xff, 0xf9,
    0x0, 0x0, 0xa, 0xff, 0xff, 0x90, 0x0, 0xaf,
    0xff, 0xf9, 0x0, 0x0, 0x0, 0xa, 0xff, 0xff,
    0x90, 0x9f, 0xff, 0xf9, 0x0, 0x0, 0x0, 0x0,
    0xa, 0xff, 0xff, 0x79, 0xff, 0xf9, 0x0, 0x0,
    0x0, 0x0, 0x0, 0xa, 0xff, 0xf8, 0xb, 0xf9,
    0x0, 0x0, 0x0, 0x0, 0x0, 0x0, 0xa, 0xfa,
    0x0, 0x2, 0x0, 0x0, 0x0, 0x0, 0x0, 0x0,
    0x0, 0x2, 0x0,

    /* U+F078 "" */
    0x0, 0x20, 0x0, 0x0, 0x0, 0x0, 0x0, 0x0,
    0x0, 0x20, 0x0, 0xbf, 0x90, 0x0, 0x0, 0x0,
    0x0, 0x0, 0x0, 0xaf, 0xa0, 0x9f, 0xff, 0x90,
    0x0, 0x0, 0x0, 0x0, 0x0, 0xaf, 0xff, 0x89,
    0xff, 0xff, 0x90, 0x0, 0x0, 0x0, 0x0, 0xaf,
    0xff, 0xf7, 0xa, 0xff, 0xff, 0x90, 0x0, 0x0,
    0x0, 0xaf, 0xff, 0xf9, 0x0, 0xa, 0xff, 0xff,
    0x90, 0x0, 0x0, 0xaf, 0xff, 0xf9, 0x0, 0x0,
    0xa, 0xff, 0xff, 0x90, 0x0, 0xaf, 0xff, 0xf9,
    0x0, 0x0, 0x0, 0xa, 0xff, 0xff, 0x90, 0xaf,
    0xff, 0xf9, 0x0, 0x0, 0x0, 0x0, 0xa, 0xff,
    0xff, 0xdf, 0xff, 0xf9, 0x0, 0x0, 0x0, 0x0,
    0x0, 0xa, 0xff, 0xff, 0xff, 0xf9, 0x0, 0x0,
    0x0, 0x0, 0x0, 0x0, 0xa, 0xff, 0xff, 0xf9,
    0x0, 0x0, 0x0, 0x0, 0x0, 0x0, 0x0, 0xa,
    0xff, 0xf9, 0x0, 0x0, 0x0, 0x0, 0x0, 0x0,
    0x0, 0x0, 0xa, 0xf9, 0x0, 0x0, 0x0, 0x0,
    0x0, 0x0, 0x0, 0x0, 0x0, 0x2, 0x0, 0x0,
    0x0, 0x0, 0x0,

    /* U+F079 "" */
    0x0, 0x0, 0x3, 0xd9, 0x0, 0x0, 0x0, 0x0,
    0x0, 0x0, 0x0, 0x0, 0x0, 0x0, 0x0, 0x0,
    0x0, 0x3, 0xef, 0xfa, 0x0, 0x0, 0x34, 0x44,
    0x44, 0x44, 0x44, 0x44, 0x10, 0x0, 0x0, 0x0,
    0x3, 0xef, 0xff, 0xfa, 0x0, 0x7f, 0xff, 0xff,
    0xff, 0xff, 0xff, 0xff, 0x0, 0x0, 0x0, 0x3,
    0xef, 0xff, 0xff, 0xfa, 0x5, 0xff, 0xff, 0xff,
    0xff, 0xff, 0xff, 0xf1, 0x0, 0x0, 0x3, 0xff,
    0xff, 0xff, 0xff, 0xfb, 0x5, 0xbb, 0xbb, 0xbb,
    0xbb, 0xbf, 0xff, 0x10, 0x0, 0x0, 0xef, 0xfe,
    0xdf, 0xfb, 0xff, 0xf8, 0x0, 0x0, 0x0, 0x0,
    0x0, 0xef, 0xf1, 0x0, 0x0, 0xd, 0xfe, 0x2b,
    0xff, 0x48, 0xff, 0x60, 0x0, 0x0, 0x0, 0x0,
    0xe, 0xff, 0x10, 0x0, 0x0, 0x17, 0x20, 0xbf,
    0xf4, 0x5, 0x50, 0x0, 0x0, 0x0, 0x0, 0x0,
    0xef, 0xf1, 0x0, 0x0, 0x0, 0x0, 0xb, 0xff,
    0x40, 0x0, 0x0, 0x0, 0x0, 0x0, 0x0, 0xe,
    0xff, 0x10, 0x0, 0x0, 0x0, 0x0, 0xbf, 0xf4,
    0x0, 0x0, 0x0, 0x0, 0x0, 0x0, 0x0, 0xef,
    0xf1, 0x0, 0x0, 0x0, 0x0, 0xb, 0xff, 0x40,
    0x0, 0x0, 0x0, 0x0, 0x0, 0x0, 0xe, 0xff,
    0x10, 0x0, 0x0, 0x0, 0x0, 0xbf, 0xf4, 0x0,
    0x0, 0x0, 0x0, 0x0, 0xaf, 0x70, 0xef, 0xf1,
    0x4f, 0xc0, 0x0, 0x0, 0xb, 0xff, 0x40, 0x0,
    0x0, 0x0, 0x0, 0x3f, 0xff, 0x6e, 0xff, 0x5f,
    0xff, 0x60, 0x0, 0x0, 0xbf, 0xf7, 0x44, 0x44,
    0x44, 0x44, 0x20, 0xcf, 0xff, 0xff, 0xff, 0xff,
    0xd1, 0x0, 0x0, 0xb, 0xff, 0xff, 0xff, 0xff,
    0xff, 0xff, 0x50, 0xbf, 0xff, 0xff, 0xff, 0xd1,
    0x0, 0x0, 0x0, 0xbf, 0xff, 0xff, 0xff, 0xff,
    0xff, 0xfe, 0x0, 0xbf, 0xff, 0xff, 0xd1, 0x0,
    0x0, 0x0, 0x4, 0xbb, 0xbb, 0xbb, 0xbb, 0xbb,
    0xbb, 0x60, 0x0, 0xbf, 0xff, 0xd1, 0x0, 0x0,
    0x0, 0x0, 0x0, 0x0, 0x0, 0x0, 0x0, 0x0,
    0x0, 0x0, 0x0, 0xbf, 0xd1, 0x0, 0x0, 0x0,
    0x0, 0x0, 0x0, 0x0, 0x0, 0x0, 0x0, 0x0,
    0x0, 0x0, 0x0, 0x40, 0x0, 0x0, 0x0,

    /* U+F07B "" */
    0x3d, 0xff, 0xff, 0xff, 0xff, 0x40, 0x0, 0x0,
    0x0, 0x0, 0x0, 0x0, 0xdf, 0xff, 0xff, 0xff,
    0xff, 0xf4, 0x0, 0x0, 0x0, 0x0, 0x0, 0x0,
    0xff, 0xff, 0xff, 0xff, 0xff, 0xff, 0x40, 0x0,
    0x0, 0x0, 0x0, 0x0, 0xff, 0xff, 0xff, 0xff,
    0xff, 0xff, 0xff, 0xff, 0xff, 0xff, 0xff, 0xd3,
    0xff, 0xff, 0xff, 0xff, 0xff, 0xff, 0xff, 0xff,
    0xff, 0xff, 0xff, 0xfd, 0xff, 0xff, 0xff, 0xff,
    0xff, 0xff, 0xff, 0xff, 0xff, 0xff, 0xff, 0xff,
    0xff, 0xff, 0xff, 0xff, 0xff, 0xff, 0xff, 0xff,
    0xff, 0xff, 0xff, 0xff, 0xff, 0xff, 0xff, 0xff,
    0xff, 0xff, 0xff, 0xff, 0xff, 0xff, 0xff, 0xff,
    0xff, 0xff, 0xff, 0xff, 0xff, 0xff, 0xff, 0xff,
    0xff, 0xff, 0xff, 0xff, 0xff, 0xff, 0xff, 0xff,
    0xff, 0xff, 0xff, 0xff, 0xff, 0xff, 0xff, 0xff,
    0xff, 0xff, 0xff, 0xff, 0xff, 0xff, 0xff, 0xff,
    0xff, 0xff, 0xff, 0xff, 0xff, 0xff, 0xff, 0xff,
    0xff, 0xff, 0xff, 0xff, 0xff, 0xff, 0xff, 0xff,
    0xff, 0xff, 0xff, 0xff, 0xff, 0xff, 0xff, 0xff,
    0xff, 0xff, 0xff, 0xff, 0xff, 0xff, 0xff, 0xff,
    0xff, 0xff, 0xff, 0xff, 0xff, 0xff, 0xff, 0xff,
    0xff, 0xff, 0xff, 0xff, 0xff, 0xff, 0xff, 0xff,
    0xff, 0xff, 0xff, 0xff, 0xff, 0xff, 0xff, 0xff,
    0xff, 0xff, 0xff, 0xff, 0xff, 0xff, 0xff, 0xff,
    0xdf, 0xff, 0xff, 0xff, 0xff, 0xff, 0xff, 0xff,
    0xff, 0xff, 0xff, 0xfd, 0x3d, 0xff, 0xff, 0xff,
    0xff, 0xff, 0xff, 0xff, 0xff, 0xff, 0xff, 0xd3,

    /* U+F093 "" */
    0x0, 0x0, 0x0, 0x0, 0x0, 0xa, 0xa0, 0x0,
    0x0, 0x0, 0x0, 0x0, 0x0, 0x0, 0x0, 0x0,
    0x0, 0xbf, 0xfb, 0x0, 0x0, 0x0, 0x0, 0x0,
    0x0, 0x0, 0x0, 0x0, 0xb, 0xff, 0xff, 0xb0,
    0x0, 0x0, 0x0, 0x0, 0x0, 0x0, 0x0, 0x0,
    0xbf, 0xff, 0xff, 0xfb, 0x0, 0x0, 0x0, 0x0,
    0x0, 0x0, 0x0, 0xb, 0xff, 0xff, 0xff, 0xff,
    0xb0, 0x0, 0x0, 0x0, 0x0, 0x0, 0x0, 0xbf,
    0xff, 0xff, 0xff, 0xff, 0xfb, 0x0, 0x0, 0x0,
    0x0, 0x0, 0xb, 0xff, 0xff, 0xff, 0xff, 0xff,
    0xff, 0xb0, 0x0, 0x0, 0x0, 0x0, 0xbf, 0xff,
    0xff, 0xff, 0xff, 0xff, 0xff, 0xfa, 0x0, 0x0,
    0x0, 0x0, 0xef, 0xff, 0xff, 0xff, 0xff, 0xff,
    0xff, 0xfe, 0x0, 0x0, 0x0, 0x0, 0x2, 0x22,
    0x2f, 0xff, 0xff, 0xf2, 0x22, 0x20, 0x0, 0x0,
    0x0, 0x0, 0x0, 0x0, 0xf, 0xff, 0xff, 0xf0,
    0x0, 0x0, 0x0, 0x0, 0x0, 0x0, 0x0, 0x0,
    0xf, 0xff, 0xff, 0xf0, 0x0, 0x0, 0x0, 0x0,
    0x0, 0x0, 0x0, 0x0, 0xf, 0xff, 0xff, 0xf0,
    0x0, 0x0, 0x0, 0x0, 0x0, 0x0, 0x0, 0x0,
    0xf, 0xff, 0xff, 0xf0, 0x0, 0x0, 0x0, 0x0,
    0x0, 0x0, 0x0, 0x0, 0xf, 0xff, 0xff, 0xf0,
    0x0, 0x0, 0x0, 0x0, 0x0, 0x0, 0x0, 0x0,
    0xf, 0xff, 0xff, 0xf0, 0x0, 0x0, 0x0, 0x0,
    0x25, 0x55, 0x55, 0x52, 0xf, 0xff, 0xff, 0xf0,
    0x25, 0x55, 0x55, 0x52, 0xef, 0xff, 0xff, 0xf9,
    0xc, 0xff, 0xff, 0xc0, 0x9f, 0xff, 0xff, 0xfe,
    0xff, 0xff, 0xff, 0xff, 0x20, 0x1, 0x10, 0x2,
    0xff, 0xff, 0xff, 0xff, 0xff, 0xff, 0xff, 0xff,
    0xf9, 0x88, 0x88, 0x9f, 0xff, 0xff, 0xff, 0xff,
    0xff, 0xff, 0xff, 0xff, 0xff, 0xff, 0xff, 0xff,
    0xff, 0xff, 0xff, 0xff, 0xff, 0xff, 0xff, 0xff,
    0xff, 0xff, 0xff, 0xff, 0x71, 0xe7, 0x1e, 0xff,
    0xff, 0xff, 0xff, 0xff, 0xff, 0xff, 0xff, 0xff,
    0xb6, 0xfb, 0x6f, 0xff, 0xbf, 0xff, 0xff, 0xff,
    0xff, 0xff, 0xff, 0xff, 0xff, 0xff, 0xff, 0xfb,

    /* U+F095 "" */
    0x0, 0x0, 0x0, 0x0, 0x0, 0x0, 0x0, 0x0,
    0x0, 0x0, 0x0, 0x0, 0x0, 0x0, 0x0, 0x0,
    0x0, 0x0, 0x0, 0x0, 0x0, 0xd, 0xea, 0x63,
    0x0, 0x0, 0x0, 0x0, 0x0, 0x0, 0x0, 0x0,
    0x0, 0x6, 0xff, 0xff, 0xff, 0x80, 0x0, 0x0,
    0x0, 0x0, 0x0, 0x0, 0x0, 0x0, 0xdf, 0xff,
    0xff, 0xff, 0x0, 0x0, 0x0, 0x0, 0x0, 0x0,
    0x0, 0x0, 0x4f, 0xff, 0xff, 0xff, 0xf0, 0x0,
    0x0, 0x0, 0x0, 0x0, 0x0, 0x0, 0xa, 0xff,
    0xff, 0xff, 0xfe, 0x0, 0x0, 0x0, 0x0, 0x0,
    0x0, 0x0, 0x1, 0xff, 0xff, 0xff, 0xff, 0xc0,
    0x0, 0x0, 0x0, 0x0, 0x0, 0x0, 0x0, 0x4f,
    0xff, 0xff, 0xff, 0xf9, 0x0, 0x0, 0x0, 0x0,
    0x0, 0x0, 0x0, 0x0, 0x9f, 0xff, 0xff, 0xff,
    0x60, 0x0, 0x0, 0x0, 0x0, 0x0, 0x0, 0x0,
    0x0, 0x6f, 0xff, 0xff, 0xf2, 0x0, 0x0, 0x0,
    0x0, 0x0, 0x0, 0x0, 0x0, 0x0, 0x6f, 0xff,
    0xfc, 0x0, 0x0, 0x0, 0x0, 0x0, 0x0, 0x0,
    0x0, 0x0, 0xa, 0xff, 0xff, 0x60, 0x0, 0x0,
    0x0, 0x0, 0x0, 0x0, 0x0, 0x0, 0x4, 0xff,
    0xff, 0xe0, 0x0, 0x0, 0x0, 0x0, 0x0, 0x0,
    0x0, 0x0, 0x1, 0xdf, 0xff, 0xf7, 0x0, 0x0,
    0x0, 0x0, 0x0, 0x0, 0x0, 0x0, 0x0, 0xbf,
    0xff, 0xfd, 0x0, 0x0, 0x0, 0x0, 0x1, 0x40,
    0x0, 0x0, 0x0, 0xaf, 0xff, 0xff, 0x30, 0x0,
    0x0, 0x0, 0x3a, 0xff, 0xa0, 0x0, 0x1, 0xbf,
    0xff, 0xff, 0x70, 0x0, 0x0, 0x5, 0xcf, 0xff,
    0xff, 0x70, 0x3, 0xdf, 0xff, 0xff, 0xa0, 0x0,
    0x0, 0xd, 0xff, 0xff, 0xff, 0xff, 0x6a, 0xff,
    0xff, 0xff, 0xb0, 0x0, 0x0, 0x0, 0xef, 0xff,
    0xff, 0xff, 0xff, 0xff, 0xff, 0xff, 0xa0, 0x0,
    0x0, 0x0, 0xa, 0xff, 0xff, 0xff, 0xff, 0xff,
    0xff, 0xff, 0x70, 0x0, 0x0, 0x0, 0x0, 0x6f,
    0xff, 0xff, 0xff, 0xff, 0xff, 0xfd, 0x30, 0x0,
    0x0, 0x0, 0x0, 0x3, 0xff, 0xff, 0xff, 0xff,
    0xff, 0xe7, 0x0, 0x0, 0x0, 0x0, 0x0, 0x0,
    0xf, 0xff, 0xff, 0xff, 0xfc, 0x60, 0x0, 0x0,
    0x0, 0x0, 0x0, 0x0, 0x0, 0x8f, 0xfe, 0xc9,
    0x62, 0x0, 0x0, 0x0, 0x0, 0x0, 0x0, 0x0,
    0x0,

    /* U+F0C4 "" */
    0x0, 0x2, 0x42, 0x0, 0x0, 0x0, 0x0, 0x0,
    0x0, 0x0, 0x0, 0x2, 0xcf, 0xff, 0xc2, 0x0,
    0x0, 0x0, 0x0, 0x37, 0x73, 0x0, 0x2e, 0xff,
    0xff, 0xfe, 0x20, 0x0, 0x0, 0x8, 0xff, 0xff,
    0x90, 0xaf, 0xff, 0xcf, 0xff, 0xa0, 0x0, 0x0,
    0x9f, 0xff, 0xff, 0xb0, 0xef, 0xf4, 0x4, 0xff,
    0xe0, 0x0, 0x9, 0xff, 0xff, 0xfb, 0x0, 0xff,
    0xf1, 0x1, 0xff, 0xf0, 0x0, 0x9f, 0xff, 0xff,
    0xb0, 0x0, 0xcf, 0xfb, 0x5b, 0xff, 0xc0, 0x9,
    0xff, 0xff, 0xfb, 0x0, 0x0, 0x5f, 0xff, 0xff,
    0xff, 0xf5, 0x9f, 0xff, 0xff, 0xb0, 0x0, 0x0,
    0x8, 0xff, 0xff, 0xff, 0xff, 0xff, 0xff, 0xfb,
    0x0, 0x0, 0x0, 0x0, 0x39, 0xbe, 0xff, 0xff,
    0xff, 0xff, 0xb0, 0x0, 0x0, 0x0, 0x0, 0x0,
    0x2, 0xef, 0xff, 0xff, 0xfb, 0x0, 0x0, 0x0,
    0x0, 0x0, 0x0, 0x0, 0xaf, 0xff, 0xff, 0xf5,
    0x0, 0x0, 0x0, 0x0, 0x0, 0x2, 0x4a, 0xff,
    0xff, 0xff, 0xff, 0x50, 0x0, 0x0, 0x0, 0x2,
    0xcf, 0xff, 0xff, 0xff, 0xff, 0xff, 0xf5, 0x0,
    0x0, 0x0, 0x2e, 0xff, 0xff, 0xff, 0xfb, 0xef,
    0xff, 0xff, 0x50, 0x0, 0x0, 0xaf, 0xff, 0xcf,
    0xff, 0xd0, 0x2e, 0xff, 0xff, 0xf5, 0x0, 0x0,
    0xef, 0xf4, 0x4, 0xff, 0xe0, 0x2, 0xef, 0xff,
    0xff, 0x50, 0x0, 0xff, 0xf1, 0x1, 0xff, 0xf0,
    0x0, 0x2e, 0xff, 0xff, 0xf5, 0x0, 0xcf, 0xfb,
    0x5b, 0xff, 0xc0, 0x0, 0x2, 0xef, 0xff, 0xff,
    0x50, 0x5f, 0xff, 0xff, 0xff, 0x50, 0x0, 0x0,
    0x2e, 0xff, 0xff, 0xd0, 0x8, 0xff, 0xff, 0xf8,
    0x0, 0x0, 0x0, 0x1, 0xae, 0xea, 0x20, 0x0,
    0x39, 0xb9, 0x30, 0x0, 0x0, 0x0, 0x0, 0x0,
    0x0, 0x0,

    /* U+F0C5 "" */
    0x0, 0x0, 0x0, 0xbf, 0xff, 0xff, 0xff, 0xf0,
    0x7a, 0x0, 0x0, 0x0, 0x0, 0xf, 0xff, 0xff,
    0xff, 0xff, 0x8, 0xfb, 0x0, 0x0, 0x0, 0x0,
    0xff, 0xff, 0xff, 0xff, 0xf0, 0x8f, 0xfb, 0x0,
    0x0, 0x0, 0xf, 0xff, 0xff, 0xff, 0xff, 0x8,
    0xff, 0xfa, 0x47, 0x88, 0x40, 0xff, 0xff, 0xff,
    0xff, 0xf0, 0x48, 0x88, 0x7f, 0xff, 0xf8, 0xf,
    0xff, 0xff, 0xff, 0xff, 0x40, 0x0, 0x0, 0xff,
    0xff, 0x80, 0xff, 0xff, 0xff, 0xff, 0xff, 0xff,
    0xff, 0xff, 0xff, 0xf8, 0xf, 0xff, 0xff, 0xff,
    0xff, 0xff, 0xff, 0xff, 0xff, 0xff, 0x80, 0xff,
    0xff, 0xff, 0xff, 0xff, 0xff, 0xff, 0xff, 0xff,
    0xf8, 0xf, 0xff, 0xff, 0xff, 0xff, 0xff, 0xff,
    0xff, 0xff, 0xff, 0x80, 0xff, 0xff, 0xff, 0xff,
    0xff, 0xff, 0xff, 0xff, 0xff, 0xf8, 0xf, 0xff,
    0xff, 0xff, 0xff, 0xff, 0xff, 0xff, 0xff, 0xff,
    0x80, 0xff, 0xff, 0xff, 0xff, 0xff, 0xff, 0xff,
    0xff, 0xff, 0xf8, 0xf, 0xff, 0xff, 0xff, 0xff,
    0xff, 0xff, 0xff, 0xff, 0xff, 0x80, 0xff, 0xff,
    0xff, 0xff, 0xff, 0xff, 0xff, 0xff, 0xff, 0xf8,
    0xf, 0xff, 0xff, 0xff, 0xff, 0xff, 0xff, 0xff,
    0xff, 0xff, 0x80, 0xff, 0xff, 0xff, 0xff, 0xff,
    0xff, 0xff, 0xff, 0xff, 0xf8, 0xf, 0xff, 0xff,
    0xff, 0xff, 0xff, 0xff, 0xff, 0xff, 0xff, 0x80,
    0xff, 0xff, 0xff, 0xff, 0xff, 0xff, 0xff, 0xff,
    0xff, 0xfc, 0x4, 0x78, 0x88, 0x88, 0x88, 0x88,
    0x88, 0x74, 0xff, 0xff, 0xfa, 0x10, 0x0, 0x0,
    0x0, 0x0, 0x0, 0x0, 0xf, 0xff, 0xff, 0xff,
    0xff, 0xff, 0xff, 0xff, 0x0, 0x0, 0x0, 0xff,
    0xff, 0xff, 0xff, 0xff, 0xff, 0xff, 0xf0, 0x0,
    0x0, 0xb, 0xff, 0xff, 0xff, 0xff, 0xff, 0xff,
    0xfb, 0x0, 0x0, 0x0,

    /* U+F0C7 "" */
    0x1, 0x44, 0x44, 0x44, 0x44, 0x44, 0x44, 0x42,
    0x0, 0x0, 0x6, 0xff, 0xff, 0xff, 0xff, 0xff,
    0xff, 0xff, 0xf8, 0x0, 0x0, 0xef, 0xff, 0xff,
    0xff, 0xff, 0xff, 0xff, 0xff, 0xf8, 0x0, 0xf,
    0xff, 0xcb, 0xbb, 0xbb, 0xbb, 0xbb, 0xbd, 0xff,
    0xf8, 0x0, 0xff, 0xf0, 0x0, 0x0, 0x0, 0x0,
    0x0, 0xf, 0xff, 0xf8, 0xf, 0xff, 0x0, 0x0,
    0x0, 0x0, 0x0, 0x0, 0xff, 0xff, 0xf7, 0xff,
    0xf0, 0x0, 0x0, 0x0, 0x0, 0x0, 0xf, 0xff,
    0xff, 0xef, 0xff, 0x0, 0x0, 0x0, 0x0, 0x0,
    0x0, 0xff, 0xff, 0xff, 0xff, 0xf0, 0x0, 0x0,
    0x0, 0x0, 0x0, 0xf, 0xff, 0xff, 0xff, 0xff,
    0x54, 0x44, 0x44, 0x44, 0x44, 0x45, 0xff, 0xff,
    0xff, 0xff, 0xff, 0xff, 0xff, 0xff, 0xff, 0xff,
    0xff, 0xff, 0xff, 0xff, 0xff, 0xff, 0xff, 0xff,
    0xff, 0xff, 0xff, 0xff, 0xff, 0xff, 0xff, 0xff,
    0xff, 0xff, 0xfe, 0xce, 0xff, 0xff, 0xff, 0xff,
    0xff, 0xff, 0xff, 0xff, 0xf8, 0x0, 0x8, 0xff,
    0xff, 0xff, 0xff, 0xff, 0xff, 0xff, 0xfc, 0x0,
    0x0, 0xc, 0xff, 0xff, 0xff, 0xff, 0xff, 0xff,
    0xff, 0x80, 0x0, 0x0, 0x8f, 0xff, 0xff, 0xff,
    0xff, 0xff, 0xff, 0xfa, 0x0, 0x0, 0xa, 0xff,
    0xff, 0xff, 0xff, 0xff, 0xff, 0xff, 0xf2, 0x0,
    0x2, 0xff, 0xff, 0xff, 0xff, 0xff, 0xff, 0xff,
    0xff, 0xf7, 0x57, 0xff, 0xff, 0xff, 0xff, 0xff,
    0xff, 0xff, 0xff, 0xff, 0xff, 0xff, 0xff, 0xff,
    0xff, 0xff, 0xbf, 0xff, 0xff, 0xff, 0xff, 0xff,
    0xff, 0xff, 0xff, 0xff, 0xb1, 0x8b, 0xbb, 0xbb,
    0xbb, 0xbb, 0xbb, 0xbb, 0xbb, 0xbb, 0x81,

    /* U+F0C9 "" */
    0x13, 0x33, 0x33, 0x33, 0x33, 0x33, 0x33, 0x33,
    0x33, 0x33, 0x1f, 0xff, 0xff, 0xff, 0xff, 0xff,
    0xff, 0xff, 0xff, 0xff, 0xfe, 0xff, 0xff, 0xff,
    0xff, 0xff, 0xff, 0xff, 0xff, 0xff, 0xff, 0xff,
    0xff, 0xff, 0xff, 0xff, 0xff, 0xff, 0xff, 0xff,
    0xff, 0xfe, 0x13, 0x33, 0x33, 0x33, 0x33, 0x33,
    0x33, 0x33, 0x33, 0x33, 0x10, 0x0, 0x0, 0x0,
    0x0, 0x0, 0x0, 0x0, 0x0, 0x0, 0x0, 0x0,
    0x0, 0x0, 0x0, 0x0, 0x0, 0x0, 0x0, 0x0,
    0x0, 0x0, 0x0, 0x0, 0x0, 0x0, 0x0, 0x0,
    0x0, 0x0, 0x0, 0x0, 0x57, 0x77, 0x77, 0x77,
    0x77, 0x77, 0x77, 0x77, 0x77, 0x77, 0x5f, 0xff,
    0xff, 0xff, 0xff, 0xff, 0xff, 0xff, 0xff, 0xff,
    0xff, 0xff, 0xff, 0xff, 0xff, 0xff, 0xff, 0xff,
    0xff, 0xff, 0xff, 0xfc, 0xee, 0xee, 0xee, 0xee,
    0xee, 0xee, 0xee, 0xee, 0xee, 0xeb, 0x0, 0x0,
    0x0, 0x0, 0x0, 0x0, 0x0, 0x0, 0x0, 0x0,
    0x0, 0x0, 0x0, 0x0, 0x0, 0x0, 0x0, 0x0,
    0x0, 0x0, 0x0, 0x0, 0x0, 0x0, 0x0, 0x0,
    0x0, 0x0, 0x0, 0x0, 0x0, 0x1, 0x33, 0x33,
    0x33, 0x33, 0x33, 0x33, 0x33, 0x33, 0x33, 0x31,
    0xff, 0xff, 0xff, 0xff, 0xff, 0xff, 0xff, 0xff,
    0xff, 0xff, 0xef, 0xff, 0xff, 0xff, 0xff, 0xff,
    0xff, 0xff, 0xff, 0xff, 0xff, 0xff, 0xff, 0xff,
    0xff, 0xff, 0xff, 0xff, 0xff, 0xff, 0xff, 0xe1,
    0x33, 0x33, 0x33, 0x33, 0x33, 0x33, 0x33, 0x33,
    0x33, 0x31,

    /* U+F0E0 "" */
    0x3d, 0xff, 0xff, 0xff, 0xff, 0xff, 0xff, 0xff,
    0xff, 0xff, 0xff, 0xd3, 0xdf, 0xff, 0xff, 0xff,
    0xff, 0xff, 0xff, 0xff, 0xff, 0xff, 0xff, 0xfd,
    0xff, 0xff, 0xff, 0xff, 0xff, 0xff, 0xff, 0xff,
    0xff, 0xff, 0xff, 0xff, 0xef, 0xff, 0xff, 0xff,
    0xff, 0xff, 0xff, 0xff, 0xff, 0xff, 0xff, 0xfe,
    0x2d, 0xff, 0xff, 0xff, 0xff, 0xff, 0xff, 0xff,
    0xff, 0xff, 0xff, 0xd2, 0x0, 0x9f, 0xff, 0xff,
    0xff, 0xff, 0xff, 0xff, 0xff, 0xff, 0xf9, 0x0,
    0xe4, 0x5, 0xff, 0xff, 0xff, 0xff, 0xff, 0xff,
    0xff, 0xff, 0x50, 0x4e, 0xff, 0x80, 0x2c, 0xff,
    0xff, 0xff, 0xff, 0xff, 0xff, 0xc2, 0x8, 0xff,
    0xff, 0xfc, 0x20, 0x8f, 0xff, 0xff, 0xff, 0xff,
    0xf9, 0x1, 0xcf, 0xff, 0xff, 0xff, 0xf5, 0x4,
    0xef, 0xff, 0xff, 0xfe, 0x40, 0x5e, 0xff, 0xff,
    0xff, 0xff, 0xff, 0x90, 0x1c, 0xff, 0xff, 0xb1,
    0x9, 0xff, 0xff, 0xff, 0xff, 0xff, 0xff, 0xfd,
    0x20, 0x6d, 0xd6, 0x2, 0xdf, 0xff, 0xff, 0xff,
    0xff, 0xff, 0xff, 0xff, 0xf6, 0x0, 0x0, 0x6f,
    0xff, 0xff, 0xff, 0xff, 0xff, 0xff, 0xff, 0xff,
    0xff, 0xd9, 0x9d, 0xff, 0xff, 0xff, 0xff, 0xff,
    0xff, 0xff, 0xff, 0xff, 0xff, 0xff, 0xff, 0xff,
    0xff, 0xff, 0xff, 0xff, 0xff, 0xff, 0xff, 0xff,
    0xff, 0xff, 0xff, 0xff, 0xff, 0xff, 0xff, 0xff,
    0xdf, 0xff, 0xff, 0xff, 0xff, 0xff, 0xff, 0xff,
    0xff, 0xff, 0xff, 0xfd, 0x3d, 0xff, 0xff, 0xff,
    0xff, 0xff, 0xff, 0xff, 0xff, 0xff, 0xff, 0xd3,

    /* U+F0E7 "" */
    0x0, 0x4f, 0xff, 0xff, 0xff, 0xf3, 0x0, 0x0,
    0x0, 0x9, 0xff, 0xff, 0xff, 0xff, 0x60, 0x0,
    0x0, 0x0, 0xbf, 0xff, 0xff, 0xff, 0xf1, 0x0,
    0x0, 0x0, 0xd, 0xff, 0xff, 0xff, 0xfc, 0x0,
    0x0, 0x0, 0x0, 0xff, 0xff, 0xff, 0xff, 0x70,
    0x0, 0x0, 0x0, 0x1f, 0xff, 0xff, 0xff, 0xf2,
    0x0, 0x0, 0x0, 0x3, 0xff, 0xff, 0xff, 0xfc,
    0x0, 0x0, 0x0, 0x0, 0x5f, 0xff, 0xff, 0xff,
    0xc8, 0x88, 0x87, 0x30, 0x8, 0xff, 0xff, 0xff,
    0xff, 0xff, 0xff, 0xff, 0x0, 0xaf, 0xff, 0xff,
    0xff, 0xff, 0xff, 0xff, 0xa0, 0xc, 0xff, 0xff,
    0xff, 0xff, 0xff, 0xff, 0xf2, 0x0, 0xef, 0xff,
    0xff, 0xff, 0xff, 0xff, 0xf8, 0x0, 0xf, 0xff,
    0xff, 0xff, 0xff, 0xff, 0xfe, 0x0, 0x0, 0x37,
    0x88, 0x88, 0xaf, 0xff, 0xff, 0x50, 0x0, 0x0,
    0x0, 0x0, 0x8, 0xff, 0xff, 0xc0, 0x0, 0x0,
    0x0, 0x0, 0x0, 0xcf, 0xff, 0xf3, 0x0, 0x0,
    0x0, 0x0, 0x0, 0xf, 0xff, 0xfa, 0x0, 0x0,
    0x0, 0x0, 0x0, 0x3, 0xff, 0xff, 0x10, 0x0,
    0x0, 0x0, 0x0, 0x0, 0x7f, 0xff, 0x70, 0x0,
    0x0, 0x0, 0x0, 0x0, 0xb, 0xff, 0xd0, 0x0,
    0x0, 0x0, 0x0, 0x0, 0x0, 0xff, 0xf4, 0x0,
    0x0, 0x0, 0x0, 0x0, 0x0, 0x3f, 0xfb, 0x0,
    0x0, 0x0, 0x0, 0x0, 0x0, 0x6, 0xff, 0x20,
    0x0, 0x0, 0x0, 0x0, 0x0, 0x0, 0x4f, 0x70,
    0x0, 0x0, 0x0, 0x0,

    /* U+F0EA "" */
    0x0, 0x0, 0x3, 0xdf, 0xd3, 0x0, 0x0, 0x0,
    0x0, 0x0, 0x4, 0x78, 0x88, 0xff, 0xef, 0xf8,
    0x88, 0x74, 0x0, 0x0, 0x0, 0xff, 0xff, 0xff,
    0x90, 0x9f, 0xff, 0xff, 0xf0, 0x0, 0x0, 0xf,
    0xff, 0xff, 0xf9, 0x9, 0xff, 0xff, 0xff, 0x0,
    0x0, 0x0, 0xff, 0xff, 0xff, 0xfe, 0xff, 0xff,
    0xff, 0xf0, 0x0, 0x0, 0xf, 0xff, 0xff, 0xff,
    0xff, 0xff, 0xff, 0xff, 0x0, 0x0, 0x0, 0xff,
    0xff, 0xff, 0xe5, 0x0, 0x0, 0x0, 0x0, 0x0,
    0x0, 0xf, 0xff, 0xff, 0xf4, 0x7, 0x88, 0x88,
    0x88, 0x3, 0x30, 0x0, 0xff, 0xff, 0xff, 0x7,
    0xff, 0xff, 0xff, 0xf0, 0x8f, 0x40, 0xf, 0xff,
    0xff, 0xf0, 0x8f, 0xff, 0xff, 0xff, 0x8, 0xff,
    0x40, 0xff, 0xff, 0xff, 0x8, 0xff, 0xff, 0xff,
    0xf0, 0x8f, 0xff, 0x4f, 0xff, 0xff, 0xf0, 0x8f,
    0xff, 0xff, 0xff, 0x8, 0xff, 0xfe, 0xff, 0xff,
    0xff, 0x8, 0xff, 0xff, 0xff, 0xf0, 0x0, 0x0,
    0xf, 0xff, 0xff, 0xf0, 0x8f, 0xff, 0xff, 0xff,
    0xb8, 0x88, 0x88, 0xff, 0xff, 0xff, 0x8, 0xff,
    0xff, 0xff, 0xff, 0xff, 0xff, 0xff, 0xff, 0xff,
    0xf0, 0x8f, 0xff, 0xff, 0xff, 0xff, 0xff, 0xff,
    0xff, 0xff, 0xff, 0x8, 0xff, 0xff, 0xff, 0xff,
    0xff, 0xff, 0xff, 0xff, 0xff, 0xf0, 0x8f, 0xff,
    0xff, 0xff, 0xff, 0xff, 0xff, 0xff, 0xff, 0xff,
    0x8, 0xff, 0xff, 0xff, 0xff, 0xff, 0xff, 0xf4,
    0x78, 0x88, 0x80, 0x8f, 0xff, 0xff, 0xff, 0xff,
    0xff, 0xff, 0x0, 0x0, 0x0, 0x8, 0xff, 0xff,
    0xff, 0xff, 0xff, 0xff, 0xf0, 0x0, 0x0, 0x0,
    0x8f, 0xff, 0xff, 0xff, 0xff, 0xff, 0xff, 0x0,
    0x0, 0x0, 0x7, 0xff, 0xff, 0xff, 0xff, 0xff,
    0xff, 0xf0, 0x0, 0x0, 0x0, 0x4f, 0xff, 0xff,
    0xff, 0xff, 0xff, 0xfb,

    /* U+F0F3 "" */
    0x0, 0x0, 0x0, 0x0, 0x8, 0xf8, 0x0, 0x0,
    0x0, 0x0, 0x0, 0x0, 0x0, 0x0, 0x0, 0xff,
    0xf0, 0x0, 0x0, 0x0, 0x0, 0x0, 0x0, 0x0,
    0x1, 0x5f, 0xff, 0x51, 0x0, 0x0, 0x0, 0x0,
    0x0, 0x0, 0x8, 0xff, 0xff, 0xff, 0xf8, 0x0,
    0x0, 0x0, 0x0, 0x0, 0xc, 0xff, 0xff, 0xff,
    0xff, 0xfb, 0x0, 0x0, 0x0, 0x0, 0xa, 0xff,
    0xff, 0xff, 0xff, 0xff, 0xf9, 0x0, 0x0, 0x0,
    0x4, 0xff, 0xff, 0xff, 0xff, 0xff, 0xff, 0xf3,
    0x0, 0x0, 0x0, 0xaf, 0xff, 0xff, 0xff, 0xff,
    0xff, 0xff, 0x90, 0x0, 0x0, 0xe, 0xff, 0xff,
    0xff, 0xff, 0xff, 0xff, 0xfd, 0x0, 0x0, 0x0,
    0xff, 0xff, 0xff, 0xff, 0xff, 0xff, 0xff, 0xf0,
    0x0, 0x0, 0xf, 0xff, 0xff, 0xff, 0xff, 0xff,
    0xff, 0xff, 0x0, 0x0, 0x1, 0xff, 0xff, 0xff,
    0xff, 0xff, 0xff, 0xff, 0xf1, 0x0, 0x0, 0x4f,
    0xff, 0xff, 0xff, 0xff, 0xff, 0xff, 0xff, 0x40,
    0x0, 0x8, 0xff, 0xff, 0xff, 0xff, 0xff, 0xff,
    0xff, 0xf8, 0x0, 0x0, 0xdf, 0xff, 0xff, 0xff,
    0xff, 0xff, 0xff, 0xff, 0xd0, 0x0, 0x5f, 0xff,
    0xff, 0xff, 0xff, 0xff, 0xff, 0xff, 0xff, 0x50,
    0x3f, 0xff, 0xff, 0xff, 0xff, 0xff, 0xff, 0xff,
    0xff, 0xff, 0x3d, 0xff, 0xff, 0xff, 0xff, 0xff,
    0xff, 0xff, 0xff, 0xff, 0xfd, 0xdf, 0xff, 0xff,
    0xff, 0xff, 0xff, 0xff, 0xff, 0xff, 0xff, 0xd2,
    0x78, 0x88, 0x88, 0x88, 0x88, 0x88, 0x88, 0x88,
    0x88, 0x72, 0x0, 0x0, 0x0, 0x0, 0x0, 0x0,
    0x0, 0x0, 0x0, 0x0, 0x0, 0x0, 0x0, 0x0,
    0x6f, 0xff, 0xff, 0x60, 0x0, 0x0, 0x0, 0x0,
    0x0, 0x0, 0x1, 0xff, 0xff, 0xe1, 0x0, 0x0,
    0x0, 0x0, 0x0, 0x0, 0x0, 0x3, 0xcf, 0xc3,
    0x0, 0x0, 0x0, 0x0,

    /* U+F11C "" */
    0x3d, 0xff, 0xff, 0xff, 0xff, 0xff, 0xff, 0xff,
    0xff, 0xff, 0xff, 0xff, 0xfd, 0x3d, 0xff, 0xff,
    0xff, 0xff, 0xff, 0xff, 0xff, 0xff, 0xff, 0xff,
    0xff, 0xff, 0xfd, 0xff, 0xff, 0xff, 0xff, 0xff,
    0xff, 0xff, 0xff, 0xff, 0xff, 0xff, 0xff, 0xff,
    0xff, 0xff, 0x10, 0x1f, 0x90, 0x9, 0xf1, 0x1,
    0xf9, 0x0, 0x9f, 0x10, 0x1f, 0xff, 0xff, 0xf0,
    0x0, 0xf8, 0x0, 0x8f, 0x0, 0xf, 0x80, 0x8,
    0xf0, 0x0, 0xff, 0xff, 0xff, 0x10, 0x1f, 0x90,
    0x9, 0xf1, 0x1, 0xf9, 0x0, 0x9f, 0x10, 0x1f,
    0xff, 0xff, 0xff, 0xff, 0xff, 0xff, 0xff, 0xff,
    0xff, 0xff, 0xff, 0xff, 0xff, 0xff, 0xff, 0xff,
    0xff, 0xb8, 0x8f, 0xe8, 0x8b, 0xfb, 0x88, 0xfe,
    0x88, 0xbf, 0xff, 0xff, 0xff, 0xff, 0xf4, 0x0,
    0xcc, 0x0, 0x4f, 0x40, 0xc, 0xc0, 0x4, 0xff,
    0xff, 0xff, 0xff, 0xff, 0x40, 0xc, 0xc0, 0x4,
    0xf4, 0x0, 0xcc, 0x0, 0x4f, 0xff, 0xff, 0xff,
    0xff, 0xfb, 0x88, 0xfe, 0x88, 0xbf, 0xb8, 0x8f,
    0xe8, 0x8b, 0xff, 0xff, 0xff, 0xff, 0xff, 0xff,
    0xff, 0xff, 0xff, 0xff, 0xff, 0xff, 0xff, 0xff,
    0xff, 0xff, 0xff, 0xf1, 0x1, 0xf9, 0x0, 0x0,
    0x0, 0x0, 0x0, 0x9, 0xf1, 0x1, 0xff, 0xff,
    0xff, 0x0, 0xf, 0x80, 0x0, 0x0, 0x0, 0x0,
    0x0, 0x8f, 0x0, 0xf, 0xff, 0xff, 0xf1, 0x1,
    0xf9, 0x0, 0x0, 0x0, 0x0, 0x0, 0x9, 0xf1,
    0x1, 0xff, 0xff, 0xff, 0xff, 0xff, 0xff, 0xff,
    0xff, 0xff, 0xff, 0xff, 0xff, 0xff, 0xff, 0xff,
    0xdf, 0xff, 0xff, 0xff, 0xff, 0xff, 0xff, 0xff,
    0xff, 0xff, 0xff, 0xff, 0xff, 0xd3, 0xdf, 0xff,
    0xff, 0xff, 0xff, 0xff, 0xff, 0xff, 0xff, 0xff,
    0xff, 0xff, 0xd3,

    /* U+F124 "" */
    0x0, 0x0, 0x0, 0x0, 0x0, 0x0, 0x0, 0x0,
    0x0, 0x0, 0x0, 0x0, 0x0, 0x0, 0x0, 0x0,
    0x0, 0x0, 0x0, 0x0, 0x0, 0x0, 0x0, 0x3a,
    0xfc, 0x20, 0x0, 0x0, 0x0, 0x0, 0x0, 0x0,
    0x0, 0x0, 0x0, 0x4b, 0xff, 0xff, 0xc0, 0x0,
    0x0, 0x0, 0x0, 0x0, 0x0, 0x0, 0x0, 0x5c,
    0xff, 0xff, 0xff, 0xf0, 0x0, 0x0, 0x0, 0x0,
    0x0, 0x0, 0x0, 0x6e, 0xff, 0xff, 0xff, 0xff,
    0xa0, 0x0, 0x0, 0x0, 0x0, 0x0, 0x1, 0x8e,
    0xff, 0xff, 0xff, 0xff, 0xff, 0x30, 0x0, 0x0,
    0x0, 0x0, 0x2, 0x9f, 0xff, 0xff, 0xff, 0xff,
    0xff, 0xfb, 0x0, 0x0, 0x0, 0x0, 0x3, 0xaf,
    0xff, 0xff, 0xff, 0xff, 0xff, 0xff, 0xf4, 0x0,
    0x0, 0x0, 0x4, 0xcf, 0xff, 0xff, 0xff, 0xff,
    0xff, 0xff, 0xff, 0xc0, 0x0, 0x0, 0x6, 0xdf,
    0xff, 0xff, 0xff, 0xff, 0xff, 0xff, 0xff, 0xff,
    0x50, 0x0, 0x3, 0xef, 0xff, 0xff, 0xff, 0xff,
    0xff, 0xff, 0xff, 0xff, 0xfe, 0x0, 0x0, 0xd,
    0xff, 0xff, 0xff, 0xff, 0xff, 0xff, 0xff, 0xff,
    0xff, 0xf6, 0x0, 0x0, 0xf, 0xff, 0xff, 0xff,
    0xff, 0xff, 0xff, 0xff, 0xff, 0xff, 0xe0, 0x0,
    0x0, 0x9, 0xff, 0xff, 0xff, 0xff, 0xff, 0xff,
    0xff, 0xff, 0xff, 0x80, 0x0, 0x0, 0x0, 0x57,
    0x88, 0x88, 0x88, 0x8c, 0xff, 0xff, 0xff, 0xff,
    0x10, 0x0, 0x0, 0x0, 0x0, 0x0, 0x0, 0x0,
    0x8, 0xff, 0xff, 0xff, 0xf9, 0x0, 0x0, 0x0,
    0x0, 0x0, 0x0, 0x0, 0x0, 0x8, 0xff, 0xff,
    0xff, 0xf2, 0x0, 0x0, 0x0, 0x0, 0x0, 0x0,
    0x0, 0x0, 0x8, 0xff, 0xff, 0xff, 0xa0, 0x0,
    0x0, 0x0, 0x0, 0x0, 0x0, 0x0, 0x0, 0x8,
    0xff, 0xff, 0xff, 0x30, 0x0, 0x0, 0x0, 0x0,
    0x0, 0x0, 0x0, 0x0, 0x8, 0xff, 0xff, 0xfc,
    0x0, 0x0, 0x0, 0x0, 0x0, 0x0, 0x0, 0x0,
    0x0, 0x8, 0xff, 0xff, 0xf4, 0x0, 0x0, 0x0,
    0x0, 0x0, 0x0, 0x0, 0x0, 0x0, 0x8, 0xff,
    0xff, 0xd0, 0x0, 0x0, 0x0, 0x0, 0x0, 0x0,
    0x0, 0x0, 0x0, 0x7, 0xff, 0xff, 0x60, 0x0,
    0x0, 0x0, 0x0, 0x0, 0x0, 0x0, 0x0, 0x0,
    0x5, 0xff, 0xfe, 0x0, 0x0, 0x0, 0x0, 0x0,
    0x0, 0x0, 0x0, 0x0, 0x0, 0x0, 0x9f, 0xd3,
    0x0, 0x0, 0x0, 0x0, 0x0, 0x0, 0x0, 0x0,
    0x0, 0x0, 0x0, 0x0, 0x0, 0x0, 0x0, 0x0,
    0x0, 0x0,

    /* U+F15B "" */
    0xbf, 0xff, 0xff, 0xff, 0xff, 0x80, 0xe4, 0x0,
    0x0, 0xff, 0xff, 0xff, 0xff, 0xff, 0x80, 0xff,
    0x40, 0x0, 0xff, 0xff, 0xff, 0xff, 0xff, 0x80,
    0xff, 0xf4, 0x0, 0xff, 0xff, 0xff, 0xff, 0xff,
    0x80, 0xff, 0xff, 0x40, 0xff, 0xff, 0xff, 0xff,
    0xff, 0x80, 0xff, 0xff, 0xf4, 0xff, 0xff, 0xff,
    0xff, 0xff, 0x80, 0xff, 0xff, 0xfe, 0xff, 0xff,
    0xff, 0xff, 0xff, 0x80, 0x0, 0x0, 0x0, 0xff,
    0xff, 0xff, 0xff, 0xff, 0xf8, 0x88, 0x88, 0x88,
    0xff, 0xff, 0xff, 0xff, 0xff, 0xff, 0xff, 0xff,
    0xff, 0xff, 0xff, 0xff, 0xff, 0xff, 0xff, 0xff,
    0xff, 0xff, 0xff, 0xff, 0xff, 0xff, 0xff, 0xff,
    0xff, 0xff, 0xff, 0xff, 0xff, 0xff, 0xff, 0xff,
    0xff, 0xff, 0xff, 0xff, 0xff, 0xff, 0xff, 0xff,
    0xff, 0xff, 0xff, 0xff, 0xff, 0xff, 0xff, 0xff,
    0xff, 0xff, 0xff, 0xff, 0xff, 0xff, 0xff, 0xff,
    0xff, 0xff, 0xff, 0xff, 0xff, 0xff, 0xff, 0xff,
    0xff, 0xff, 0xff, 0xff, 0xff, 0xff, 0xff, 0xff,
    0xff, 0xff, 0xff, 0xff, 0xff, 0xff, 0xff, 0xff,
    0xff, 0xff, 0xff, 0xff, 0xff, 0xff, 0xff, 0xff,
    0xff, 0xff, 0xff, 0xff, 0xff, 0xff, 0xff, 0xff,
    0xff, 0xff, 0xff, 0xff, 0xff, 0xff, 0xff, 0xff,
    0xff, 0xff, 0xff, 0xff, 0xff, 0xff, 0xff, 0xff,
    0xff, 0xff, 0xff, 0xff, 0xff, 0xff, 0xff, 0xff,
    0xff, 0xff, 0xff, 0xff, 0xff, 0xff, 0xff, 0xff,
    0xff, 0xff, 0xff, 0xff, 0xff, 0xff, 0xff, 0xbf,
    0xff, 0xff, 0xff, 0xff, 0xff, 0xff, 0xff, 0xfb,

    /* U+F1EB "" */
    0x0, 0x0, 0x0, 0x0, 0x0, 0x0, 0x0, 0x0,
    0x0, 0x0, 0x0, 0x0, 0x0, 0x0, 0x0, 0x0,
    0x0, 0x0, 0x0, 0x0, 0x3, 0x56, 0x77, 0x65,
    0x30, 0x0, 0x0, 0x0, 0x0, 0x0, 0x0, 0x0,
    0x0, 0x2, 0x7c, 0xff, 0xff, 0xff, 0xff, 0xff,
    0xc7, 0x20, 0x0, 0x0, 0x0, 0x0, 0x0, 0x5,
    0xcf, 0xff, 0xff, 0xff, 0xff, 0xff, 0xff, 0xff,
    0xfc, 0x50, 0x0, 0x0, 0x0, 0x3, 0xdf, 0xff,
    0xff, 0xff, 0xff, 0xff, 0xff, 0xff, 0xff, 0xff,
    0xfd, 0x30, 0x0, 0x0, 0x8f, 0xff, 0xff, 0xff,
    0xc9, 0x65, 0x44, 0x56, 0x9c, 0xff, 0xff, 0xff,
    0xf8, 0x0, 0x1c, 0xff, 0xff, 0xfd, 0x61, 0x0,
    0x0, 0x0, 0x0, 0x0, 0x16, 0xdf, 0xff, 0xff,
    0xc1, 0xdf, 0xff, 0xfe, 0x50, 0x0, 0x0, 0x0,
    0x0, 0x0, 0x0, 0x0, 0x5, 0xef, 0xff, 0xfd,
    0x9f, 0xff, 0x90, 0x0, 0x0, 0x0, 0x0, 0x0,
    0x0, 0x0, 0x0, 0x0, 0x9, 0xff, 0xf9, 0x9,
    0xf6, 0x0, 0x0, 0x0, 0x48, 0xcd, 0xff, 0xdc,
    0x84, 0x0, 0x0, 0x0, 0x6f, 0x90, 0x0, 0x10,
    0x0, 0x0, 0x6e, 0xff, 0xff, 0xff, 0xff, 0xff,
    0xe6, 0x0, 0x0, 0x1, 0x0, 0x0, 0x0, 0x0,
    0x3d, 0xff, 0xff, 0xff, 0xff, 0xff, 0xff, 0xff,
    0xd3, 0x0, 0x0, 0x0, 0x0, 0x0, 0x5, 0xff,
    0xff, 0xff, 0xfe, 0xcc, 0xef, 0xff, 0xff, 0xff,
    0x50, 0x0, 0x0, 0x0, 0x0, 0x8, 0xff, 0xff,
    0xc5, 0x10, 0x0, 0x1, 0x5c, 0xff, 0xff, 0x80,
    0x0, 0x0, 0x0, 0x0, 0x0, 0xaf, 0xe4, 0x0,
    0x0, 0x0, 0x0, 0x0, 0x4e, 0xfa, 0x0, 0x0,
    0x0, 0x0, 0x0, 0x0, 0x6, 0x10, 0x0, 0x0,
    0x0, 0x0, 0x0, 0x1, 0x60, 0x0, 0x0, 0x0,
    0x0, 0x0, 0x0, 0x0, 0x0, 0x0, 0x0, 0x22,
    0x0, 0x0, 0x0, 0x0, 0x0, 0x0, 0x0, 0x0,
    0x0, 0x0, 0x0, 0x0, 0x0, 0x1d, 0xff, 0xc1,
    0x0, 0x0, 0x0, 0x0, 0x0, 0x0, 0x0, 0x0,
    0x0, 0x0, 0x0, 0x0, 0xbf, 0xff, 0xfb, 0x0,
    0x0, 0x0, 0x0, 0x0, 0x0, 0x0, 0x0, 0x0,
    0x0, 0x0, 0x0, 0xff, 0xff, 0xff, 0x0, 0x0,
    0x0, 0x0, 0x0, 0x0, 0x0, 0x0, 0x0, 0x0,
    0x0, 0x0, 0xdf, 0xff, 0xfd, 0x0, 0x0, 0x0,
    0x0, 0x0, 0x0, 0x0, 0x0, 0x0, 0x0, 0x0,
    0x0, 0x5f, 0xff, 0xf5, 0x0, 0x0, 0x0, 0x0,
    0x0, 0x0, 0x0, 0x0, 0x0, 0x0, 0x0, 0x0,
    0x4, 0xaa, 0x40, 0x0, 0x0, 0x0, 0x0, 0x0,
    0x0,

    /* U+F240 "" */
    0x1, 0x44, 0x44, 0x44, 0x44, 0x44, 0x44, 0x44,
    0x44, 0x44, 0x44, 0x44, 0x44, 0x30, 0x0, 0x6f,
    0xff, 0xff, 0xff, 0xff, 0xff, 0xff, 0xff, 0xff,
    0xff, 0xff, 0xff, 0xff, 0xfd, 0x0, 0xef, 0xff,
    0xff, 0xff, 0xff, 0xff, 0xff, 0xff, 0xff, 0xff,
    0xff, 0xff, 0xff, 0xff, 0x60, 0xff, 0xfb, 0xbb,
    0xbb, 0xbb, 0xbb, 0xbb, 0xbb, 0xbb, 0xbb, 0xbb,
    0xbb, 0xbd, 0xff, 0xa1, 0xff, 0xf0, 0x0, 0x0,
    0x0, 0x0, 0x0, 0x0, 0x0, 0x0, 0x0, 0x0,
    0x8, 0xff, 0xfe, 0xff, 0xf0, 0x8f, 0xff, 0xff,
    0xff, 0xff, 0xff, 0xff, 0xff, 0xff, 0xff, 0x8,
    0xff, 0xff, 0xff, 0xf0, 0x8f, 0xff, 0xff, 0xff,
    0xff, 0xff, 0xff, 0xff, 0xff, 0xff, 0x5, 0xbf,
    0xff, 0xff, 0xf0, 0x8f, 0xff, 0xff, 0xff, 0xff,
    0xff, 0xff, 0xff, 0xff, 0xff, 0x0, 0xf, 0xff,
    0xff, 0xf0, 0x8f, 0xff, 0xff, 0xff, 0xff, 0xff,
    0xff, 0xff, 0xff, 0xff, 0x0, 0xf, 0xff, 0xff,
    0xf0, 0x8f, 0xff, 0xff, 0xff, 0xff, 0xff, 0xff,
    0xff, 0xff, 0xff, 0x2, 0x4f, 0xff, 0xff, 0xf0,
    0x8f, 0xff, 0xff, 0xff, 0xff, 0xff, 0xff, 0xff,
    0xff, 0xff, 0x8, 0xff, 0xff, 0xff, 0xf0, 0x0,
    0x0, 0x0, 0x0, 0x0, 0x0, 0x0, 0x0, 0x0,
    0x0, 0x8, 0xff, 0xff, 0xff, 0xf4, 0x44, 0x44,
    0x44, 0x44, 0x44, 0x44, 0x44, 0x44, 0x44, 0x44,
    0x4a, 0xff, 0xd7, 0xff, 0xff, 0xff, 0xff, 0xff,
    0xff, 0xff, 0xff, 0xff, 0xff, 0xff, 0xff, 0xff,
    0xff, 0x70, 0xbf, 0xff, 0xff, 0xff, 0xff, 0xff,
    0xff, 0xff, 0xff, 0xff, 0xff, 0xff, 0xff, 0xff,
    0x30, 0x18, 0xbb, 0xbb, 0xbb, 0xbb, 0xbb, 0xbb,
    0xbb, 0xbb, 0xbb, 0xbb, 0xbb, 0xbb, 0xa4, 0x0,

    /* U+F241 "" */
    0x1, 0x44, 0x44, 0x44, 0x44, 0x44, 0x44, 0x44,
    0x44, 0x44, 0x44, 0x44, 0x44, 0x30, 0x0, 0x6f,
    0xff, 0xff, 0xff, 0xff, 0xff, 0xff, 0xff, 0xff,
    0xff, 0xff, 0xff, 0xff, 0xfd, 0x0, 0xef, 0xff,
    0xff, 0xff, 0xff, 0xff, 0xff, 0xff, 0xff, 0xff,
    0xff, 0xff, 0xff, 0xff, 0x60, 0xff, 0xfb, 0xbb,
    0xbb, 0xbb, 0xbb, 0xbb, 0xbb, 0xbb, 0xbb, 0xbb,
    0xbb, 0xbd, 0xff, 0xa1, 0xff, 0xf0, 0x0, 0x0,
    0x0, 0x0, 0x0, 0x0, 0x0, 0x0, 0x0, 0x0,
    0x8, 0xff, 0xfe, 0xff, 0xf0, 0xbf, 0xff, 0xff,
    0xff, 0xff, 0xff, 0xff, 0xf4, 0x0, 0x0, 0x8,
    0xff, 0xff, 0xff, 0xf0, 0xbf, 0xff, 0xff, 0xff,
    0xff, 0xff, 0xff, 0xf4, 0x0, 0x0, 0x5, 0xbf,
    0xff, 0xff, 0xf0, 0xbf, 0xff, 0xff, 0xff, 0xff,
    0xff, 0xff, 0xf4, 0x0, 0x0, 0x0, 0xf, 0xff,
    0xff, 0xf0, 0xbf, 0xff, 0xff, 0xff, 0xff, 0xff,
    0xff, 0xf4, 0x0, 0x0, 0x0, 0xf, 0xff, 0xff,
    0xf0, 0xbf, 0xff, 0xff, 0xff, 0xff, 0xff, 0xff,
    0xf4, 0x0, 0x0, 0x2, 0x4f, 0xff, 0xff, 0xf0,
    0xbf, 0xff, 0xff, 0xff, 0xff, 0xff, 0xff, 0xf4,
    0x0, 0x0, 0x8, 0xff, 0xff, 0xff, 0xf0, 0x0,
    0x0, 0x0, 0x0, 0x0, 0x0, 0x0, 0x0, 0x0,
    0x0, 0x8, 0xff, 0xff, 0xff, 0xf4, 0x44, 0x44,
    0x44, 0x44, 0x44, 0x44, 0x44, 0x44, 0x44, 0x44,
    0x4a, 0xff, 0xd7, 0xff, 0xff, 0xff, 0xff, 0xff,
    0xff, 0xff, 0xff, 0xff, 0xff, 0xff, 0xff, 0xff,
    0xff, 0x70, 0xbf, 0xff, 0xff, 0xff, 0xff, 0xff,
    0xff, 0xff, 0xff, 0xff, 0xff, 0xff, 0xff, 0xff,
    0x30, 0x18, 0xbb, 0xbb, 0xbb, 0xbb, 0xbb, 0xbb,
    0xbb, 0xbb, 0xbb, 0xbb, 0xbb, 0xbb, 0xa4, 0x0,

    /* U+F242 "" */
    0x1, 0x44, 0x44, 0x44, 0x44, 0x44, 0x44, 0x44,
    0x44, 0x44, 0x44, 0x44, 0x44, 0x30, 0x0, 0x6f,
    0xff, 0xff, 0xff, 0xff, 0xff, 0xff, 0xff, 0xff,
    0xff, 0xff, 0xff, 0xff, 0xfd, 0x0, 0xef, 0xff,
    0xff, 0xff, 0xff, 0xff, 0xff, 0xff, 0xff, 0xff,
    0xff, 0xff, 0xff, 0xff, 0x60, 0xff, 0xfb, 0xbb,
    0xbb, 0xbb, 0xbb, 0xbb, 0xbb, 0xbb, 0xbb, 0xbb,
    0xbb, 0xbd, 0xff, 0xa1, 0xff, 0xf0, 0x0, 0x0,
    0x0, 0x0, 0x0, 0x0, 0x0, 0x0, 0x0, 0x0,
    0x8, 0xff, 0xfe, 0xff, 0xf0, 0x8f, 0xff, 0xff,
    0xff, 0xff, 0xf0, 0x0, 0x0, 0x0, 0x0, 0x8,
    0xff, 0xff, 0xff, 0xf0, 0x8f, 0xff, 0xff, 0xff,
    0xff, 0xf0, 0x0, 0x0, 0x0, 0x0, 0x5, 0xbf,
    0xff, 0xff, 0xf0, 0x8f, 0xff, 0xff, 0xff, 0xff,
    0xf0, 0x0, 0x0, 0x0, 0x0, 0x0, 0xf, 0xff,
    0xff, 0xf0, 0x8f, 0xff, 0xff, 0xff, 0xff, 0xf0,
    0x0, 0x0, 0x0, 0x0, 0x0, 0xf, 0xff, 0xff,
    0xf0, 0x8f, 0xff, 0xff, 0xff, 0xff, 0xf0, 0x0,
    0x0, 0x0, 0x0, 0x2, 0x4f, 0xff, 0xff, 0xf0,
    0x8f, 0xff, 0xff, 0xff, 0xff, 0xf0, 0x0, 0x0,
    0x0, 0x0, 0x8, 0xff, 0xff, 0xff, 0xf0, 0x0,
    0x0, 0x0, 0x0, 0x0, 0x0, 0x0, 0x0, 0x0,
    0x0, 0x8, 0xff, 0xff, 0xff, 0xf4, 0x44, 0x44,
    0x44, 0x44, 0x44, 0x44, 0x44, 0x44, 0x44, 0x44,
    0x4a, 0xff, 0xd7, 0xff, 0xff, 0xff, 0xff, 0xff,
    0xff, 0xff, 0xff, 0xff, 0xff, 0xff, 0xff, 0xff,
    0xff, 0x70, 0xbf, 0xff, 0xff, 0xff, 0xff, 0xff,
    0xff, 0xff, 0xff, 0xff, 0xff, 0xff, 0xff, 0xff,
    0x30, 0x18, 0xbb, 0xbb, 0xbb, 0xbb, 0xbb, 0xbb,
    0xbb, 0xbb, 0xbb, 0xbb, 0xbb, 0xbb, 0xa4, 0x0,

    /* U+F243 "" */
    0x1, 0x44, 0x44, 0x44, 0x44, 0x44, 0x44, 0x44,
    0x44, 0x44, 0x44, 0x44, 0x44, 0x30, 0x0, 0x6f,
    0xff, 0xff, 0xff, 0xff, 0xff, 0xff, 0xff, 0xff,
    0xff, 0xff, 0xff, 0xff, 0xfd, 0x0, 0xef, 0xff,
    0xff, 0xff, 0xff, 0xff, 0xff, 0xff, 0xff, 0xff,
    0xff, 0xff, 0xff, 0xff, 0x60, 0xff, 0xfb, 0xbb,
    0xbb, 0xbb, 0xbb, 0xbb, 0xbb, 0xbb, 0xbb, 0xbb,
    0xbb, 0xbd, 0xff, 0xa1, 0xff, 0xf0, 0x0, 0x0,
    0x0, 0x0, 0x0, 0x0, 0x0, 0x0, 0x0, 0x0,
    0x8, 0xff, 0xfe, 0xff, 0xf0, 0xbf, 0xff, 0xff,
    0x40, 0x0, 0x0, 0x0, 0x0, 0x0, 0x0, 0x8,
    0xff, 0xff, 0xff, 0xf0, 0xbf, 0xff, 0xff, 0x40,
    0x0, 0x0, 0x0, 0x0, 0x0, 0x0, 0x5, 0xbf,
    0xff, 0xff, 0xf0, 0xbf, 0xff, 0xff, 0x40, 0x0,
    0x0, 0x0, 0x0, 0x0, 0x0, 0x0, 0xf, 0xff,
    0xff, 0xf0, 0xbf, 0xff, 0xff, 0x40, 0x0, 0x0,
    0x0, 0x0, 0x0, 0x0, 0x0, 0xf, 0xff, 0xff,
    0xf0, 0xbf, 0xff, 0xff, 0x40, 0x0, 0x0, 0x0,
    0x0, 0x0, 0x0, 0x2, 0x4f, 0xff, 0xff, 0xf0,
    0xbf, 0xff, 0xff, 0x40, 0x0, 0x0, 0x0, 0x0,
    0x0, 0x0, 0x8, 0xff, 0xff, 0xff, 0xf0, 0x0,
    0x0, 0x0, 0x0, 0x0, 0x0, 0x0, 0x0, 0x0,
    0x0, 0x8, 0xff, 0xff, 0xff, 0xf4, 0x44, 0x44,
    0x44, 0x44, 0x44, 0x44, 0x44, 0x44, 0x44, 0x44,
    0x4a, 0xff, 0xd7, 0xff, 0xff, 0xff, 0xff, 0xff,
    0xff, 0xff, 0xff, 0xff, 0xff, 0xff, 0xff, 0xff,
    0xff, 0x70, 0xbf, 0xff, 0xff, 0xff, 0xff, 0xff,
    0xff, 0xff, 0xff, 0xff, 0xff, 0xff, 0xff, 0xff,
    0x30, 0x18, 0xbb, 0xbb, 0xbb, 0xbb, 0xbb, 0xbb,
    0xbb, 0xbb, 0xbb, 0xbb, 0xbb, 0xbb, 0xa4, 0x0,

    /* U+F244 "" */
    0x1, 0x44, 0x44, 0x44, 0x44, 0x44, 0x44, 0x44,
    0x44, 0x44, 0x44, 0x44, 0x44, 0x30, 0x0, 0x6f,
    0xff, 0xff, 0xff, 0xff, 0xff, 0xff, 0xff, 0xff,
    0xff, 0xff, 0xff, 0xff, 0xfd, 0x0, 0xef, 0xff,
    0xff, 0xff, 0xff, 0xff, 0xff, 0xff, 0xff, 0xff,
    0xff, 0xff, 0xff, 0xff, 0x60, 0xff, 0xfb, 0xbb,
    0xbb, 0xbb, 0xbb, 0xbb, 0xbb, 0xbb, 0xbb, 0xbb,
    0xbb, 0xbd, 0xff, 0xa1, 0xff, 0xf0, 0x0, 0x0,
    0x0, 0x0, 0x0, 0x0, 0x0, 0x0, 0x0, 0x0,
    0x8, 0xff, 0xfe, 0xff, 0xf0, 0x0, 0x0, 0x0,
    0x0, 0x0, 0x0, 0x0, 0x0, 0x0, 0x0, 0x8,
    0xff, 0xff, 0xff, 0xf0, 0x0, 0x0, 0x0, 0x0,
    0x0, 0x0, 0x0, 0x0, 0x0, 0x0, 0x5, 0xbf,
    0xff, 0xff, 0xf0, 0x0, 0x0, 0x0, 0x0, 0x0,
    0x0, 0x0, 0x0, 0x0, 0x0, 0x0, 0xf, 0xff,
    0xff, 0xf0, 0x0, 0x0, 0x0, 0x0, 0x0, 0x0,
    0x0, 0x0, 0x0, 0x0, 0x0, 0xf, 0xff, 0xff,
    0xf0, 0x0, 0x0, 0x0, 0x0, 0x0, 0x0, 0x0,
    0x0, 0x0, 0x0, 0x2, 0x4f, 0xff, 0xff, 0xf0,
    0x0, 0x0, 0x0, 0x0, 0x0, 0x0, 0x0, 0x0,
    0x0, 0x0, 0x8, 0xff, 0xff, 0xff, 0xf0, 0x0,
    0x0, 0x0, 0x0, 0x0, 0x0, 0x0, 0x0, 0x0,
    0x0, 0x8, 0xff, 0xff, 0xff, 0xf4, 0x44, 0x44,
    0x44, 0x44, 0x44, 0x44, 0x44, 0x44, 0x44, 0x44,
    0x4a, 0xff, 0xd7, 0xff, 0xff, 0xff, 0xff, 0xff,
    0xff, 0xff, 0xff, 0xff, 0xff, 0xff, 0xff, 0xff,
    0xff, 0x70, 0xbf, 0xff, 0xff, 0xff, 0xff, 0xff,
    0xff, 0xff, 0xff, 0xff, 0xff, 0xff, 0xff, 0xff,
    0x30, 0x18, 0xbb, 0xbb, 0xbb, 0xbb, 0xbb, 0xbb,
    0xbb, 0xbb, 0xbb, 0xbb, 0xbb, 0xbb, 0xa4, 0x0,

    /* U+F287 "" */
    0x0, 0x0, 0x0, 0x0, 0x0, 0x0, 0x0, 0x0,
    0x1, 0x0, 0x0, 0x0, 0x0, 0x0, 0x0, 0x0,
    0x0, 0x0, 0x0, 0x0, 0x0, 0x0, 0x0, 0x2d,
    0xfe, 0x30, 0x0, 0x0, 0x0, 0x0, 0x0, 0x0,
    0x0, 0x0, 0x0, 0x0, 0x0, 0x27, 0x7d, 0xff,
    0xfd, 0x0, 0x0, 0x0, 0x0, 0x0, 0x0, 0x0,
    0x0, 0x0, 0x0, 0x0, 0x4f, 0xff, 0xff, 0xff,
    0xf0, 0x0, 0x0, 0x0, 0x0, 0x0, 0x0, 0x0,
    0x0, 0x0, 0x0, 0xe, 0xf5, 0x3a, 0xff, 0xfb,
    0x0, 0x0, 0x0, 0x0, 0x0, 0x0, 0x0, 0x0,
    0x0, 0x0, 0x7, 0xf6, 0x0, 0x9, 0xda, 0x0,
    0x0, 0x0, 0x0, 0x0, 0x0, 0x0, 0x2, 0x0,
    0x0, 0x0, 0xed, 0x0, 0x0, 0x0, 0x0, 0x0,
    0x0, 0x0, 0x0, 0x0, 0x0, 0x9f, 0xfe, 0x50,
    0x0, 0x6f, 0x60, 0x0, 0x0, 0x0, 0x0, 0x0,
    0x0, 0xa4, 0x0, 0x0, 0x8f, 0xff, 0xff, 0x30,
    0x1e, 0xe0, 0x0, 0x0, 0x0, 0x0, 0x0, 0x0,
    0xf, 0xfa, 0x10, 0xe, 0xff, 0xff, 0xfd, 0xbe,
    0xfe, 0xbb, 0xbb, 0xbb, 0xbb, 0xbb, 0xbb, 0xbb,
    0xff, 0xff, 0x60, 0xef, 0xff, 0xff, 0xff, 0xff,
    0xff, 0xff, 0xff, 0xff, 0xff, 0xff, 0xff, 0xff,
    0xff, 0xfb, 0xa, 0xff, 0xff, 0xf5, 0x0, 0x0,
    0x1c, 0xf3, 0x0, 0x0, 0x0, 0x0, 0x0, 0xff,
    0xd4, 0x0, 0x1c, 0xff, 0xf9, 0x0, 0x0, 0x0,
    0x2f, 0xa0, 0x0, 0x0, 0x0, 0x0, 0xe, 0x70,
    0x0, 0x0, 0x4, 0x63, 0x0, 0x0, 0x0, 0x0,
    0xbf, 0x20, 0x0, 0x0, 0x0, 0x0, 0x0, 0x0,
    0x0, 0x0, 0x0, 0x0, 0x0, 0x0, 0x0, 0x3,
    0xfb, 0x0, 0x8f, 0xff, 0xf5, 0x0, 0x0, 0x0,
    0x0, 0x0, 0x0, 0x0, 0x0, 0x0, 0x0, 0xa,
    0xf8, 0x4b, 0xff, 0xff, 0x60, 0x0, 0x0, 0x0,
    0x0, 0x0, 0x0, 0x0, 0x0, 0x0, 0x0, 0xb,
    0xff, 0xff, 0xff, 0xf6, 0x0, 0x0, 0x0, 0x0,
    0x0, 0x0, 0x0, 0x0, 0x0, 0x0, 0x0, 0x3,
    0x5c, 0xff, 0xff, 0x60, 0x0, 0x0, 0x0, 0x0,
    0x0, 0x0, 0x0, 0x0, 0x0, 0x0, 0x0, 0x0,
    0x9f, 0xff, 0xf5, 0x0, 0x0, 0x0, 0x0, 0x0,
    0x0, 0x0, 0x0, 0x0, 0x0, 0x0, 0x0, 0x0,
    0x11, 0x10, 0x0, 0x0, 0x0, 0x0,

    /* U+F293 "" */
    0x0, 0x0, 0x2, 0x8c, 0xef, 0xfe, 0xa6, 0x0,
    0x0, 0x0, 0x0, 0x9, 0xff, 0xff, 0xff, 0xff,
    0xfe, 0x30, 0x0, 0x0, 0xc, 0xff, 0xff, 0xf4,
    0xff, 0xff, 0xff, 0x40, 0x0, 0xa, 0xff, 0xff,
    0xff, 0x5, 0xff, 0xff, 0xfe, 0x10, 0x2, 0xff,
    0xff, 0xff, 0xf0, 0x5, 0xff, 0xff, 0xf8, 0x0,
    0x9f, 0xff, 0xff, 0xff, 0x0, 0x6, 0xff, 0xff,
    0xe0, 0xe, 0xff, 0xfc, 0xff, 0xf0, 0x16, 0x7,
    0xff, 0xff, 0x21, 0xff, 0xf8, 0x9, 0xff, 0x1,
    0xf6, 0x7, 0xff, 0xf5, 0x4f, 0xff, 0xd1, 0x9,
    0xf0, 0x1f, 0x70, 0x6f, 0xff, 0x86, 0xff, 0xff,
    0xd1, 0x7, 0x1, 0x70, 0x5f, 0xff, 0xf9, 0x7f,
    0xff, 0xff, 0xd1, 0x0, 0x0, 0x3f, 0xff, 0xff,
    0xa7, 0xff, 0xff, 0xff, 0xc1, 0x0, 0x2e, 0xff,
    0xff, 0xfb, 0x7f, 0xff, 0xff, 0xff, 0x30, 0x5,
    0xff, 0xff, 0xff, 0xb7, 0xff, 0xff, 0xff, 0x40,
    0x0, 0x6, 0xff, 0xff, 0xfa, 0x6f, 0xff, 0xff,
    0x40, 0x30, 0x3, 0x7, 0xff, 0xff, 0xa4, 0xff,
    0xff, 0x40, 0x4e, 0x1, 0xe2, 0x8, 0xff, 0xf8,
    0x2f, 0xff, 0x70, 0x4f, 0xf0, 0x1f, 0x90, 0x2f,
    0xff, 0x60, 0xef, 0xff, 0x7f, 0xff, 0x1, 0xb0,
    0x2e, 0xff, 0xf3, 0xa, 0xff, 0xff, 0xff, 0xf0,
    0x0, 0x2e, 0xff, 0xff, 0x0, 0x4f, 0xff, 0xff,
    0xff, 0x0, 0x2e, 0xff, 0xff, 0x90, 0x0, 0xbf,
    0xff, 0xff, 0xf0, 0x2e, 0xff, 0xff, 0xf2, 0x0,
    0x1, 0xdf, 0xff, 0xff, 0x3e, 0xff, 0xff, 0xf7,
    0x0, 0x0, 0x0, 0xaf, 0xff, 0xff, 0xff, 0xff,
    0xf7, 0x0, 0x0, 0x0, 0x0, 0x28, 0xce, 0xff,
    0xec, 0x82, 0x0, 0x0,

    /* U+F2ED "" */
    0x0, 0x0, 0x0, 0x1a, 0xcc, 0xcc, 0xca, 0x10,
    0x0, 0x0, 0x2, 0x44, 0x44, 0x49, 0xff, 0xff,
    0xff, 0xf9, 0x44, 0x44, 0x42, 0xff, 0xff, 0xff,
    0xff, 0xff, 0xff, 0xff, 0xff, 0xff, 0xff, 0xff,
    0xff, 0xff, 0xff, 0xff, 0xff, 0xff, 0xff, 0xff,
    0xff, 0xff, 0x9b, 0xbb, 0xbb, 0xbb, 0xbb, 0xbb,
    0xbb, 0xbb, 0xbb, 0xbb, 0x80, 0x0, 0x0, 0x0,
    0x0, 0x0, 0x0, 0x0, 0x0, 0x0, 0x0, 0x8,
    0xff, 0xff, 0xff, 0xff, 0xff, 0xff, 0xff, 0xff,
    0xf8, 0x0, 0x8f, 0xff, 0xff, 0xff, 0xff, 0xff,
    0xff, 0xff, 0xff, 0x80, 0x8, 0xff, 0xff, 0xff,
    0xff, 0xff, 0xff, 0xff, 0xff, 0xf8, 0x0, 0x8f,
    0xff, 0x66, 0xff, 0xd1, 0xdf, 0xf6, 0x6f, 0xff,
    0x80, 0x8, 0xff, 0xf4, 0x4f, 0xfc, 0xc, 0xff,
    0x44, 0xff, 0xf8, 0x0, 0x8f, 0xff, 0x44, 0xff,
    0xc0, 0xcf, 0xf4, 0x4f, 0xff, 0x80, 0x8, 0xff,
    0xf4, 0x4f, 0xfc, 0xc, 0xff, 0x44, 0xff, 0xf8,
    0x0, 0x8f, 0xff, 0x44, 0xff, 0xc0, 0xcf, 0xf4,
    0x4f, 0xff, 0x80, 0x8, 0xff, 0xf4, 0x4f, 0xfc,
    0xc, 0xff, 0x44, 0xff, 0xf8, 0x0, 0x8f, 0xff,
    0x44, 0xff, 0xc0, 0xcf, 0xf4, 0x4f, 0xff, 0x80,
    0x8, 0xff, 0xf4, 0x4f, 0xfc, 0xc, 0xff, 0x44,
    0xff, 0xf8, 0x0, 0x8f, 0xff, 0x44, 0xff, 0xc0,
    0xcf, 0xf4, 0x4f, 0xff, 0x80, 0x8, 0xff, 0xf4,
    0x4f, 0xfc, 0xc, 0xff, 0x44, 0xff, 0xf8, 0x0,
    0x8f, 0xff, 0x44, 0xff, 0xc0, 0xcf, 0xf4, 0x4f,
    0xff, 0x80, 0x8, 0xff, 0xf6, 0x6f, 0xfd, 0x1d,
    0xff, 0x66, 0xff, 0xf8, 0x0, 0x7f, 0xff, 0xff,
    0xff, 0xff, 0xff, 0xff, 0xff, 0xff, 0x70, 0x5,
    0xff, 0xff, 0xff, 0xff, 0xff, 0xff, 0xff, 0xff,
    0xf5, 0x0, 0x9, 0xff, 0xff, 0xff, 0xff, 0xff,
    0xff, 0xff, 0xf9, 0x0,

    /* U+F304 "" */
    0x0, 0x0, 0x0, 0x0, 0x0, 0x0, 0x0, 0x0,
    0x0, 0x6e, 0xe5, 0x0, 0x0, 0x0, 0x0, 0x0,
    0x0, 0x0, 0x0, 0x0, 0x0, 0x7f, 0xff, 0xf6,
    0x0, 0x0, 0x0, 0x0, 0x0, 0x0, 0x0, 0x0,
    0x0, 0x7f, 0xff, 0xff, 0xf6, 0x0, 0x0, 0x0,
    0x0, 0x0, 0x0, 0x0, 0x0, 0x1f, 0xff, 0xff,
    0xff, 0xf5, 0x0, 0x0, 0x0, 0x0, 0x0, 0x0,
    0x0, 0x50, 0x3f, 0xff, 0xff, 0xff, 0xe0, 0x0,
    0x0, 0x0, 0x0, 0x0, 0x0, 0x7f, 0xb0, 0x3f,
    0xff, 0xff, 0xfe, 0x0, 0x0, 0x0, 0x0, 0x0,
    0x0, 0x7f, 0xff, 0xb0, 0x3f, 0xff, 0xff, 0x60,
    0x0, 0x0, 0x0, 0x0, 0x0, 0x7f, 0xff, 0xff,
    0xb0, 0x3f, 0xff, 0x70, 0x0, 0x0, 0x0, 0x0,
    0x0, 0x7f, 0xff, 0xff, 0xff, 0xb0, 0x3f, 0x70,
    0x0, 0x0, 0x0, 0x0, 0x0, 0x7f, 0xff, 0xff,
    0xff, 0xff, 0xb0, 0x10, 0x0, 0x0, 0x0, 0x0,
    0x0, 0x7f, 0xff, 0xff, 0xff, 0xff, 0xff, 0x50,
    0x0, 0x0, 0x0, 0x0, 0x0, 0x7f, 0xff, 0xff,
    0xff, 0xff, 0xff, 0x70, 0x0, 0x0, 0x0, 0x0,
    0x0, 0x7f, 0xff, 0xff, 0xff, 0xff, 0xff, 0x70,
    0x0, 0x0, 0x0, 0x0, 0x0, 0x7f, 0xff, 0xff,
    0xff, 0xff, 0xff, 0x70, 0x0, 0x0, 0x0, 0x0,
    0x0, 0x7f, 0xff, 0xff, 0xff, 0xff, 0xff, 0x70,
    0x0, 0x0, 0x0, 0x0, 0x0, 0x7f, 0xff, 0xff,
    0xff, 0xff, 0xff, 0x70, 0x0, 0x0, 0x0, 0x0,
    0x0, 0x7f, 0xff, 0xff, 0xff, 0xff, 0xff, 0x70,
    0x0, 0x0, 0x0, 0x0, 0x0, 0x5f, 0xff, 0xff,
    0xff, 0xff, 0xff, 0x70, 0x0, 0x0, 0x0, 0x0,
    0x0, 0x8, 0xff, 0xff, 0xff, 0xff, 0xff, 0x70,
    0x0, 0x0, 0x0, 0x0, 0x0, 0x0, 0xaf, 0xff,
    0xff, 0xff, 0xff, 0x70, 0x0, 0x0, 0x0, 0x0,
    0x0, 0x0, 0xb, 0xff, 0xff, 0xff, 0xff, 0x70,
    0x0, 0x0, 0x0, 0x0, 0x0, 0x0, 0x0, 0xdf,
    0xff, 0xff, 0xff, 0x70, 0x0, 0x0, 0x0, 0x0,
    0x0, 0x0, 0x0, 0xf, 0xff, 0xff, 0xff, 0x70,
    0x0, 0x0, 0x0, 0x0, 0x0, 0x0, 0x0, 0x0,
    0xbf, 0xdb, 0xa8, 0x50, 0x0, 0x0, 0x0, 0x0,
    0x0, 0x0, 0x0, 0x0, 0x0, 0x0, 0x0, 0x0,
    0x0, 0x0, 0x0, 0x0, 0x0, 0x0, 0x0, 0x0,
    0x0,

    /* U+F55A "" */
    0x0, 0x0, 0x0, 0x2, 0xbf, 0xff, 0xff, 0xff,
    0xff, 0xff, 0xff, 0xff, 0xff, 0xfe, 0x80, 0x0,
    0x0, 0x0, 0x3e, 0xff, 0xff, 0xff, 0xff, 0xff,
    0xff, 0xff, 0xff, 0xff, 0xff, 0xf8, 0x0, 0x0,
    0x3, 0xef, 0xff, 0xff, 0xff, 0xff, 0xff, 0xff,
    0xff, 0xff, 0xff, 0xff, 0xfe, 0x0, 0x0, 0x3e,
    0xff, 0xff, 0xff, 0xff, 0xcf, 0xff, 0xff, 0xfc,
    0xff, 0xff, 0xff, 0xff, 0x0, 0x3, 0xef, 0xff,
    0xff, 0xff, 0xf7, 0x6, 0xff, 0xff, 0x60, 0x8f,
    0xff, 0xff, 0xff, 0x0, 0x3e, 0xff, 0xff, 0xff,
    0xff, 0xc0, 0x0, 0x6f, 0xf6, 0x0, 0xc, 0xff,
    0xff, 0xff, 0x3, 0xef, 0xff, 0xff, 0xff, 0xff,
    0xf6, 0x0, 0x6, 0x60, 0x0, 0x6f, 0xff, 0xff,
    0xff, 0x3f, 0xff, 0xff, 0xff, 0xff, 0xff, 0xff,
    0x60, 0x0, 0x0, 0x6, 0xff, 0xff, 0xff, 0xff,
    0xdf, 0xff, 0xff, 0xff, 0xff, 0xff, 0xff, 0xf6,
    0x0, 0x0, 0x6f, 0xff, 0xff, 0xff, 0xff, 0xdf,
    0xff, 0xff, 0xff, 0xff, 0xff, 0xff, 0xf6, 0x0,
    0x0, 0x6f, 0xff, 0xff, 0xff, 0xff, 0x3f, 0xff,
    0xff, 0xff, 0xff, 0xff, 0xff, 0x60, 0x0, 0x0,
    0x6, 0xff, 0xff, 0xff, 0xff, 0x3, 0xff, 0xff,
    0xff, 0xff, 0xff, 0xf6, 0x0, 0x6, 0x60, 0x0,
    0x6f, 0xff, 0xff, 0xff, 0x0, 0x3e, 0xff, 0xff,
    0xff, 0xff, 0xc0, 0x0, 0x6f, 0xf6, 0x0, 0xc,
    0xff, 0xff, 0xff, 0x0, 0x3, 0xef, 0xff, 0xff,
    0xff, 0xf8, 0x6, 0xff, 0xff, 0x60, 0x7f, 0xff,
    0xff, 0xff, 0x0, 0x0, 0x3e, 0xff, 0xff, 0xff,
    0xff, 0xcf, 0xff, 0xff, 0xfc, 0xff, 0xff, 0xff,
    0xff, 0x0, 0x0, 0x3, 0xef, 0xff, 0xff, 0xff,
    0xff, 0xff, 0xff, 0xff, 0xff, 0xff, 0xff, 0xfe,
    0x0, 0x0, 0x0, 0x3e, 0xff, 0xff, 0xff, 0xff,
    0xff, 0xff, 0xff, 0xff, 0xff, 0xff, 0xf8, 0x0,
    0x0, 0x0, 0x2, 0xbf, 0xff, 0xff, 0xff, 0xff,
    0xff, 0xff, 0xff, 0xff, 0xfe, 0x80,

    /* U+F7C2 "" */
    0x0, 0x0, 0x7, 0xff, 0xff, 0xff, 0xff, 0xfe,
    0x80, 0x0, 0x0, 0x7f, 0xff, 0xff, 0xff, 0xff,
    0xff, 0xf8, 0x0, 0x7, 0xff, 0xff, 0xff, 0xff,
    0xff, 0xff, 0xfe, 0x0, 0x7f, 0xf4, 0x8, 0xf0,
    0xe, 0x90, 0xf, 0xff, 0x7, 0xff, 0xf4, 0x8,
    0xf0, 0xe, 0x90, 0xf, 0xff, 0x7f, 0xff, 0xf4,
    0x8, 0xf0, 0xe, 0x90, 0xf, 0xff, 0xff, 0xff,
    0xf4, 0x8, 0xf0, 0xe, 0x90, 0xf, 0xff, 0xff,
    0xff, 0xfa, 0x8c, 0xf8, 0x8f, 0xc8, 0x8f, 0xff,
    0xff, 0xff, 0xff, 0xff, 0xff, 0xff, 0xff, 0xff,
    0xff, 0xff, 0xff, 0xff, 0xff, 0xff, 0xff, 0xff,
    0xff, 0xff, 0xff, 0xff, 0xff, 0xff, 0xff, 0xff,
    0xff, 0xff, 0xff, 0xff, 0xff, 0xff, 0xff, 0xff,
    0xff, 0xff, 0xff, 0xff, 0xff, 0xff, 0xff, 0xff,
    0xff, 0xff, 0xff, 0xff, 0xff, 0xff, 0xff, 0xff,
    0xff, 0xff, 0xff, 0xff, 0xff, 0xff, 0xff, 0xff,
    0xff, 0xff, 0xff, 0xff, 0xff, 0xff, 0xff, 0xff,
    0xff, 0xff, 0xff, 0xff, 0xff, 0xff, 0xff, 0xff,
    0xff, 0xff, 0xff, 0xff, 0xff, 0xff, 0xff, 0xff,
    0xff, 0xff, 0xff, 0xff, 0xff, 0xff, 0xff, 0xff,
    0xff, 0xff, 0xff, 0xff, 0xff, 0xff, 0xff, 0xff,
    0xff, 0xff, 0xff, 0xff, 0xff, 0xff, 0xff, 0xff,
    0xff, 0xff, 0xff, 0xff, 0xff, 0xff, 0xff, 0xff,
    0xff, 0xff, 0xff, 0xff, 0xff, 0xef, 0xff, 0xff,
    0xff, 0xff, 0xff, 0xff, 0xff, 0xfe, 0x8f, 0xff,
    0xff, 0xff, 0xff, 0xff, 0xff, 0xff, 0xf8, 0x8,
    0xef, 0xff, 0xff, 0xff, 0xff, 0xff, 0xfe, 0x80,

    /* U+F8A2 "" */
    0x0, 0x0, 0x0, 0x0, 0x0, 0x0, 0x0, 0x0,
    0x0, 0x0, 0x0, 0x2, 0x0, 0x0, 0x0, 0x0,
    0x0, 0x0, 0x0, 0x0, 0x0, 0x0, 0x0, 0x7,
    0xf1, 0x0, 0x0, 0x0, 0x0, 0x0, 0x0, 0x0,
    0x0, 0x0, 0x0, 0x7, 0xff, 0x10, 0x0, 0x0,
    0x3, 0x0, 0x0, 0x0, 0x0, 0x0, 0x0, 0x6,
    0xff, 0xf1, 0x0, 0x0, 0x1c, 0xf7, 0x0, 0x0,
    0x0, 0x0, 0x0, 0x0, 0xaf, 0xff, 0x10, 0x0,
    0x1d, 0xff, 0x90, 0x0, 0x0, 0x0, 0x0, 0x0,
    0xa, 0xff, 0xf1, 0x0, 0x2d, 0xff, 0xf9, 0x0,
    0x0, 0x0, 0x0, 0x0, 0x0, 0xaf, 0xff, 0x10,
    0x2e, 0xff, 0xff, 0xa2, 0x22, 0x22, 0x22, 0x22,
    0x22, 0x2b, 0xff, 0xf1, 0x3e, 0xff, 0xff, 0xff,
    0xff, 0xff, 0xff, 0xff, 0xff, 0xff, 0xff, 0xff,
    0x1d, 0xff, 0xff, 0xff, 0xff, 0xff, 0xff, 0xff,
    0xff, 0xff, 0xff, 0xff, 0xf1, 0x8f, 0xff, 0xff,
    0xff, 0xff, 0xff, 0xff, 0xff, 0xff, 0xff, 0xff,
    0xff, 0x0, 0x8f, 0xff, 0xff, 0xd9, 0x99, 0x99,
    0x99, 0x99, 0x99, 0x99, 0x99, 0x60, 0x0, 0x7f,
    0xff, 0xf9, 0x0, 0x0, 0x0, 0x0, 0x0, 0x0,
    0x0, 0x0, 0x0, 0x0, 0x6f, 0xff, 0x90, 0x0,
    0x0, 0x0, 0x0, 0x0, 0x0, 0x0, 0x0, 0x0,
    0x0, 0x5f, 0xf8, 0x0, 0x0, 0x0, 0x0, 0x0,
    0x0, 0x0, 0x0, 0x0, 0x0, 0x0, 0x4a, 0x20,
    0x0, 0x0, 0x0, 0x0, 0x0, 0x0, 0x0, 0x0
};
// 天 bitmap (242 bytes)
0xAF, 0xFF, 0xFF, 0xFF, 0xFF, 0xFF, 0xFF, 0xFF, 0xFF, 0xFF, 0xF6, 0xAF, 0xFF, 0xFF, 0xFF, 0xFF,
0xFF, 0xFF, 0xFF, 0xFF, 0xFF, 0xF6, 0xAF, 0xFF, 0xFF, 0xFF, 0xFF, 0xFF, 0xFF, 0xFF, 0xFF, 0xFF,
0xF6, 0x00, 0x00, 0x00, 0x00, 0x0A, 0xFF, 0x30, 0x00, 0x00, 0x00, 0x00, 0x00, 0x00, 0x00, 0x00,
0x0A, 0xFF, 0x30, 0x00, 0x00, 0x00, 0x00, 0x00, 0x00, 0x00, 0x00, 0x0A, 0xFF, 0x30, 0x00, 0x00,
0x00, 0x00, 0x00, 0x00, 0x00, 0x00, 0x0A, 0xFF, 0x30, 0x00, 0x00, 0x00, 0x00, 0x00, 0x00, 0x00,
0x00, 0x0A, 0xFF, 0x30, 0x00, 0x00, 0x00, 0x00, 0x0F, 0xFF, 0xFF, 0xFF, 0xFF, 0xFF, 0xFF, 0xFF,
0xFF, 0xFF, 0xF0, 0x0F, 0xFF, 0xFF, 0xFF, 0xFF, 0xFF, 0xFF, 0xFF, 0xFF, 0xFF, 0xF0, 0x0F, 0xFF,
0xFF, 0xFF, 0xFF, 0xFF, 0xFF, 0xFF, 0xFF, 0xFF, 0xF0, 0x00, 0x00, 0x00, 0x00, 0x4F, 0xFF, 0xF1,
0x00, 0x00, 0x00, 0x00, 0x00, 0x00, 0x00, 0x00, 0x9F, 0xFF, 0xF8, 0x00, 0x00, 0x00, 0x00, 0x00,
0x00, 0x00, 0x02, 0xFF, 0xFF, 0xFF, 0x30, 0x00, 0x00, 0x00, 0x00, 0x00, 0x00, 0x1B, 0xFF, 0xD6,
0xFF, 0xF1, 0x00, 0x00, 0x00, 0x00, 0x00, 0x01, 0xBF, 0xFF, 0x31, 0xFF, 0xFB, 0x10, 0x00, 0x00,
0x00, 0x00, 0x1B, 0xFF, 0xF8, 0x00, 0x4F, 0xFF, 0xD3, 0x00, 0x00, 0x00, 0x16, 0xFF, 0xFF, 0x80,
0x00, 0x06, 0xFF, 0xFF, 0x81, 0x00, 0x38, 0xFF, 0xFF, 0xF7, 0x00, 0x00, 0x00, 0x5F, 0xFF, 0xFF,
0xB5, 0xBF, 0xFF, 0xFD, 0x40, 0x00, 0x00, 0x00, 0x03, 0xDF, 0xFF, 0xF9, 0x1F, 0xFD, 0x50, 0x00,
0x00, 0x00, 0x00, 0x00, 0x16, 0xDF, 0xF1, 0x04, 0x20, 0x00, 0x00, 0x00, 0x00, 0x00, 0x00, 0x00,
0x04, 0x30,
// 气 bitmap (276 bytes)
0x00, 0x00, 0x01, 0x20, 0x00, 0x00, 0x00, 0x00, 0x00, 0x00, 0x00, 0x00, 0x00, 0x00, 0x05, 0xFF,
0x50, 0x00, 0x00, 0x00, 0x00, 0x00, 0x00, 0x00, 0x00, 0x00, 0x0D, 0xFF, 0x40, 0x00, 0x00, 0x00,
0x00, 0x00, 0x00, 0x00, 0x00, 0x00, 0x5F, 0xFF, 0xFF, 0xFF, 0xFF, 0xFF, 0xFF, 0xFF, 0xFF, 0x30,
0x00, 0x00, 0xDF, 0xFF, 0xFF, 0xFF, 0xFF, 0xFF, 0xFF, 0xFF, 0xFF, 0x30, 0x00, 0x05, 0xFF, 0xA3,
0x33, 0x33, 0x33, 0x33, 0x33, 0x33, 0x33, 0x10, 0x00, 0x1F, 0xFF, 0x53, 0x33, 0x33, 0x33, 0x33,
0x33, 0x33, 0x10, 0x00, 0x01, 0xBF, 0xF9, 0xAF, 0xFF, 0xFF, 0xFF, 0xFF, 0xFF, 0xFF, 0x30, 0x00,
0x1B, 0xFF, 0xF1, 0xAF, 0xFF, 0xFF, 0xFF, 0xFF, 0xFF, 0xFF, 0x30, 0x00, 0x2D, 0xFF, 0x30, 0x00,
0x00, 0x00, 0x00, 0x00, 0x00, 0x00, 0x00, 0x00, 0x01, 0x88, 0xFF, 0xFF, 0xFF, 0xFF, 0xFF, 0xFF,
0xFF, 0xA0, 0x00, 0x00, 0x00, 0x03, 0xFF, 0xFF, 0xFF, 0xFF, 0xFF, 0xFF, 0xFF, 0xA0, 0x00, 0x00,
0x00, 0x01, 0x66, 0x66, 0x66, 0x66, 0x66, 0x66, 0xFF, 0xA0, 0x00, 0x00, 0x00, 0x00, 0x00, 0x00,
0x00, 0x00, 0x00, 0x00, 0xFF, 0xA0, 0x00, 0x00, 0x00, 0x00, 0x00, 0x00, 0x00, 0x00, 0x00, 0x00,
0xDF, 0xF0, 0x00, 0x00, 0x00, 0x00, 0x00, 0x00, 0x00, 0x00, 0x00, 0x00, 0xAF, 0xF0, 0x00, 0x00,
0x00, 0x00, 0x00, 0x00, 0x00, 0x00, 0x00, 0x00, 0x9F, 0xF2, 0x00, 0x00, 0x00, 0x00, 0x00, 0x00,
0x00, 0x00, 0x00, 0x00, 0x6F, 0xF4, 0x05, 0x10, 0x00, 0x00, 0x00, 0x00, 0x00, 0x00, 0x00, 0x00,
0x4F, 0xF8, 0x06, 0xB1, 0x00, 0x00, 0x00, 0x00, 0x00, 0x00, 0x00, 0x00, 0x0F, 0xFF, 0x29, 0xF2,
0x00, 0x00, 0x00, 0x00, 0x00, 0x00, 0x00, 0x00, 0x08, 0xFF, 0xFF, 0xF0, 0x00, 0x00, 0x00, 0x00,
0x00, 0x00, 0x00, 0x00, 0x01, 0xFF, 0xFF, 0xA0, 0x00, 0x00, 0x00, 0x00, 0x00, 0x00, 0x00, 0x00,
0x00, 0x29, 0xFD, 0x20,
// 明 bitmap (242 bytes)
0x00, 0x00, 0x00, 0x00, 0x00, 0x2A, 0xAA, 0xAA, 0xAA, 0xAA, 0xA5, 0x3F, 0xFF, 0xFF, 0xFF, 0xF0,
0x3F, 0xFF, 0xFF, 0xFF, 0xFF, 0xF6, 0x3F, 0xFF, 0xFF, 0xFF, 0xF0, 0x3F, 0xFF, 0xFF, 0xFF, 0xFF,
0xF6, 0x3F, 0xF8, 0x66, 0xAF, 0xF0, 0x3F, 0xF6, 0x00, 0x00, 0x3F, 0xF6, 0x3F, 0xF3, 0x00, 0x6F,
0xF0, 0x3F, 0xF6, 0x00, 0x00, 0x3F, 0xF6, 0x3F, 0xF3, 0x00, 0x6F, 0xF0, 0x3F, 0xF6, 0x00, 0x00,
0x3F, 0xF6, 0x3F, 0xF3, 0x00, 0x6F, 0xF0, 0x3F, 0xFA, 0x66, 0x66, 0x8F, 0xF6, 0x3F, 0xFF, 0xFF,
0xFF, 0xF0, 0x3F, 0xFF, 0xFF, 0xFF, 0xFF, 0xF6, 0x3F, 0xFF, 0xFF, 0xFF, 0xF0, 0x3F, 0xFF, 0xFF,
0xFF, 0xFF, 0xF6, 0x3F, 0xF8, 0x66, 0xAF, 0xF0, 0x3F, 0xF6, 0x00, 0x00, 0x3F, 0xF6, 0x3F, 0xF3,
0x00, 0x6F, 0xF0, 0x3F, 0xF6, 0x00, 0x00, 0x3F, 0xF6, 0x3F, 0xF3, 0x00, 0x6F, 0xF0, 0x3F, 0xF6,
0x00, 0x00, 0x3F, 0xF6, 0x3F, 0xF3, 0x00, 0x6F, 0xF0, 0x5F, 0xFF, 0xFF, 0xFF, 0xFF, 0xF6, 0x3F,
0xFF, 0xFF, 0xFF, 0xF0, 0x7F, 0xFF, 0xFF, 0xFF, 0xFF, 0xF6, 0x3F, 0xFF, 0xFF, 0xFF, 0xF0, 0xBF,
0xF6, 0x66, 0x66, 0x8F, 0xF6, 0x3F, 0xF8, 0x66, 0x66, 0x61, 0xFF, 0xA0, 0x00, 0x00, 0x3F, 0xF6,
0x3F, 0xF3, 0x00, 0x00, 0x06, 0xFF, 0x50, 0x00, 0x00, 0x3F, 0xF6, 0x16, 0x61, 0x00, 0x00, 0x1F,
0xFF, 0x10, 0x00, 0x00, 0x3F, 0xF6, 0x00, 0x00, 0x00, 0x00, 0xBF, 0xF8, 0x00, 0x00, 0x00, 0x3F,
0xF6, 0x00, 0x00, 0x00, 0x08, 0xFF, 0xF1, 0x00, 0x08, 0xAA, 0xBF, 0xF6, 0x00, 0x00, 0x00, 0x5F,
0xFF, 0x40, 0x00, 0x06, 0xFF, 0xFF, 0xF2, 0x00, 0x00, 0x00, 0x02, 0xF5, 0x00, 0x00, 0x01, 0xFF,
0xF9, 0x40,



};
/*---------------------
 *  GLYPH DESCRIPTION
 *--------------------*/

static const lv_font_fmt_txt_glyph_dsc_t glyph_dsc[] = {
    {.bitmap_index = 0, .adv_w = 0, .box_w = 0, .box_h = 0, .ofs_x = 0, .ofs_y = 0} /* id = 0 reserved */,
    {.bitmap_index = 0, .adv_w = 87, .box_w = 0, .box_h = 0, .ofs_x = 0, .ofs_y = 0},
    {.bitmap_index = 0, .adv_w = 142, .box_w = 5, .box_h = 18, .ofs_x = 2, .ofs_y = 0},
    {.bitmap_index = 45, .adv_w = 220, .box_w = 10, .box_h = 9, .ofs_x = 2, .ofs_y = 10},
    {.bitmap_index = 90, .adv_w = 227, .box_w = 14, .box_h = 18, .ofs_x = 0, .ofs_y = 0},
    {.bitmap_index = 216, .adv_w = 227, .box_w = 12, .box_h = 24, .ofs_x = 1, .ofs_y = -3},
    {.bitmap_index = 360, .adv_w = 370, .box_w = 23, .box_h = 18, .ofs_x = 0, .ofs_y = 0},
    {.bitmap_index = 567, .adv_w = 284, .box_w = 18, .box_h = 18, .ofs_x = 0, .ofs_y = 0},
    {.bitmap_index = 729, .adv_w = 125, .box_w = 4, .box_h = 9, .ofs_x = 2, .ofs_y = 10},
    {.bitmap_index = 747, .adv_w = 145, .box_w = 6, .box_h = 26, .ofs_x = 2, .ofs_y = -5},
    {.bitmap_index = 825, .adv_w = 145, .box_w = 7, .box_h = 26, .ofs_x = 1, .ofs_y = -5},
    {.bitmap_index = 916, .adv_w = 195, .box_w = 10, .box_h = 10, .ofs_x = 1, .ofs_y = 9},
    {.bitmap_index = 966, .adv_w = 227, .box_w = 14, .box_h = 13, .ofs_x = 0, .ofs_y = 3},
    {.bitmap_index = 1057, .adv_w = 125, .box_w = 6, .box_h = 11, .ofs_x = 1, .ofs_y = -6},
    {.bitmap_index = 1090, .adv_w = 142, .box_w = 7, .box_h = 3, .ofs_x = 1, .ofs_y = 6},
    {.bitmap_index = 1101, .adv_w = 125, .box_w = 6, .box_h = 5, .ofs_x = 1, .ofs_y = 0},
    {.bitmap_index = 1116, .adv_w = 149, .box_w = 9, .box_h = 24, .ofs_x = 0, .ofs_y = -5},
    {.bitmap_index = 1224, .adv_w = 227, .box_w = 13, .box_h = 18, .ofs_x = 1, .ofs_y = 0},
    {.bitmap_index = 1341, .adv_w = 227, .box_w = 12, .box_h = 18, .ofs_x = 1, .ofs_y = 0},
    {.bitmap_index = 1449, .adv_w = 227, .box_w = 13, .box_h = 18, .ofs_x = 0, .ofs_y = 0},
    {.bitmap_index = 1566, .adv_w = 227, .box_w = 13, .box_h = 18, .ofs_x = 0, .ofs_y = 0},
    {.bitmap_index = 1683, .adv_w = 227, .box_w = 14, .box_h = 18, .ofs_x = 0, .ofs_y = 0},
    {.bitmap_index = 1809, .adv_w = 227, .box_w = 13, .box_h = 18, .ofs_x = 0, .ofs_y = 0},
    {.bitmap_index = 1926, .adv_w = 227, .box_w = 13, .box_h = 18, .ofs_x = 1, .ofs_y = 0},
    {.bitmap_index = 2043, .adv_w = 227, .box_w = 13, .box_h = 18, .ofs_x = 1, .ofs_y = 0},
    {.bitmap_index = 2160, .adv_w = 227, .box_w = 13, .box_h = 18, .ofs_x = 1, .ofs_y = 0},
    {.bitmap_index = 2277, .adv_w = 227, .box_w = 13, .box_h = 18, .ofs_x = 0, .ofs_y = 0},
    {.bitmap_index = 2394, .adv_w = 125, .box_w = 6, .box_h = 14, .ofs_x = 1, .ofs_y = 0},
    {.bitmap_index = 2436, .adv_w = 125, .box_w = 6, .box_h = 20, .ofs_x = 1, .ofs_y = -6},
    {.bitmap_index = 2496, .adv_w = 227, .box_w = 14, .box_h = 13, .ofs_x = 0, .ofs_y = 3},
    {.bitmap_index = 2587, .adv_w = 227, .box_w = 14, .box_h = 9, .ofs_x = 0, .ofs_y = 5},
    {.bitmap_index = 2650, .adv_w = 227, .box_w = 14, .box_h = 13, .ofs_x = 0, .ofs_y = 3},
    {.bitmap_index = 2741, .adv_w = 197, .box_w = 11, .box_h = 18, .ofs_x = 1, .ofs_y = 0},
    {.bitmap_index = 2840, .adv_w = 387, .box_w = 22, .box_h = 23, .ofs_x = 1, .ofs_y = -5},
    {.bitmap_index = 3093, .adv_w = 246, .box_w = 17, .box_h = 18, .ofs_x = -1, .ofs_y = 0},
    {.bitmap_index = 3246, .adv_w = 262, .box_w = 14, .box_h = 18, .ofs_x = 2, .ofs_y = 0},
    {.bitmap_index = 3372, .adv_w = 252, .box_w = 15, .box_h = 18, .ofs_x = 1, .ofs_y = 0},
    {.bitmap_index = 3507, .adv_w = 274, .box_w = 14, .box_h = 18, .ofs_x = 2, .ofs_y = 0},
    {.bitmap_index = 3633, .adv_w = 236, .box_w = 12, .box_h = 18, .ofs_x = 2, .ofs_y = 0},
    {.bitmap_index = 3741, .adv_w = 225, .box_w = 12, .box_h = 18, .ofs_x = 2, .ofs_y = 0},
    {.bitmap_index = 3849, .adv_w = 275, .box_w = 15, .box_h = 18, .ofs_x = 1, .ofs_y = 0},
    {.bitmap_index = 3984, .adv_w = 291, .box_w = 14, .box_h = 18, .ofs_x = 2, .ofs_y = 0},
    {.bitmap_index = 4110, .adv_w = 127, .box_w = 4, .box_h = 18, .ofs_x = 2, .ofs_y = 0},
    {.bitmap_index = 4146, .adv_w = 218, .box_w = 12, .box_h = 18, .ofs_x = 0, .ofs_y = 0},
    {.bitmap_index = 4254, .adv_w = 263, .box_w = 15, .box_h = 18, .ofs_x = 2, .ofs_y = 0},
    {.bitmap_index = 4389, .adv_w = 222, .box_w = 11, .box_h = 18, .ofs_x = 2, .ofs_y = 0},
    {.bitmap_index = 4488, .adv_w = 328, .box_w = 17, .box_h = 18, .ofs_x = 2, .ofs_y = 0},
    {.bitmap_index = 4641, .adv_w = 288, .box_w = 14, .box_h = 18, .ofs_x = 2, .ofs_y = 0},
    {.bitmap_index = 4767, .adv_w = 296, .box_w = 17, .box_h = 18, .ofs_x = 1, .ofs_y = 0},
    {.bitmap_index = 4920, .adv_w = 256, .box_w = 13, .box_h = 18, .ofs_x = 2, .ofs_y = 0},
    {.bitmap_index = 5037, .adv_w = 296, .box_w = 17, .box_h = 23, .ofs_x = 1, .ofs_y = -5},
    {.bitmap_index = 5233, .adv_w = 262, .box_w = 14, .box_h = 18, .ofs_x = 2, .ofs_y = 0},
    {.bitmap_index = 5359, .adv_w = 240, .box_w = 14, .box_h = 18, .ofs_x = 1, .ofs_y = 0},
    {.bitmap_index = 5485, .adv_w = 240, .box_w = 15, .box_h = 18, .ofs_x = 0, .ofs_y = 0},
    {.bitmap_index = 5620, .adv_w = 287, .box_w = 14, .box_h = 18, .ofs_x = 2, .ofs_y = 0},
    {.bitmap_index = 5746, .adv_w = 238, .box_w = 16, .box_h = 18, .ofs_x = -1, .ofs_y = 0},
    {.bitmap_index = 5890, .adv_w = 351, .box_w = 22, .box_h = 18, .ofs_x = 0, .ofs_y = 0},
    {.bitmap_index = 6088, .adv_w = 241, .box_w = 15, .box_h = 18, .ofs_x = 0, .ofs_y = 0},
    {.bitmap_index = 6223, .adv_w = 223, .box_w = 16, .box_h = 18, .ofs_x = -1, .ofs_y = 0},
    {.bitmap_index = 6367, .adv_w = 235, .box_w = 13, .box_h = 18, .ofs_x = 1, .ofs_y = 0},
    {.bitmap_index = 6484, .adv_w = 145, .box_w = 6, .box_h = 24, .ofs_x = 2, .ofs_y = -5},
    {.bitmap_index = 6556, .adv_w = 149, .box_w = 9, .box_h = 24, .ofs_x = 0, .ofs_y = -5},
    {.bitmap_index = 6664, .adv_w = 145, .box_w = 6, .box_h = 24, .ofs_x = 1, .ofs_y = -5},
    {.bitmap_index = 6736, .adv_w = 227, .box_w = 12, .box_h = 11, .ofs_x = 1, .ofs_y = 8},
    {.bitmap_index = 6802, .adv_w = 218, .box_w = 14, .box_h = 3, .ofs_x = 0, .ofs_y = -4},
    {.bitmap_index = 6823, .adv_w = 240, .box_w = 8, .box_h = 8, .ofs_x = 2, .ofs_y = 15},
    {.bitmap_index = 6855, .adv_w = 227, .box_w = 12, .box_h = 14, .ofs_x = 1, .ofs_y = 0},
    {.bitmap_index = 6939, .adv_w = 247, .box_w = 14, .box_h = 19, .ofs_x = 1, .ofs_y = 0},
    {.bitmap_index = 7072, .adv_w = 202, .box_w = 11, .box_h = 14, .ofs_x = 1, .ofs_y = 0},
    {.bitmap_index = 7149, .adv_w = 247, .box_w = 13, .box_h = 19, .ofs_x = 1, .ofs_y = 0},
    {.bitmap_index = 7273, .adv_w = 223, .box_w = 12, .box_h = 14, .ofs_x = 1, .ofs_y = 0},
    {.bitmap_index = 7357, .adv_w = 143, .box_w = 10, .box_h = 19, .ofs_x = 0, .ofs_y = 0},
    {.bitmap_index = 7452, .adv_w = 229, .box_w = 13, .box_h = 19, .ofs_x = 1, .ofs_y = -5},
    {.bitmap_index = 7576, .adv_w = 246, .box_w = 13, .box_h = 19, .ofs_x = 1, .ofs_y = 0},
    {.bitmap_index = 7700, .adv_w = 117, .box_w = 5, .box_h = 19, .ofs_x = 1, .ofs_y = 0},
    {.bitmap_index = 7748, .adv_w = 118, .box_w = 8, .box_h = 24, .ofs_x = -2, .ofs_y = -5},
    {.bitmap_index = 7844, .adv_w = 232, .box_w = 14, .box_h = 19, .ofs_x = 1, .ofs_y = 0},
    {.bitmap_index = 7977, .adv_w = 121, .box_w = 7, .box_h = 19, .ofs_x = 1, .ofs_y = 0},
    {.bitmap_index = 8044, .adv_w = 370, .box_w = 21, .box_h = 14, .ofs_x = 1, .ofs_y = 0},
    {.bitmap_index = 8191, .adv_w = 246, .box_w = 13, .box_h = 14, .ofs_x = 1, .ofs_y = 0},
    {.bitmap_index = 8282, .adv_w = 240, .box_w = 13, .box_h = 14, .ofs_x = 1, .ofs_y = 0},
    {.bitmap_index = 8373, .adv_w = 247, .box_w = 14, .box_h = 19, .ofs_x = 1, .ofs_y = -5},
    {.bitmap_index = 8506, .adv_w = 247, .box_w = 13, .box_h = 19, .ofs_x = 1, .ofs_y = -5},
    {.bitmap_index = 8630, .adv_w = 167, .box_w = 10, .box_h = 14, .ofs_x = 1, .ofs_y = 0},
    {.bitmap_index = 8700, .adv_w = 190, .box_w = 12, .box_h = 14, .ofs_x = 0, .ofs_y = 0},
    {.bitmap_index = 8784, .adv_w = 162, .box_w = 10, .box_h = 18, .ofs_x = 0, .ofs_y = 0},
    {.bitmap_index = 8874, .adv_w = 245, .box_w = 13, .box_h = 14, .ofs_x = 1, .ofs_y = 0},
    {.bitmap_index = 8965, .adv_w = 221, .box_w = 14, .box_h = 14, .ofs_x = 0, .ofs_y = 0},
    {.bitmap_index = 9063, .adv_w = 331, .box_w = 21, .box_h = 14, .ofs_x = 0, .ofs_y = 0},
    {.bitmap_index = 9210, .adv_w = 216, .box_w = 14, .box_h = 14, .ofs_x = 0, .ofs_y = 0},
    {.bitmap_index = 9308, .adv_w = 220, .box_w = 14, .box_h = 19, .ofs_x = 0, .ofs_y = -5},
    {.bitmap_index = 9441, .adv_w = 196, .box_w = 12, .box_h = 14, .ofs_x = 0, .ofs_y = 0},
    {.bitmap_index = 9525, .adv_w = 145, .box_w = 8, .box_h = 24, .ofs_x = 0, .ofs_y = -5},
    {.bitmap_index = 9621, .adv_w = 114, .box_w = 3, .box_h = 28, .ofs_x = 2, .ofs_y = -7},
    {.bitmap_index = 9663, .adv_w = 145, .box_w = 8, .box_h = 24, .ofs_x = 1, .ofs_y = -5},
    {.bitmap_index = 9759, .adv_w = 227, .box_w = 14, .box_h = 5, .ofs_x = 0, .ofs_y = 7},
    {.bitmap_index = 9794, .adv_w = 384, .box_w = 24, .box_h = 24, .ofs_x = 0, .ofs_y = -3},
    {.bitmap_index = 10082, .adv_w = 384, .box_w = 22, .box_h = 23, .ofs_x = 1, .ofs_y = -2},
    {.bitmap_index = 10335, .adv_w = 384, .box_w = 24, .box_h = 23, .ofs_x = 0, .ofs_y = -2},
    {.bitmap_index = 10611, .adv_w = 384, .box_w = 18, .box_h = 21, .ofs_x = 3, .ofs_y = -2},
    {.bitmap_index = 10800, .adv_w = 384, .box_w = 24, .box_h = 24, .ofs_x = 0, .ofs_y = -3},
    {.bitmap_index = 11088, .adv_w = 384, .box_w = 23, .box_h = 22, .ofs_x = 0, .ofs_y = -2},
    {.bitmap_index = 11341, .adv_w = 384, .box_w = 23, .box_h = 24, .ofs_x = 0, .ofs_y = -3},
    {.bitmap_index = 11617, .adv_w = 384, .box_w = 22, .box_h = 23, .ofs_x = 1, .ofs_y = -3},
    {.bitmap_index = 11870, .adv_w = 384, .box_w = 24, .box_h = 25, .ofs_x = 0, .ofs_y = -3},
    {.bitmap_index = 12170, .adv_w = 384, .box_w = 24, .box_h = 18, .ofs_x = 0, .ofs_y = 0},
    {.bitmap_index = 12386, .adv_w = 384, .box_w = 24, .box_h = 22, .ofs_x = 0, .ofs_y = -2},
    {.bitmap_index = 12650, .adv_w = 384, .box_w = 24, .box_h = 18, .ofs_x = 0, .ofs_y = 0},
    {.bitmap_index = 12866, .adv_w = 264, .box_w = 17, .box_h = 18, .ofs_x = 0, .ofs_y = 0},
    {.bitmap_index = 13019, .adv_w = 384, .box_w = 24, .box_h = 24, .ofs_x = 0, .ofs_y = -3},
    {.bitmap_index = 13307, .adv_w = 384, .box_w = 24, .box_h = 24, .ofs_x = 0, .ofs_y = -3},
    {.bitmap_index = 13595, .adv_w = 432, .box_w = 27, .box_h = 22, .ofs_x = 0, .ofs_y = -2},
    {.bitmap_index = 13892, .adv_w = 384, .box_w = 24, .box_h = 24, .ofs_x = 0, .ofs_y = -3},
    {.bitmap_index = 14180, .adv_w = 432, .box_w = 27, .box_h = 18, .ofs_x = 0, .ofs_y = 0},
    {.bitmap_index = 14423, .adv_w = 384, .box_w = 24, .box_h = 26, .ofs_x = 0, .ofs_y = -4},
    {.bitmap_index = 14735, .adv_w = 192, .box_w = 12, .box_h = 19, .ofs_x = 0, .ofs_y = -1},
    {.bitmap_index = 14849, .adv_w = 288, .box_w = 18, .box_h = 19, .ofs_x = 0, .ofs_y = -1},
    {.bitmap_index = 15020, .adv_w = 432, .box_w = 27, .box_h = 24, .ofs_x = 0, .ofs_y = -3},
    {.bitmap_index = 15344, .adv_w = 384, .box_w = 24, .box_h = 18, .ofs_x = 0, .ofs_y = 0},
    {.bitmap_index = 15560, .adv_w = 264, .box_w = 17, .box_h = 24, .ofs_x = 0, .ofs_y = -3},
    {.bitmap_index = 15764, .adv_w = 336, .box_w = 15, .box_h = 22, .ofs_x = 3, .ofs_y = -2},
    {.bitmap_index = 15929, .adv_w = 336, .box_w = 21, .box_h = 26, .ofs_x = 0, .ofs_y = -4},
    {.bitmap_index = 16202, .adv_w = 336, .box_w = 21, .box_h = 22, .ofs_x = 0, .ofs_y = -2},
    {.bitmap_index = 16433, .adv_w = 336, .box_w = 21, .box_h = 22, .ofs_x = 0, .ofs_y = -2},
    {.bitmap_index = 16664, .adv_w = 336, .box_w = 15, .box_h = 22, .ofs_x = 3, .ofs_y = -2},
    {.bitmap_index = 16829, .adv_w = 336, .box_w = 23, .box_h = 22, .ofs_x = -1, .ofs_y = -2},
    {.bitmap_index = 17082, .adv_w = 240, .box_w = 13, .box_h = 22, .ofs_x = 1, .ofs_y = -2},
    {.bitmap_index = 17225, .adv_w = 240, .box_w = 13, .box_h = 22, .ofs_x = 1, .ofs_y = -2},
    {.bitmap_index = 17368, .adv_w = 336, .box_w = 21, .box_h = 22, .ofs_x = 0, .ofs_y = -2},
    {.bitmap_index = 17599, .adv_w = 336, .box_w = 21, .box_h = 6, .ofs_x = 0, .ofs_y = 6},
    {.bitmap_index = 17662, .adv_w = 432, .box_w = 27, .box_h = 18, .ofs_x = 0, .ofs_y = 0},
    {.bitmap_index = 17905, .adv_w = 480, .box_w = 31, .box_h = 24, .ofs_x = -1, .ofs_y = -3},
    {.bitmap_index = 18277, .adv_w = 432, .box_w = 29, .box_h = 24, .ofs_x = -1, .ofs_y = -3},
    {.bitmap_index = 18625, .adv_w = 384, .box_w = 24, .box_h = 22, .ofs_x = 0, .ofs_y = -2},
    {.bitmap_index = 18889, .adv_w = 336, .box_w = 21, .box_h = 14, .ofs_x = 0, .ofs_y = 2},
    {.bitmap_index = 19036, .adv_w = 336, .box_w = 21, .box_h = 14, .ofs_x = 0, .ofs_y = 2},
    {.bitmap_index = 19183, .adv_w = 480, .box_w = 31, .box_h = 19, .ofs_x = -1, .ofs_y = -1},
    {.bitmap_index = 19478, .adv_w = 384, .box_w = 24, .box_h = 18, .ofs_x = 0, .ofs_y = 0},
    {.bitmap_index = 19694, .adv_w = 384, .box_w = 24, .box_h = 24, .ofs_x = 0, .ofs_y = -3},
    {.bitmap_index = 19982, .adv_w = 384, .box_w = 25, .box_h = 25, .ofs_x = -1, .ofs_y = -3},
    {.bitmap_index = 20295, .adv_w = 336, .box_w = 22, .box_h = 22, .ofs_x = 0, .ofs_y = -2},
    {.bitmap_index = 20537, .adv_w = 336, .box_w = 21, .box_h = 24, .ofs_x = 0, .ofs_y = -3},
    {.bitmap_index = 20789, .adv_w = 336, .box_w = 21, .box_h = 22, .ofs_x = 0, .ofs_y = -2},
    {.bitmap_index = 21020, .adv_w = 336, .box_w = 21, .box_h = 20, .ofs_x = 0, .ofs_y = -1},
    {.bitmap_index = 21230, .adv_w = 384, .box_w = 24, .box_h = 18, .ofs_x = 0, .ofs_y = 0},
    {.bitmap_index = 21446, .adv_w = 240, .box_w = 17, .box_h = 24, .ofs_x = -1, .ofs_y = -3},
    {.bitmap_index = 21650, .adv_w = 336, .box_w = 21, .box_h = 24, .ofs_x = 0, .ofs_y = -3},
    {.bitmap_index = 21902, .adv_w = 336, .box_w = 21, .box_h = 24, .ofs_x = 0, .ofs_y = -3},
    {.bitmap_index = 22154, .adv_w = 432, .box_w = 27, .box_h = 18, .ofs_x = 0, .ofs_y = 0},
    {.bitmap_index = 22397, .adv_w = 384, .box_w = 26, .box_h = 26, .ofs_x = -1, .ofs_y = -4},
    {.bitmap_index = 22735, .adv_w = 288, .box_w = 18, .box_h = 24, .ofs_x = 0, .ofs_y = -3},
    {.bitmap_index = 22951, .adv_w = 480, .box_w = 30, .box_h = 23, .ofs_x = 0, .ofs_y = -2},
    {.bitmap_index = 23296, .adv_w = 480, .box_w = 30, .box_h = 16, .ofs_x = 0, .ofs_y = 1},
    {.bitmap_index = 23536, .adv_w = 480, .box_w = 30, .box_h = 16, .ofs_x = 0, .ofs_y = 1},
    {.bitmap_index = 23776, .adv_w = 480, .box_w = 30, .box_h = 16, .ofs_x = 0, .ofs_y = 1},
    {.bitmap_index = 24016, .adv_w = 480, .box_w = 30, .box_h = 16, .ofs_x = 0, .ofs_y = 1},
    {.bitmap_index = 24256, .adv_w = 480, .box_w = 30, .box_h = 16, .ofs_x = 0, .ofs_y = 1},
    {.bitmap_index = 24496, .adv_w = 480, .box_w = 31, .box_h = 20, .ofs_x = 0, .ofs_y = -1},
    {.bitmap_index = 24806, .adv_w = 336, .box_w = 19, .box_h = 24, .ofs_x = 1, .ofs_y = -3},
    {.bitmap_index = 25034, .adv_w = 336, .box_w = 21, .box_h = 24, .ofs_x = 0, .ofs_y = -3},
    {.bitmap_index = 25286, .adv_w = 384, .box_w = 25, .box_h = 25, .ofs_x = -1, .ofs_y = -4},
    {.bitmap_index = 25599, .adv_w = 480, .box_w = 30, .box_h = 18, .ofs_x = 0, .ofs_y = 0},
    {.bitmap_index = 25869, .adv_w = 288, .box_w = 18, .box_h = 24, .ofs_x = 0, .ofs_y = -3},
    {.bitmap_index = 26085, .adv_w = 386, .box_w = 25, .box_h = 16, .ofs_x = 0, .ofs_y = 1}

    {.bitmap_index = 26285, .adv_w = 384, .box_w = 22, .box_h = 22, .ofs_x = 5, .ofs_y = -1}, /* 天 */
    {.bitmap_index = 26527, .adv_w = 384, .box_w = 24, .box_h = 23, .ofs_x = 4, .ofs_y = -2}, /* 气 */
    {.bitmap_index = 26803, .adv_w = 384, .box_w = 22, .box_h = 22, .ofs_x = 5, .ofs_y = -1}, /* 明 */};

/*---------------------
 *  CHARACTER MAPPING
 *--------------------*/

static const uint16_t unicode_list_1[] = {
    0x0, 0x48b, 0x5b3, 0x171b, 0x1c57, 0x2e5d, 0x3415, 0x3ab7,
    0xa137, 0xa13e, 0xa141, 0xa142, 0xa143, 0xa147, 0xa149, 0xa14b,
    0xa14f, 0xa152, 0xa157, 0xa15c, 0xa15d, 0xa15e, 0xa174, 0xa179,
    0xa17e, 0xa181, 0xa182, 0xa183, 0xa187, 0xa188, 0xa189, 0xa18a,
    0xa19d, 0xa19e, 0xa1a4, 0xa1a6, 0xa1a7, 0xa1aa, 0xa1ad, 0xa1ae,
    0xa1af, 0xa1b1, 0xa1c9, 0xa1cb, 0xa1fa, 0xa1fb, 0xa1fd, 0xa1ff,
    0xa216, 0xa21d, 0xa220, 0xa229, 0xa252, 0xa25a, 0xa291, 0xa321,
    0xa376, 0xa377, 0xa378, 0xa379, 0xa37a, 0xa3bd, 0xa3c9, 0xa423,
    0xa43a, 0xa690, 0xa8f8, 0xa9d8

    0xA5F, /* 天 U+5929 */
    0x1D4A, /* 气 U+6C14 */
    0x1744, /* 明 U+660E */};

/*Collect the unicode lists and glyph_id offsets*/
static const lv_font_fmt_txt_cmap_t cmaps[] =
{
    {
        .range_start = 32, .range_length = 95, .glyph_id_start = 1,
        .unicode_list = NULL, .glyph_id_ofs_list = NULL, .list_length = 0, .type = LV_FONT_FMT_TXT_CMAP_FORMAT0_TINY
    },
    {
        .range_start = 20170, .range_length = 43481, .glyph_id_start = 96,
        .unicode_list = unicode_list_1, .glyph_id_ofs_list = NULL, .list_length = 71, .type = LV_FONT_FMT_TXT_CMAP_SPARSE_TINY
    }
};

/*-----------------
 *    KERNING
 *----------------*/


/*Map glyph_ids to kern left classes*/
static const uint8_t kern_left_class_mapping[] =
{
    0, 0, 0, 1, 0, 0, 0, 0,
    1, 2, 0, 0, 0, 3, 4, 3,
    5, 0, 0, 0, 0, 0, 0, 0,
    0, 0, 0, 6, 6, 0, 0, 0,
    0, 0, 7, 8, 9, 10, 11, 12,
    13, 0, 0, 14, 15, 16, 0, 0,
    10, 17, 10, 18, 19, 20, 21, 22,
    23, 24, 25, 26, 2, 27, 0, 0,
    0, 0, 28, 29, 30, 0, 31, 32,
    33, 34, 0, 0, 35, 36, 34, 34,
    29, 29, 37, 38, 39, 40, 37, 41,
    42, 43, 44, 45, 2, 0, 0, 0,
    0, 0, 0, 0, 0, 0, 0, 0,
    0, 0, 0, 0, 0, 0, 0, 0,
    0, 0, 0, 0, 0, 0, 0, 0,
    0, 0, 0, 0, 0, 0, 0, 0,
    0, 0, 0, 0, 0, 0, 0, 0,
    0, 0, 0, 0, 0, 0, 0, 0,
    0, 0, 0, 0, 0, 0, 0, 0,
    0, 0, 0, 0, 0, 0, 0, 0,
    0, 0, 0, 0
};

/*Map glyph_ids to kern right classes*/
static const uint8_t kern_right_class_mapping[] =
{
    0, 0, 1, 2, 0, 0, 0, 0,
    2, 0, 3, 4, 0, 5, 6, 7,
    8, 0, 0, 0, 0, 0, 0, 0,
    0, 0, 0, 9, 10, 0, 0, 0,
    11, 0, 12, 0, 13, 0, 0, 0,
    13, 0, 0, 14, 0, 0, 0, 0,
    13, 0, 13, 0, 15, 16, 17, 18,
    19, 20, 21, 22, 0, 23, 3, 0,
    0, 0, 24, 0, 25, 25, 25, 26,
    27, 0, 28, 29, 0, 0, 30, 30,
    25, 30, 25, 30, 31, 32, 33, 34,
    35, 36, 37, 38, 0, 0, 3, 0,
    0, 0, 0, 0, 0, 0, 0, 0,
    0, 0, 0, 0, 0, 0, 0, 0,
    0, 0, 0, 0, 0, 0, 0, 0,
    0, 0, 0, 0, 0, 0, 0, 0,
    0, 0, 0, 0, 0, 0, 0, 0,
    0, 0, 0, 0, 0, 0, 0, 0,
    0, 0, 0, 0, 0, 0, 0, 0,
    0, 0, 0, 0, 0, 0, 0, 0,
    0, 0, 0, 0
};

/*Kern values between classes*/
static const int8_t kern_class_values[] =
{
    0, 0, 0, 0, -56, 0, -56, 0,
    0, 0, 0, -30, 0, -47, -5, 0,
    0, 0, 0, -5, 0, 0, 0, 0,
    -8, 0, 0, 0, 0, 0, -9, 0,
    0, 0, 0, 0, 0, 0, 0, 0,
    0, 0, 0, 0, 0, 0, 0, 0,
    0, 0, 0, -9, 0, 0, 0, 0,
    0, 0, 0, 0, 0, 0, 0, 0,
    0, 0, 35, 0, 0, 0, 0, 0,
    0, 0, 0, 0, 0, -52, 0, -70,
    0, 0, 0, 0, 0, 0, 0, 0,
    0, 0, 0, -43, -11, -32, -16, 0,
    -46, 0, 0, 0, -5, 0, 0, 0,
    15, 0, 0, -26, 0, -23, -14, 0,
    -9, 0, 0, 0, 0, 0, 0, 0,
    0, 0, 0, 0, 0, 0, 0, -9,
    -11, -23, 0, -8, -5, -15, -32, -9,
    0, 0, 0, 0, 0, 0, 0, 0,
    0, -10, 0, -6, 0, -7, 0, 0,
    0, 0, 0, 0, 0, 0, 0, 0,
    0, 0, 0, -17, -5, -35, 0, 0,
    0, 0, 0, 0, 0, 0, 0, -12,
    -9, 0, -5, 5, 5, 0, 0, 0,
    -9, 0, 0, 0, 0, 0, 0, 0,
    0, -15, 0, 0, 0, 0, 0, 0,
    0, 0, 0, 0, 0, 0, 0, 0,
    0, 0, -15, 0, 0, 0, 0, 0,
    0, 0, 2, 0, 0, 0, 0, 0,
    0, 0, 0, 0, 0, -30, 0, -38,
    0, 0, 0, 0, 0, 0, -15, -1,
    -5, 0, 0, -30, -5, -7, 0, -2,
    -7, -2, -17, 7, 0, -5, 0, 0,
    0, 0, 7, -7, -1, -6, -3, -3,
    -6, 0, 0, 0, 0, -13, 0, 0,
    0, 0, 0, 0, 0, 0, 0, -8,
    -7, -12, 0, -5, -3, -3, -7, -3,
    0, 0, 0, 0, 0, 0, 0, 0,
    0, -5, 0, -7, -5, -5, -7, 0,
    0, 0, 0, 0, 0, -15, 0, 0,
    0, 0, 0, 0, -15, -5, -12, -6,
    -7, -3, -3, -3, -6, -5, 0, 0,
    0, 0, -9, 0, 0, 0, 0, -15,
    -5, -7, -5, 0, -7, 0, 0, 0,
    0, -12, 0, 0, 0, -6, 0, 0,
    0, -5, 0, -22, 0, -12, 0, -5,
    -1, -11, -9, -9, 0, 0, 0, 0,
    0, 0, 0, 0, 0, 0, 0, 0,
    0, -7, 0, -6, 0, 0, 0, 0,
    0, 0, 0, 0, 0, 0, 0, 0,
    0, 0, 0, 0, 0, 0, 0, 0,
    0, 0, 0, 0, -5, 0, 0, 0,
    0, 0, 0, -12, 0, -5, 0, -18,
    -5, 0, 0, 0, 0, 0, -38, 0,
    -38, -23, 0, 0, 0, -17, -5, -59,
    -11, 0, 0, -2, -2, -12, -4, -13,
    0, -16, -7, 0, -12, 0, 0, -9,
    -11, -5, -8, -13, -10, -15, -10, -20,
    0, 0, 0, -10, 0, 0, 0, 0,
    0, 0, 0, -3, 0, 0, 0, -9,
    0, -7, -3, 0, 0, 0, 0, 0,
    0, 0, 0, 0, 0, 0, 0, 0,
    0, 0, 0, 0, 0, 0, 0, 0,
    0, 0, -12, 0, -12, 0, 0, 0,
    0, 0, 0, -17, 0, 0, 0, 0,
    0, 0, 0, 0, 0, 0, 0, 0,
    0, 0, 0, 0, 0, 0, 0, 0,
    0, 0, 0, 0, 0, -13, 0, -17,
    0, -20, 0, 0, 0, 0, -6, -5,
    -11, 0, -7, -11, -7, -7, -5, 0,
    -10, 0, 0, 0, -6, 0, 0, 0,
    -5, 0, 0, -21, -5, -13, -10, -10,
    -13, -7, 0, -55, 0, -73, 0, -20,
    0, 0, 0, 0, -20, -2, -15, 0,
    -12, -52, -15, -34, -25, 0, -36, 0,
    -35, 0, -6, -7, -3, 0, 0, 0,
    0, -11, -5, -21, -16, 0, -21, 0,
    0, 0, 0, 0, -55, -12, -55, -25,
    0, 0, 0, -22, 0, -62, -5, -7,
    0, 0, 0, -12, -5, -25, 0, -16,
    -10, 0, -9, 0, 0, 0, -5, 0,
    0, 0, 0, -7, 0, -9, 0, 0,
    0, -5, 0, -13, 0, 0, 0, 0,
    0, -3, 0, -6, -6, -7, 0, -3,
    1, -3, -5, -5, 0, -3, -5, 0,
    -3, 0, 0, 0, 0, 0, 0, 0,
    0, -6, 0, -6, 0, 0, 0, -6,
    0, 7, 0, 0, 0, 0, 0, 0,
    0, -7, -7, -9, 0, 0, 0, 0,
    -7, 0, 0, 0, 0, 0, 0, 0,
    0, 0, 0, -12, 0, 0, 0, 0,
    0, -5, 0, 0, 0, 0, -50, -29,
    -50, -32, -9, -9, 0, -17, -12, -54,
    -13, 0, 0, 0, 0, -9, -7, -20,
    0, -29, -32, -6, -29, 0, 0, -19,
    -26, -6, -19, -12, -12, -13, -12, -29,
    0, 0, 0, 0, -10, 0, -10, -9,
    0, 0, 0, -6, 0, -23, -5, 0,
    0, -3, 0, -5, -7, 0, 0, -3,
    0, 0, -5, 0, 0, 0, -3, 0,
    0, 0, 0, -6, 0, 0, 0, 0,
    0, 0, -32, -8, -32, -14, 0, 0,
    0, -7, -5, -29, -5, 0, -5, 5,
    0, 0, 0, -8, 0, -14, -8, 0,
    -9, 0, 0, -9, -7, 0, -13, -4,
    -4, -8, -4, -10, 0, 0, 0, 0,
    -16, -5, -16, -6, 0, 0, 0, 0,
    -1, -23, -1, 0, 0, 0, 0, 0,
    0, -1, 0, -6, 0, 0, -3, 0,
    0, 0, 0, 0, 0, 0, 0, 0,
    0, -5, 0, -5, 0, -5, 0, -15,
    0, 0, 0, 0, 0, -2, -11, -5,
    -7, -9, -5, 0, 0, 0, 0, 0,
    0, -5, -6, -10, 0, 0, 0, 0,
    0, -10, -5, -10, -7, -5, -10, -7,
    0, 0, 0, 0, -46, -32, -46, -23,
    -14, -14, -6, -7, -7, -43, -8, -7,
    -5, 0, 0, 0, 0, -10, 0, -32,
    -22, 0, -26, 0, 0, -17, -22, -20,
    -16, -7, -12, -16, -7, -23, 0, 0,
    0, 0, 0, -12, 0, 0, 0, 0,
    0, -1, -9, -12, -13, 0, -5, -1,
    -1, 0, -7, -6, 0, -6, -7, -9,
    -5, 0, 0, 0, 0, -7, -7, -6,
    -6, -12, -6, 0, 0, 0, 0, 0,
    0, 0, 0, 0, 0, 0, 0, 0,
    0, 0, 0, -31, -8, -20, -8, 0,
    -29, 0, 0, 0, 0, 0, 12, 0,
    29, 0, 0, 0, 0, -9, -5, 0,
    3, 0, 0, 0, 0, -20, 0, 0,
    0, 0, 0, 0, -12, 0, 0, 0,
    0, -12, 0, -10, -3, 0, -12, 0,
    0, 0, 0, 0, 0, 0, 0, 0,
    0, -7, 0, 0, 0, 0, 0, 0,
    0, -8, 0, -5, -5, 1, -5, 0,
    0, 0, -12, 0, 0, 0, 0, -26,
    0, -8, 0, -3, -23, 0, -15, -5,
    0, -2, 0, 0, 0, 0, -2, -11,
    0, -3, -3, -11, -3, -5, 0, 0,
    0, 0, 0, -13, 0, 0, 0, 0,
    0, 0, 0, 0, 0, -9, 0, -7,
    0, 0, -12, 0, 0, -5, -12, 0,
    -5, 0, 0, 0, 0, -5, 0, 1,
    1, 0, 1, 0, 0, 0, 0, -12,
    0, 5, 0, 0, 0, 0, -6, 0,
    0, -9, -9, -12, 0, -10, -5, 0,
    -15, 0, -13, -5, 0, -2, -5, 0,
    0, 0, 0, -5, 0, -2, -2, -6,
    -2, -2, 3, 17, 17, 0, -26, -7,
    -26, -3, 0, 0, 10, 0, 0, 0,
    0, 19, 0, 27, 19, 12, 22, 0,
    17, -9, -5, 0, -5, 0, -5, 0,
    -3, 0, 0, 3, 0, -3, 0, -7,
    0, 0, 3, -12, 0, 0, 0, 15,
    0, 0, -19, 0, 0, 0, 0, -15,
    0, 0, 0, 0, -7, 0, 0, -8,
    -7, 0, 0, 0, 19, 0, 0, 0,
    0, -3, -3, 0, 3, -7, 0, 0,
    0, -12, 0, 0, 0, 0, 0, 0,
    -6, 0, 0, 0, 0, -12, 0, -5,
    0, 0, -10, 0, 0, 0, 0, 0,
    0, 0, 0, 0, 0, 0, 0, 0,
    0, 0, 0, 0, 0, 0, 0, -9,
    3, -32, 3, 0, 3, 3, -12, 0,
    0, 0, 0, -21, 0, 0, 0, 0,
    -7, 0, 0, -5, -11, 0, -5, 0,
    -5, 0, 0, -13, -7, 0, 0, -6,
    0, -6, 0, 0, 0, 0, 0, 0,
    0, 0, 0, 0, 0, 0, 0, 0,
    0, 0, 0, 0, 0, 0, 0, 0,
    0, 0, 0, 0, 0, 0, 5, 0,
    0, 0, 0, 0, 0, 0, 0, 0,
    0, 0, 0, -7, 0, 0, 0, 0,
    0, 0, 0, 0, 0, 0, 0, -9,
    0, -7, 0, 0, -13, 0, 0, 0,
    0, 0, 0, 0, 0, 0, 0, 0,
    0, 0, 0, 0, 0, 0, 0, 0,
    0, 0, -35, -12, -35, -12, 5, 5,
    0, -7, 0, -30, 0, 0, 0, 0,
    0, 0, 0, -5, 3, -12, -5, 0,
    -5, 0, 0, 0, -3, 0, 0, 5,
    4, 0, 5, -3, 0, 0, 0, -15,
    0, 5, 0, 0, 0, 0, -9, 0,
    0, 0, 0, -12, 0, -5, 0, 0,
    -9, 0, 0, 0, 0, 0, 0, 0,
    0, 0, 0, -9, 0, 0, 0, 0,
    0, 0, 0, 0, 0, 0, -3, -15,
    -3, 0, 3, 3, -15, 0, 0, 0,
    0, -7, 0, 0, 0, 0, -3, 0,
    0, -9, -7, 0, -5, 0, 0, 0,
    -5, -9, 0, 0, 0, -6, 0, 0,
    0, 0, 0, -5, -23, -6, -23, -9,
    0, 0, 0, -5, 0, -17, 0, -9,
    0, -4, 0, 0, -7, -5, 0, -9,
    -3, 0, 0, 0, -5, 0, 0, 0,
    0, 0, 0, 0, 0, -12, 0, 0,
    0, -5, -31, 0, -31, -2, 0, 0,
    0, -3, 0, -13, 0, -12, 0, -4,
    0, -7, -12, 0, 0, -5, -3, 0,
    0, 0, -5, 0, 0, 0, 0, 0,
    0, 0, 0, -11, -7, 0, 0, -9,
    6, -7, -6, 0, 0, 6, 0, 0,
    -5, 0, -3, -12, 0, -8, 0, -5,
    -16, 0, 0, -5, -11, 0, 0, 0,
    0, 0, 0, -12, 0, 0, 0, 0,
    -5, 0, 0, 0, 0, 0, -23, 0,
    -23, -3, 0, 0, 0, 0, 0, -17,
    0, -9, 0, -3, 0, -3, -6, 0,
    0, -9, -3, 0, 0, 0, -5, 0,
    0, 0, 0, 0, 0, -7, 0, -12,
    0, 0, 0, 0, 0, -10, 0, 0,
    0, 0, 0, 0, 0, 0, 0, -10,
    0, 0, 0, 0, -8, 0, 0, -7,
    -5, 0, -1, 0, 0, 0, 0, 0,
    -5, -3, 0, 0, -3, 0
};


/*Collect the kern class' data in one place*/
static const lv_font_fmt_txt_kern_classes_t kern_classes =
{
    .class_pair_values   = kern_class_values,
    .left_class_mapping  = kern_left_class_mapping,
    .right_class_mapping = kern_right_class_mapping,
    .left_class_cnt      = 45,
    .right_class_cnt     = 38,
};

/*--------------------
 *  ALL CUSTOM DATA
 *--------------------*/

#if LVGL_VERSION_MAJOR == 8
/*Store all the custom data of the font*/
static  lv_font_fmt_txt_glyph_cache_t cache;
#endif

#if LVGL_VERSION_MAJOR >= 8
static const lv_font_fmt_txt_dsc_t font_dsc = {
#else
static lv_font_fmt_txt_dsc_t font_dsc = {
#endif
    .glyph_bitmap = glyph_bitmap,
    .glyph_dsc = glyph_dsc,
    .cmaps = cmaps,
    .kern_dsc = &kern_classes,
    .kern_scale = 16,
    .cmap_num = 2,
    .bpp = 4,
    .kern_classes = 1,
    .bitmap_format = 0,
#if LVGL_VERSION_MAJOR == 8
    .cache = &cache
#endif
};



/*-----------------
 *  PUBLIC FONT
 *----------------*/

/*Initialize a public general font descriptor*/
#if LVGL_VERSION_MAJOR >= 8
const lv_font_t lv_font_SourceHanSansSCBold_24 = {
#else
lv_font_t lv_font_SourceHanSansSCBold_24 = {
#endif
    .get_glyph_dsc = lv_font_get_glyph_dsc_fmt_txt,    /*Function pointer to get glyph's data*/
    .get_glyph_bitmap = lv_font_get_bitmap_fmt_txt,    /*Function pointer to get glyph's bitmap*/
    .line_height = 24,          /*The maximum line height required by the font*/
    .base_line = 3,             /*Baseline measured from the bottom of the line*/
#if !(LVGL_VERSION_MAJOR == 6 && LVGL_VERSION_MINOR == 0)
    .subpx = LV_FONT_SUBPX_NONE,
#endif
#if LV_VERSION_CHECK(7, 4, 0) || LVGL_VERSION_MAJOR >= 8
    .underline_position = -3,
    .underline_thickness = 1,
#endif
    .dsc = &font_dsc,          /*The custom font data. Will be accessed by `get_glyph_bitmap/dsc` */
#if LV_VERSION_CHECK(8, 2, 0) || LVGL_VERSION_MAJOR >= 9
    .fallback = NULL,
#endif
    .user_data = NULL,
};



#endif /*#if LV_FONT_SOURCEHANSANSSCBOLD_24*/

