/*******************************************************************************
 * Size: 20 px
 * Bpp: 4
 * Opts: undefined
 ******************************************************************************/

#ifdef LV_LVGL_H_INCLUDE_SIMPLE
#include "lvgl.h"
#else
#include "lvgl.h"
#endif

#ifndef LV_FONT_SOURCEHANSANSSCBOLD_20
#define LV_FONT_SOURCEHANSANSSCBOLD_20 1
#endif

#if LV_FONT_SOURCEHANSANSSCBOLD_20

/*-----------------
 *    BITMAPS
 *----------------*/

/*Store the image of the glyphs*/
static LV_ATTRIBUTE_LARGE_CONST const uint8_t glyph_bitmap[] = {
    /* U+0020 " " */

    /* U+0021 "!" */
    0xc, 0xff, 0x20, 0xbf, 0xf2, 0xb, 0xff, 0x10,
    0xaf, 0xf0, 0x9, 0xff, 0x0, 0x8f, 0xe0, 0x7,
    0xfe, 0x0, 0x6f, 0xd0, 0x6, 0xfc, 0x0, 0x5f,
    0xb0, 0x2, 0xa6, 0x0, 0x7f, 0xc0, 0xf, 0xff,
    0x60, 0xff, 0xf6, 0x7, 0xfb, 0x0,

    /* U+0022 "\"" */
    0x3f, 0xfb, 0x3, 0xff, 0xb3, 0xff, 0xa0, 0x3f,
    0xfa, 0x2f, 0xfa, 0x2, 0xff, 0xa1, 0xff, 0x80,
    0x1f, 0xf8, 0xf, 0xf6, 0x0, 0xff, 0x60, 0xdf,
    0x40, 0xd, 0xf4, 0xb, 0xf2, 0x0, 0xbf, 0x20,
    0x36, 0x0, 0x3, 0x60,

    /* U+0023 "#" */
    0x0, 0x4, 0xf6, 0x0, 0xfb, 0x0, 0x0, 0x7,
    0xf4, 0x3, 0xf8, 0x0, 0x0, 0x9, 0xf1, 0x5,
    0xf6, 0x0, 0xc, 0xff, 0xff, 0xff, 0xff, 0xf1,
    0xc, 0xff, 0xff, 0xff, 0xff, 0xf1, 0x0, 0xf,
    0xb0, 0xb, 0xf0, 0x0, 0x0, 0x1f, 0x90, 0xd,
    0xe0, 0x0, 0x0, 0x3f, 0x80, 0xf, 0xc0, 0x0,
    0x3f, 0xff, 0xff, 0xff, 0xff, 0xa0, 0x3f, 0xff,
    0xff, 0xff, 0xff, 0xa0, 0x0, 0x8f, 0x30, 0x4f,
    0x70, 0x0, 0x0, 0xaf, 0x10, 0x6f, 0x50, 0x0,
    0x0, 0xcf, 0x0, 0x8f, 0x30, 0x0, 0x0, 0xdd,
    0x0, 0x9f, 0x20, 0x0, 0x0, 0xfc, 0x0, 0xbf,
    0x0, 0x0,

    /* U+0024 "$" */
    0x0, 0x0, 0x1f, 0xe0, 0x0, 0x0, 0x0, 0x1,
    0xfe, 0x0, 0x0, 0x0, 0x1, 0x7f, 0xf6, 0x10,
    0x0, 0x3, 0xef, 0xff, 0xff, 0x50, 0x0, 0xef,
    0xff, 0xef, 0xfe, 0x0, 0x4f, 0xfb, 0x0, 0x2c,
    0x30, 0x6, 0xff, 0x60, 0x0, 0x0, 0x0, 0x4f,
    0xfc, 0x0, 0x0, 0x0, 0x0, 0xef, 0xfd, 0x40,
    0x0, 0x0, 0x3, 0xef, 0xff, 0xa0, 0x0, 0x0,
    0x1, 0xbf, 0xff, 0xd2, 0x0, 0x0, 0x0, 0x5e,
    0xff, 0xd0, 0x0, 0x0, 0x0, 0x1d, 0xff, 0x40,
    0x0, 0x0, 0x0, 0x7f, 0xf6, 0x2, 0xe6, 0x0,
    0xb, 0xff, 0x40, 0xcf, 0xff, 0xdf, 0xff, 0xd0,
    0x3, 0xdf, 0xff, 0xff, 0xe2, 0x0, 0x0, 0x49,
    0xff, 0x50, 0x0, 0x0, 0x0, 0x1f, 0xe0, 0x0,
    0x0, 0x0, 0x1, 0xfe, 0x0, 0x0,

    /* U+0025 "%" */
    0x0, 0x7d, 0xeb, 0x20, 0x0, 0x0, 0x7f, 0x30,
    0x0, 0x0, 0x8f, 0xed, 0xff, 0x10, 0x0, 0x1f,
    0xb0, 0x0, 0x0, 0x1f, 0xf2, 0xa, 0xf8, 0x0,
    0x9, 0xf2, 0x0, 0x0, 0x3, 0xfc, 0x0, 0x4f,
    0xb0, 0x2, 0xfa, 0x0, 0x0, 0x0, 0x5f, 0xb0,
    0x3, 0xfd, 0x0, 0xaf, 0x20, 0x0, 0x0, 0x3,
    0xfd, 0x0, 0x5f, 0xb0, 0x2f, 0x90, 0x5a, 0xa5,
    0x0, 0xe, 0xf5, 0x1c, 0xf6, 0xb, 0xf1, 0x7f,
    0xff, 0xf7, 0x0, 0x5f, 0xff, 0xfc, 0x4, 0xf7,
    0x1f, 0xf3, 0x3f, 0xf1, 0x0, 0x39, 0xa7, 0x0,
    0xce, 0x6, 0xfa, 0x0, 0xaf, 0x60, 0x0, 0x0,
    0x0, 0x5f, 0x60, 0x8f, 0x80, 0x8, 0xf8, 0x0,
    0x0, 0x0, 0xd, 0xd0, 0x8, 0xf8, 0x0, 0x7f,
    0x90, 0x0, 0x0, 0x6, 0xf5, 0x0, 0x6f, 0x90,
    0x9, 0xf7, 0x0, 0x0, 0x0, 0xed, 0x0, 0x2,
    0xfe, 0x10, 0xef, 0x30, 0x0, 0x0, 0x7f, 0x40,
    0x0, 0xa, 0xfe, 0xef, 0xa0, 0x0, 0x0, 0x1f,
    0xc0, 0x0, 0x0, 0x9, 0xee, 0x90, 0x0,

    /* U+0026 "&" */
    0x0, 0x0, 0x8d, 0xfc, 0x50, 0x0, 0x0, 0x0,
    0x0, 0xcf, 0xff, 0xff, 0x40, 0x0, 0x0, 0x0,
    0x4f, 0xf7, 0x2d, 0xfa, 0x0, 0x0, 0x0, 0x7,
    0xff, 0x0, 0x9f, 0xa0, 0x0, 0x0, 0x0, 0x6f,
    0xf0, 0xd, 0xf6, 0x0, 0x0, 0x0, 0x2, 0xff,
    0x6d, 0xfb, 0x0, 0x0, 0x0, 0x0, 0xc, 0xff,
    0xf9, 0x0, 0x2, 0x55, 0x10, 0x7, 0xff, 0xfd,
    0x0, 0x0, 0xcf, 0xe0, 0x8, 0xff, 0xdf, 0xfb,
    0x0, 0x2f, 0xf8, 0x2, 0xff, 0xd0, 0x8f, 0xfc,
    0x1b, 0xff, 0x10, 0x5f, 0xf7, 0x0, 0x7f, 0xff,
    0xff, 0x60, 0x4, 0xff, 0xa0, 0x0, 0x7f, 0xff,
    0xf2, 0x0, 0x1f, 0xff, 0xb7, 0x8d, 0xff, 0xff,
    0xfc, 0x20, 0x5f, 0xff, 0xff, 0xff, 0xaa, 0xff,
    0xf1, 0x0, 0x2a, 0xdf, 0xda, 0x30, 0x3, 0x9b,
    0x0,

    /* U+0027 "'" */
    0x3f, 0xfb, 0x3f, 0xfa, 0x2f, 0xfa, 0x1f, 0xf8,
    0xf, 0xf6, 0xd, 0xf4, 0xb, 0xf2, 0x3, 0x60,

    /* U+0028 "(" */
    0x0, 0x2, 0x10, 0x0, 0xc, 0xf4, 0x0, 0x4f,
    0xf1, 0x0, 0xbf, 0x80, 0x1, 0xff, 0x30, 0x7,
    0xfe, 0x0, 0xb, 0xfa, 0x0, 0xe, 0xf7, 0x0,
    0x1f, 0xf4, 0x0, 0x2f, 0xf2, 0x0, 0x3f, 0xf2,
    0x0, 0x4f, 0xf1, 0x0, 0x3f, 0xf2, 0x0, 0x2f,
    0xf3, 0x0, 0x1f, 0xf4, 0x0, 0xd, 0xf7, 0x0,
    0xa, 0xfa, 0x0, 0x6, 0xfe, 0x0, 0x1, 0xff,
    0x40, 0x0, 0xaf, 0xa0, 0x0, 0x3f, 0xf1, 0x0,
    0xa, 0xd3, 0x0, 0x0, 0x0,

    /* U+0029 ")" */
    0x3, 0x0, 0xb, 0xf5, 0x0, 0x7f, 0xd0, 0x0,
    0xff, 0x40, 0xa, 0xfa, 0x0, 0x5f, 0xf0, 0x1,
    0xff, 0x30, 0xe, 0xf7, 0x0, 0xbf, 0xa0, 0xa,
    0xfb, 0x0, 0x9f, 0xc0, 0x8, 0xfd, 0x0, 0x9f,
    0xc0, 0xa, 0xfb, 0x0, 0xcf, 0xa0, 0xe, 0xf6,
    0x1, 0xff, 0x30, 0x6f, 0xe0, 0xb, 0xf9, 0x1,
    0xff, 0x30, 0x8f, 0xb0, 0x8, 0xf3, 0x0, 0x1,
    0x0, 0x0,

    /* U+002A "*" */
    0x0, 0xc, 0xe0, 0x0, 0x0, 0x0, 0xdf, 0x0,
    0x0, 0x89, 0x5f, 0xf6, 0x99, 0xd, 0xff, 0xff,
    0xff, 0xe0, 0x6, 0xef, 0xff, 0x70, 0x0, 0x1f,
    0xff, 0xf2, 0x0, 0x9, 0xfa, 0x9f, 0xb0, 0x0,
    0x8c, 0x0, 0xba, 0x0, 0x0, 0x0, 0x0, 0x0,
    0x0,

    /* U+002B "+" */
    0x0, 0x0, 0x1, 0x10, 0x0, 0x0, 0x0, 0x0,
    0x3f, 0xf0, 0x0, 0x0, 0x0, 0x0, 0x3f, 0xf0,
    0x0, 0x0, 0x0, 0x0, 0x3f, 0xf0, 0x0, 0x0,
    0x0, 0x0, 0x3f, 0xf0, 0x0, 0x0, 0x3f, 0xff,
    0xff, 0xff, 0xff, 0xf0, 0x3f, 0xff, 0xff, 0xff,
    0xff, 0xf0, 0x2, 0x22, 0x5f, 0xf2, 0x22, 0x20,
    0x0, 0x0, 0x3f, 0xf0, 0x0, 0x0, 0x0, 0x0,
    0x3f, 0xf0, 0x0, 0x0, 0x0, 0x0, 0x3f, 0xf0,
    0x0, 0x0, 0x0, 0x0, 0x3f, 0xf0, 0x0, 0x0,

    /* U+002C "," */
    0x5, 0x93, 0x6, 0xff, 0xf1, 0x7f, 0xff, 0x51,
    0xbf, 0xf6, 0x0, 0xaf, 0x40, 0x2f, 0xf1, 0x5e,
    0xf7, 0xb, 0xf7, 0x0, 0x32, 0x0, 0x0,

    /* U+002D "-" */
    0x3, 0x33, 0x33, 0x10, 0xff, 0xff, 0xf6, 0xf,
    0xff, 0xff, 0x60,

    /* U+002E "." */
    0x0, 0x0, 0x1, 0xcf, 0x60, 0x7f, 0xff, 0x7,
    0xff, 0xf0, 0x1c, 0xe6, 0x0,

    /* U+002F "/" */
    0x0, 0x0, 0xd, 0xf1, 0x0, 0x0, 0x1f, 0xd0,
    0x0, 0x0, 0x5f, 0x90, 0x0, 0x0, 0x9f, 0x50,
    0x0, 0x0, 0xdf, 0x10, 0x0, 0x1, 0xfd, 0x0,
    0x0, 0x5, 0xf9, 0x0, 0x0, 0x8, 0xf6, 0x0,
    0x0, 0xc, 0xf2, 0x0, 0x0, 0xf, 0xe0, 0x0,
    0x0, 0x4f, 0xa0, 0x0, 0x0, 0x8f, 0x60, 0x0,
    0x0, 0xcf, 0x20, 0x0, 0x0, 0xfe, 0x0, 0x0,
    0x4, 0xfa, 0x0, 0x0, 0x8, 0xf7, 0x0, 0x0,
    0xb, 0xf3, 0x0, 0x0, 0xf, 0xf0, 0x0, 0x0,
    0x3f, 0xb0, 0x0, 0x0, 0x7f, 0x70, 0x0, 0x0,
    0x57, 0x20, 0x0, 0x0,

    /* U+0030 "0" */
    0x0, 0x4, 0xae, 0xda, 0x20, 0x0, 0x5, 0xff,
    0xff, 0xfe, 0x30, 0x1, 0xff, 0xe7, 0x8f, 0xfd,
    0x0, 0x7f, 0xf5, 0x0, 0x8f, 0xf4, 0xc, 0xff,
    0x0, 0x2, 0xff, 0x90, 0xef, 0xc0, 0x0, 0xf,
    0xfb, 0xf, 0xfb, 0x0, 0x0, 0xff, 0xd1, 0xff,
    0xa0, 0x0, 0xe, 0xfe, 0xf, 0xfb, 0x0, 0x0,
    0xff, 0xc0, 0xef, 0xc0, 0x0, 0xf, 0xfb, 0xc,
    0xff, 0x0, 0x3, 0xff, 0x90, 0x6f, 0xf5, 0x0,
    0x9f, 0xf3, 0x0, 0xff, 0xf8, 0x9f, 0xfc, 0x0,
    0x5, 0xff, 0xff, 0xfe, 0x20, 0x0, 0x3, 0xae,
    0xda, 0x20, 0x0,

    /* U+0031 "1" */
    0x0, 0x17, 0xef, 0xc0, 0x0, 0xb, 0xff, 0xff,
    0xc0, 0x0, 0xd, 0xff, 0xff, 0xc0, 0x0, 0x1,
    0x13, 0xff, 0xc0, 0x0, 0x0, 0x2, 0xff, 0xc0,
    0x0, 0x0, 0x2, 0xff, 0xc0, 0x0, 0x0, 0x2,
    0xff, 0xc0, 0x0, 0x0, 0x2, 0xff, 0xc0, 0x0,
    0x0, 0x2, 0xff, 0xc0, 0x0, 0x0, 0x2, 0xff,
    0xc0, 0x0, 0x0, 0x2, 0xff, 0xc0, 0x0, 0x0,
    0x2, 0xff, 0xc0, 0x0, 0x27, 0x79, 0xff, 0xe7,
    0x74, 0x5f, 0xff, 0xff, 0xff, 0xf8, 0x5f, 0xff,
    0xff, 0xff, 0xf8,

    /* U+0032 "2" */
    0x0, 0x3a, 0xef, 0xd8, 0x0, 0x0, 0x6f, 0xff,
    0xff, 0xfe, 0x10, 0x1e, 0xfe, 0x98, 0xef, 0xf9,
    0x0, 0x2a, 0x10, 0x1, 0xff, 0xe0, 0x0, 0x0,
    0x0, 0xc, 0xff, 0x0, 0x0, 0x0, 0x0, 0xef,
    0xe0, 0x0, 0x0, 0x0, 0x3f, 0xfa, 0x0, 0x0,
    0x0, 0xc, 0xff, 0x20, 0x0, 0x0, 0x7, 0xff,
    0x90, 0x0, 0x0, 0x5, 0xff, 0xd0, 0x0, 0x0,
    0x4, 0xff, 0xf2, 0x0, 0x0, 0x4, 0xff, 0xf3,
    0x0, 0x0, 0x5, 0xff, 0xfa, 0x89, 0x99, 0x71,
    0xff, 0xff, 0xff, 0xff, 0xfc, 0x2f, 0xff, 0xff,
    0xff, 0xff, 0xc0,

    /* U+0033 "3" */
    0x0, 0x2a, 0xef, 0xda, 0x30, 0x0, 0x7f, 0xff,
    0xff, 0xff, 0x50, 0x7, 0xfd, 0x98, 0xcf, 0xff,
    0x0, 0x4, 0x0, 0x0, 0xdf, 0xf2, 0x0, 0x0,
    0x0, 0xe, 0xff, 0x0, 0x0, 0x14, 0x6c, 0xff,
    0x80, 0x0, 0x5, 0xff, 0xff, 0x50, 0x0, 0x0,
    0x5f, 0xff, 0xfd, 0x30, 0x0, 0x0, 0x12, 0x7f,
    0xff, 0x10, 0x0, 0x0, 0x0, 0x8f, 0xf7, 0x0,
    0x0, 0x0, 0x5, 0xff, 0xa0, 0x89, 0x0, 0x0,
    0xaf, 0xf7, 0x3f, 0xfe, 0xa8, 0xcf, 0xff, 0x30,
    0x9f, 0xff, 0xff, 0xff, 0x60, 0x0, 0x5b, 0xef,
    0xda, 0x20, 0x0,

    /* U+0034 "4" */
    0x0, 0x0, 0x5, 0xff, 0xf7, 0x0, 0x0, 0x0,
    0x1e, 0xff, 0xf7, 0x0, 0x0, 0x0, 0x9f, 0xef,
    0xf7, 0x0, 0x0, 0x3, 0xff, 0x8f, 0xf7, 0x0,
    0x0, 0xd, 0xfd, 0x3f, 0xf7, 0x0, 0x0, 0x7f,
    0xf4, 0x4f, 0xf7, 0x0, 0x2, 0xff, 0xa0, 0x4f,
    0xf7, 0x0, 0xb, 0xfe, 0x10, 0x4f, 0xf7, 0x0,
    0x5f, 0xfa, 0x55, 0x8f, 0xfa, 0x51, 0x9f, 0xff,
    0xff, 0xff, 0xff, 0xf3, 0x9f, 0xff, 0xff, 0xff,
    0xff, 0xf3, 0x0, 0x0, 0x0, 0x4f, 0xf7, 0x0,
    0x0, 0x0, 0x0, 0x4f, 0xf7, 0x0, 0x0, 0x0,
    0x0, 0x4f, 0xf7, 0x0, 0x0, 0x0, 0x0, 0x4f,
    0xf7, 0x0,

    /* U+0035 "5" */
    0x0, 0xef, 0xff, 0xff, 0xff, 0x0, 0xf, 0xff,
    0xff, 0xff, 0xf0, 0x0, 0xff, 0xd9, 0x99, 0x99,
    0x0, 0x1f, 0xf8, 0x0, 0x0, 0x0, 0x2, 0xff,
    0x60, 0x10, 0x0, 0x0, 0x3f, 0xfe, 0xff, 0xf8,
    0x0, 0x4, 0xff, 0xff, 0xff, 0xfa, 0x0, 0x6,
    0x81, 0x5, 0xff, 0xf4, 0x0, 0x0, 0x0, 0x8,
    0xff, 0x80, 0x0, 0x0, 0x0, 0x4f, 0xfa, 0x0,
    0x0, 0x0, 0x5, 0xff, 0x80, 0x89, 0x0, 0x0,
    0xcf, 0xf5, 0x3f, 0xfe, 0xa9, 0xdf, 0xfd, 0x0,
    0x9f, 0xff, 0xff, 0xfe, 0x30, 0x0, 0x4b, 0xef,
    0xd9, 0x10, 0x0,

    /* U+0036 "6" */
    0x0, 0x7, 0xbf, 0xea, 0x30, 0x1, 0xbf, 0xff,
    0xff, 0xf5, 0xb, 0xff, 0xd8, 0x9d, 0xd1, 0x3f,
    0xfa, 0x0, 0x0, 0x10, 0x9f, 0xf1, 0x0, 0x0,
    0x0, 0xcf, 0xd2, 0xae, 0xd9, 0x10, 0xef, 0xde,
    0xff, 0xff, 0xe0, 0xff, 0xfd, 0x53, 0xaf, 0xf8,
    0xff, 0xe1, 0x0, 0xe, 0xfc, 0xdf, 0xd0, 0x0,
    0xc, 0xfe, 0xaf, 0xf1, 0x0, 0xc, 0xfd, 0x4f,
    0xf8, 0x0, 0x1f, 0xfa, 0xc, 0xff, 0x86, 0xdf,
    0xf4, 0x2, 0xef, 0xff, 0xff, 0x90, 0x0, 0x19,
    0xdf, 0xc5, 0x0,

    /* U+0037 "7" */
    0xff, 0xff, 0xff, 0xff, 0xfd, 0xff, 0xff, 0xff,
    0xff, 0xfd, 0x99, 0x99, 0x99, 0xcf, 0xf5, 0x0,
    0x0, 0x0, 0xdf, 0xa0, 0x0, 0x0, 0x8, 0xfe,
    0x10, 0x0, 0x0, 0x2f, 0xf8, 0x0, 0x0, 0x0,
    0x8f, 0xf2, 0x0, 0x0, 0x0, 0xef, 0xb0, 0x0,
    0x0, 0x4, 0xff, 0x70, 0x0, 0x0, 0x8, 0xff,
    0x40, 0x0, 0x0, 0xb, 0xff, 0x10, 0x0, 0x0,
    0xf, 0xfe, 0x0, 0x0, 0x0, 0xf, 0xfd, 0x0,
    0x0, 0x0, 0x2f, 0xfc, 0x0, 0x0, 0x0, 0x3f,
    0xfb, 0x0, 0x0,

    /* U+0038 "8" */
    0x0, 0x5, 0xce, 0xeb, 0x40, 0x0, 0x9, 0xff,
    0xff, 0xff, 0x60, 0x2, 0xff, 0xd5, 0x4d, 0xff,
    0x0, 0x6f, 0xf3, 0x0, 0x4f, 0xf3, 0x6, 0xff,
    0x30, 0x2, 0xff, 0x20, 0x1f, 0xfa, 0x0, 0x6f,
    0xc0, 0x0, 0x4f, 0xfd, 0x5e, 0xe1, 0x0, 0x0,
    0xcf, 0xff, 0xfa, 0x0, 0x1, 0xcf, 0x86, 0xdf,
    0xfc, 0x10, 0xaf, 0xd0, 0x0, 0x9f, 0xf8, 0xf,
    0xf8, 0x0, 0x0, 0xff, 0xc0, 0xff, 0xb0, 0x0,
    0xf, 0xfc, 0xb, 0xff, 0x93, 0x5b, 0xff, 0x80,
    0x1e, 0xff, 0xff, 0xff, 0xc0, 0x0, 0x7, 0xcf,
    0xec, 0x60, 0x0,

    /* U+0039 "9" */
    0x0, 0x8, 0xdf, 0xc8, 0x0, 0x0, 0x1e, 0xff,
    0xff, 0xfc, 0x10, 0xa, 0xff, 0xa5, 0x9f, 0xf9,
    0x0, 0xff, 0xc0, 0x0, 0x9f, 0xf2, 0x2f, 0xf8,
    0x0, 0x2, 0xff, 0x71, 0xff, 0xa0, 0x0, 0x2f,
    0xfa, 0xd, 0xff, 0x73, 0x6e, 0xff, 0xb0, 0x4f,
    0xff, 0xff, 0xcf, 0xfc, 0x0, 0x3b, 0xed, 0x81,
    0xff, 0xb0, 0x0, 0x0, 0x0, 0x3f, 0xf8, 0x0,
    0x0, 0x0, 0x9, 0xff, 0x50, 0x5, 0x10, 0x3,
    0xff, 0xf0, 0x5, 0xfe, 0x9a, 0xff, 0xf7, 0x0,
    0x8f, 0xff, 0xff, 0xf8, 0x0, 0x0, 0x4b, 0xee,
    0xb5, 0x0, 0x0,

    /* U+003A ":" */
    0x1c, 0xe6, 0x7, 0xff, 0xf0, 0x7f, 0xff, 0x1,
    0xce, 0x60, 0x0, 0x0, 0x0, 0x0, 0x0, 0x0,
    0x0, 0x0, 0x0, 0x0, 0x1c, 0xf6, 0x7, 0xff,
    0xf0, 0x7f, 0xff, 0x1, 0xce, 0x60,

    /* U+003B ";" */
    0x1c, 0xe6, 0x7, 0xff, 0xf0, 0x7f, 0xff, 0x1,
    0xce, 0x60, 0x0, 0x0, 0x0, 0x0, 0x0, 0x0,
    0x0, 0x0, 0x0, 0x0, 0x5, 0x93, 0x6, 0xff,
    0xf1, 0x7f, 0xff, 0x51, 0xbf, 0xf6, 0x0, 0xaf,
    0x40, 0x2f, 0xf1, 0x5e, 0xf7, 0xb, 0xf7, 0x0,
    0x32, 0x0, 0x0,

    /* U+003C "<" */
    0x0, 0x0, 0x0, 0x0, 0x0, 0x0, 0x0, 0x0,
    0x0, 0x0, 0x17, 0xe0, 0x0, 0x0, 0x0, 0x4a,
    0xff, 0xf0, 0x0, 0x1, 0x7d, 0xff, 0xff, 0xa0,
    0x4, 0xaf, 0xff, 0xfb, 0x50, 0x0, 0x3f, 0xff,
    0xc6, 0x10, 0x0, 0x0, 0x3f, 0xff, 0x82, 0x0,
    0x0, 0x0, 0x7, 0xef, 0xff, 0xc7, 0x10, 0x0,
    0x0, 0x4, 0xbf, 0xff, 0xfb, 0x50, 0x0, 0x0,
    0x2, 0x8e, 0xff, 0xf0, 0x0, 0x0, 0x0, 0x0,
    0x5b, 0xf0, 0x0, 0x0, 0x0, 0x0, 0x0, 0x20,

    /* U+003D "=" */
    0x3f, 0xff, 0xff, 0xff, 0xff, 0xf0, 0x3f, 0xff,
    0xff, 0xff, 0xff, 0xf0, 0x2, 0x22, 0x22, 0x22,
    0x22, 0x20, 0x0, 0x0, 0x0, 0x0, 0x0, 0x0,
    0x0, 0x0, 0x0, 0x0, 0x0, 0x0, 0x3f, 0xff,
    0xff, 0xff, 0xff, 0xf0, 0x3f, 0xff, 0xff, 0xff,
    0xff, 0xf0, 0x3, 0x33, 0x33, 0x33, 0x33, 0x30,

    /* U+003E ">" */
    0x0, 0x0, 0x0, 0x0, 0x0, 0x0, 0x3d, 0x60,
    0x0, 0x0, 0x0, 0x0, 0x3f, 0xff, 0x93, 0x0,
    0x0, 0x0, 0x1b, 0xff, 0xff, 0xc6, 0x0, 0x0,
    0x0, 0x16, 0xcf, 0xff, 0xf9, 0x20, 0x0, 0x0,
    0x2, 0x8d, 0xff, 0xf0, 0x0, 0x0, 0x0, 0x4a,
    0xff, 0xf0, 0x0, 0x2, 0x8e, 0xff, 0xfd, 0x60,
    0x7, 0xcf, 0xff, 0xfa, 0x30, 0x0, 0x3f, 0xff,
    0xd7, 0x10, 0x0, 0x0, 0x3f, 0xa4, 0x0, 0x0,
    0x0, 0x0, 0x11, 0x0, 0x0, 0x0, 0x0, 0x0,

    /* U+003F "?" */
    0x0, 0x3b, 0xef, 0xc6, 0x0, 0x6, 0xff, 0xff,
    0xff, 0x90, 0x9, 0xfd, 0x8b, 0xff, 0xf1, 0x0,
    0x40, 0x0, 0xbf, 0xf3, 0x0, 0x0, 0x0, 0xbf,
    0xf1, 0x0, 0x0, 0x6, 0xff, 0x80, 0x0, 0x0,
    0x4f, 0xfa, 0x0, 0x0, 0x1, 0xef, 0xd0, 0x0,
    0x0, 0x6, 0xff, 0x40, 0x0, 0x0, 0x4, 0xaa,
    0x10, 0x0, 0x0, 0x0, 0x0, 0x0, 0x0, 0x0,
    0x5, 0xed, 0x10, 0x0, 0x0, 0xe, 0xff, 0x80,
    0x0, 0x0, 0xe, 0xff, 0x80, 0x0, 0x0, 0x5,
    0xec, 0x10, 0x0,

    /* U+0040 "@" */
    0x0, 0x0, 0x0, 0x49, 0xde, 0xfd, 0xa5, 0x0,
    0x0, 0x0, 0x0, 0x3c, 0xff, 0xff, 0xff, 0xff,
    0xc1, 0x0, 0x0, 0x5, 0xff, 0xd6, 0x10, 0x1,
    0x5e, 0xfe, 0x10, 0x0, 0x4f, 0xf8, 0x0, 0x0,
    0x0, 0x1, 0xbf, 0x90, 0x1, 0xff, 0x70, 0x0,
    0x0, 0x0, 0x0, 0x1e, 0xf3, 0x9, 0xfd, 0x0,
    0x4, 0xab, 0x59, 0xc1, 0x7, 0xf9, 0x1f, 0xf3,
    0x0, 0x5f, 0xff, 0xff, 0xf0, 0x2, 0xfd, 0x6f,
    0xb0, 0x2, 0xff, 0x61, 0xbf, 0xc0, 0x0, 0xfe,
    0xaf, 0x60, 0xa, 0xf9, 0x0, 0x8f, 0x90, 0x0,
    0xef, 0xcf, 0x30, 0xf, 0xf3, 0x0, 0xbf, 0x60,
    0x0, 0xfc, 0xdf, 0x20, 0x2f, 0xf0, 0x0, 0xdf,
    0x40, 0x3, 0xfa, 0xdf, 0x20, 0x2f, 0xf0, 0x0,
    0xff, 0x20, 0xa, 0xf4, 0xcf, 0x40, 0xf, 0xf8,
    0x1b, 0xff, 0x61, 0x8f, 0xb0, 0x9f, 0x80, 0x8,
    0xff, 0xfd, 0x7f, 0xff, 0xfb, 0x10, 0x5f, 0xe1,
    0x0, 0x6a, 0x71, 0x5, 0x99, 0x50, 0x0, 0xe,
    0xf9, 0x0, 0x0, 0x0, 0x0, 0x0, 0x0, 0x0,
    0x5, 0xff, 0x80, 0x0, 0x0, 0x0, 0x0, 0x0,
    0x0, 0x0, 0x8f, 0xfd, 0x63, 0x1, 0x49, 0x70,
    0x0, 0x0, 0x0, 0x5, 0xef, 0xff, 0xff, 0xff,
    0xc0, 0x0, 0x0, 0x0, 0x0, 0x6, 0xad, 0xec,
    0xa5, 0x0, 0x0, 0x0,

    /* U+0041 "A" */
    0x0, 0x0, 0x8, 0xff, 0xf4, 0x0, 0x0, 0x0,
    0x0, 0xd, 0xff, 0xfa, 0x0, 0x0, 0x0, 0x0,
    0x2f, 0xfc, 0xfe, 0x0, 0x0, 0x0, 0x0, 0x7f,
    0xf4, 0xff, 0x40, 0x0, 0x0, 0x0, 0xcf, 0xb0,
    0xff, 0x90, 0x0, 0x0, 0x1, 0xff, 0x70, 0xbf,
    0xe0, 0x0, 0x0, 0x6, 0xff, 0x20, 0x7f, 0xf3,
    0x0, 0x0, 0xb, 0xfe, 0x0, 0x2f, 0xf8, 0x0,
    0x0, 0xf, 0xfc, 0x66, 0x6f, 0xfd, 0x0, 0x0,
    0x5f, 0xff, 0xff, 0xff, 0xff, 0x20, 0x0, 0xaf,
    0xff, 0xff, 0xff, 0xff, 0x70, 0x0, 0xff, 0xd0,
    0x0, 0x2, 0xff, 0xc0, 0x4, 0xff, 0x80, 0x0,
    0x0, 0xef, 0xf1, 0x9, 0xff, 0x40, 0x0, 0x0,
    0x9f, 0xf6, 0xe, 0xff, 0x0, 0x0, 0x0, 0x5f,
    0xfb,

    /* U+0042 "B" */
    0x2f, 0xff, 0xff, 0xed, 0x93, 0x0, 0x2f, 0xff,
    0xff, 0xff, 0xff, 0x50, 0x2f, 0xfd, 0x56, 0x7c,
    0xff, 0xd0, 0x2f, 0xfc, 0x0, 0x0, 0xef, 0xf0,
    0x2f, 0xfc, 0x0, 0x0, 0xef, 0xe0, 0x2f, 0xfd,
    0x44, 0x6c, 0xff, 0x60, 0x2f, 0xff, 0xff, 0xff,
    0xf7, 0x0, 0x2f, 0xff, 0xff, 0xff, 0xff, 0x80,
    0x2f, 0xfc, 0x0, 0x14, 0xdf, 0xf5, 0x2f, 0xfc,
    0x0, 0x0, 0x3f, 0xfa, 0x2f, 0xfc, 0x0, 0x0,
    0x2f, 0xfc, 0x2f, 0xfc, 0x0, 0x0, 0x7f, 0xf9,
    0x2f, 0xfd, 0x56, 0x7a, 0xff, 0xf4, 0x2f, 0xff,
    0xff, 0xff, 0xff, 0x70, 0x2f, 0xff, 0xff, 0xfd,
    0xa3, 0x0,

    /* U+0043 "C" */
    0x0, 0x0, 0x8d, 0xfe, 0xc5, 0x0, 0x0, 0x4e,
    0xff, 0xff, 0xff, 0xa0, 0x3, 0xff, 0xff, 0xcc,
    0xff, 0xc0, 0xd, 0xff, 0xb1, 0x0, 0x19, 0x10,
    0x6f, 0xfe, 0x0, 0x0, 0x0, 0x0, 0xaf, 0xf7,
    0x0, 0x0, 0x0, 0x0, 0xdf, 0xf4, 0x0, 0x0,
    0x0, 0x0, 0xef, 0xf2, 0x0, 0x0, 0x0, 0x0,
    0xdf, 0xf4, 0x0, 0x0, 0x0, 0x0, 0xbf, 0xf7,
    0x0, 0x0, 0x0, 0x0, 0x7f, 0xfd, 0x0, 0x0,
    0x0, 0x0, 0xe, 0xff, 0xb0, 0x0, 0x1a, 0x70,
    0x4, 0xff, 0xff, 0xcc, 0xff, 0xf4, 0x0, 0x6f,
    0xff, 0xff, 0xff, 0xb0, 0x0, 0x1, 0x8c, 0xee,
    0xc5, 0x0,

    /* U+0044 "D" */
    0x2f, 0xff, 0xfe, 0xc9, 0x30, 0x0, 0x2, 0xff,
    0xff, 0xff, 0xff, 0x91, 0x0, 0x2f, 0xfe, 0x79,
    0xcf, 0xff, 0xa0, 0x2, 0xff, 0xc0, 0x0, 0x5f,
    0xff, 0x40, 0x2f, 0xfc, 0x0, 0x0, 0x8f, 0xfc,
    0x2, 0xff, 0xc0, 0x0, 0x1, 0xff, 0xf0, 0x2f,
    0xfc, 0x0, 0x0, 0xf, 0xff, 0x22, 0xff, 0xc0,
    0x0, 0x0, 0xdf, 0xf2, 0x2f, 0xfc, 0x0, 0x0,
    0xf, 0xff, 0x12, 0xff, 0xc0, 0x0, 0x1, 0xff,
    0xf0, 0x2f, 0xfc, 0x0, 0x0, 0x8f, 0xfb, 0x2,
    0xff, 0xc0, 0x0, 0x6f, 0xff, 0x30, 0x2f, 0xfe,
    0x89, 0xdf, 0xff, 0xa0, 0x2, 0xff, 0xff, 0xff,
    0xff, 0x90, 0x0, 0x2f, 0xff, 0xfe, 0xc9, 0x30,
    0x0, 0x0,

    /* U+0045 "E" */
    0x2f, 0xff, 0xff, 0xff, 0xfe, 0x2, 0xff, 0xff,
    0xff, 0xff, 0xe0, 0x2f, 0xfe, 0x99, 0x99, 0x98,
    0x2, 0xff, 0xc0, 0x0, 0x0, 0x0, 0x2f, 0xfc,
    0x0, 0x0, 0x0, 0x2, 0xff, 0xe9, 0x99, 0x99,
    0x0, 0x2f, 0xff, 0xff, 0xff, 0xf0, 0x2, 0xff,
    0xff, 0xff, 0xff, 0x0, 0x2f, 0xfc, 0x0, 0x0,
    0x0, 0x2, 0xff, 0xc0, 0x0, 0x0, 0x0, 0x2f,
    0xfc, 0x0, 0x0, 0x0, 0x2, 0xff, 0xc0, 0x0,
    0x0, 0x0, 0x2f, 0xfe, 0x99, 0x99, 0x99, 0x12,
    0xff, 0xff, 0xff, 0xff, 0xf1, 0x2f, 0xff, 0xff,
    0xff, 0xff, 0x10,

    /* U+0046 "F" */
    0x2f, 0xff, 0xff, 0xff, 0xfe, 0x2f, 0xff, 0xff,
    0xff, 0xfe, 0x2f, 0xfe, 0x99, 0x99, 0x98, 0x2f,
    0xfc, 0x0, 0x0, 0x0, 0x2f, 0xfc, 0x0, 0x0,
    0x0, 0x2f, 0xfc, 0x0, 0x0, 0x0, 0x2f, 0xff,
    0xff, 0xff, 0xf0, 0x2f, 0xff, 0xff, 0xff, 0xf0,
    0x2f, 0xfe, 0x99, 0x99, 0x90, 0x2f, 0xfc, 0x0,
    0x0, 0x0, 0x2f, 0xfc, 0x0, 0x0, 0x0, 0x2f,
    0xfc, 0x0, 0x0, 0x0, 0x2f, 0xfc, 0x0, 0x0,
    0x0, 0x2f, 0xfc, 0x0, 0x0, 0x0, 0x2f, 0xfc,
    0x0, 0x0, 0x0,

    /* U+0047 "G" */
    0x0, 0x0, 0x7c, 0xef, 0xd8, 0x10, 0x0, 0x3d,
    0xff, 0xff, 0xff, 0xe3, 0x3, 0xff, 0xff, 0xcb,
    0xdf, 0xf4, 0xc, 0xff, 0xb1, 0x0, 0x3, 0x40,
    0x6f, 0xfe, 0x0, 0x0, 0x0, 0x0, 0xaf, 0xf7,
    0x0, 0x0, 0x0, 0x0, 0xdf, 0xf4, 0x0, 0x4f,
    0xff, 0xff, 0xef, 0xf2, 0x0, 0x4f, 0xff, 0xff,
    0xdf, 0xf4, 0x0, 0x28, 0x8d, 0xff, 0xbf, 0xf7,
    0x0, 0x0, 0xa, 0xff, 0x7f, 0xfe, 0x0, 0x0,
    0xa, 0xff, 0xd, 0xff, 0xc1, 0x0, 0xb, 0xff,
    0x4, 0xff, 0xff, 0xdb, 0xdf, 0xff, 0x0, 0x5e,
    0xff, 0xff, 0xff, 0xf8, 0x0, 0x1, 0x8b, 0xef,
    0xd9, 0x30,

    /* U+0048 "H" */
    0x2f, 0xfc, 0x0, 0x0, 0x9, 0xff, 0x42, 0xff,
    0xc0, 0x0, 0x0, 0x9f, 0xf4, 0x2f, 0xfc, 0x0,
    0x0, 0x9, 0xff, 0x42, 0xff, 0xc0, 0x0, 0x0,
    0x9f, 0xf4, 0x2f, 0xfc, 0x0, 0x0, 0x9, 0xff,
    0x42, 0xff, 0xea, 0xaa, 0xaa, 0xef, 0xf4, 0x2f,
    0xff, 0xff, 0xff, 0xff, 0xff, 0x42, 0xff, 0xff,
    0xff, 0xff, 0xff, 0xf4, 0x2f, 0xfc, 0x0, 0x0,
    0x9, 0xff, 0x42, 0xff, 0xc0, 0x0, 0x0, 0x9f,
    0xf4, 0x2f, 0xfc, 0x0, 0x0, 0x9, 0xff, 0x42,
    0xff, 0xc0, 0x0, 0x0, 0x9f, 0xf4, 0x2f, 0xfc,
    0x0, 0x0, 0x9, 0xff, 0x42, 0xff, 0xc0, 0x0,
    0x0, 0x9f, 0xf4, 0x2f, 0xfc, 0x0, 0x0, 0x9,
    0xff, 0x40,

    /* U+0049 "I" */
    0x2f, 0xfc, 0x2f, 0xfc, 0x2f, 0xfc, 0x2f, 0xfc,
    0x2f, 0xfc, 0x2f, 0xfc, 0x2f, 0xfc, 0x2f, 0xfc,
    0x2f, 0xfc, 0x2f, 0xfc, 0x2f, 0xfc, 0x2f, 0xfc,
    0x2f, 0xfc, 0x2f, 0xfc, 0x2f, 0xfc,

    /* U+004A "J" */
    0x0, 0x0, 0x0, 0x5f, 0xf9, 0x0, 0x0, 0x0,
    0x5f, 0xf9, 0x0, 0x0, 0x0, 0x5f, 0xf9, 0x0,
    0x0, 0x0, 0x5f, 0xf9, 0x0, 0x0, 0x0, 0x5f,
    0xf9, 0x0, 0x0, 0x0, 0x5f, 0xf9, 0x0, 0x0,
    0x0, 0x5f, 0xf9, 0x0, 0x0, 0x0, 0x5f, 0xf9,
    0x0, 0x0, 0x0, 0x5f, 0xf9, 0x0, 0x0, 0x0,
    0x5f, 0xf9, 0x0, 0x0, 0x0, 0x6f, 0xf8, 0x7,
    0xe2, 0x0, 0xcf, 0xf6, 0x5f, 0xff, 0xbd, 0xff,
    0xf1, 0x9, 0xff, 0xff, 0xff, 0x70, 0x0, 0x6c,
    0xfe, 0xb4, 0x0,

    /* U+004B "K" */
    0x2f, 0xfc, 0x0, 0x0, 0xaf, 0xf9, 0x2, 0xff,
    0xc0, 0x0, 0x6f, 0xfd, 0x0, 0x2f, 0xfc, 0x0,
    0x2f, 0xff, 0x20, 0x2, 0xff, 0xc0, 0xd, 0xff,
    0x50, 0x0, 0x2f, 0xfc, 0xa, 0xff, 0x80, 0x0,
    0x2, 0xff, 0xc6, 0xff, 0xc0, 0x0, 0x0, 0x2f,
    0xfe, 0xff, 0xfd, 0x0, 0x0, 0x2, 0xff, 0xff,
    0xff, 0xf6, 0x0, 0x0, 0x2f, 0xff, 0xfa, 0xff,
    0xe1, 0x0, 0x2, 0xff, 0xfc, 0x9, 0xff, 0x90,
    0x0, 0x2f, 0xfe, 0x10, 0x1e, 0xff, 0x20, 0x2,
    0xff, 0xc0, 0x0, 0x6f, 0xfb, 0x0, 0x2f, 0xfc,
    0x0, 0x0, 0xdf, 0xf5, 0x2, 0xff, 0xc0, 0x0,
    0x4, 0xff, 0xe0, 0x2f, 0xfc, 0x0, 0x0, 0xb,
    0xff, 0x80,

    /* U+004C "L" */
    0x2f, 0xfc, 0x0, 0x0, 0x0, 0x2f, 0xfc, 0x0,
    0x0, 0x0, 0x2f, 0xfc, 0x0, 0x0, 0x0, 0x2f,
    0xfc, 0x0, 0x0, 0x0, 0x2f, 0xfc, 0x0, 0x0,
    0x0, 0x2f, 0xfc, 0x0, 0x0, 0x0, 0x2f, 0xfc,
    0x0, 0x0, 0x0, 0x2f, 0xfc, 0x0, 0x0, 0x0,
    0x2f, 0xfc, 0x0, 0x0, 0x0, 0x2f, 0xfc, 0x0,
    0x0, 0x0, 0x2f, 0xfc, 0x0, 0x0, 0x0, 0x2f,
    0xfc, 0x0, 0x0, 0x0, 0x2f, 0xfe, 0x99, 0x99,
    0x97, 0x2f, 0xff, 0xff, 0xff, 0xfc, 0x2f, 0xff,
    0xff, 0xff, 0xfc,

    /* U+004D "M" */
    0x2f, 0xff, 0x40, 0x0, 0x0, 0x3f, 0xff, 0x42,
    0xff, 0xfa, 0x0, 0x0, 0x8, 0xff, 0xf4, 0x2f,
    0xff, 0xf0, 0x0, 0x0, 0xef, 0xff, 0x42, 0xff,
    0xff, 0x50, 0x0, 0x4f, 0xff, 0xf4, 0x2f, 0xfc,
    0xfb, 0x0, 0x9, 0xfb, 0xff, 0x42, 0xff, 0x8f,
    0xf1, 0x0, 0xef, 0x8f, 0xf4, 0x2f, 0xf5, 0xef,
    0x60, 0x5f, 0xe5, 0xff, 0x42, 0xff, 0x69, 0xfc,
    0xa, 0xf9, 0x5f, 0xf4, 0x2f, 0xf7, 0x3f, 0xf1,
    0xef, 0x36, 0xff, 0x42, 0xff, 0x70, 0xdf, 0xaf,
    0xd0, 0x6f, 0xf4, 0x2f, 0xf7, 0x7, 0xff, 0xf7,
    0x6, 0xff, 0x42, 0xff, 0x70, 0x2f, 0xff, 0x20,
    0x6f, 0xf4, 0x2f, 0xf7, 0x0, 0xcf, 0xc0, 0x6,
    0xff, 0x42, 0xff, 0x70, 0x4, 0xa4, 0x0, 0x6f,
    0xf4, 0x2f, 0xf7, 0x0, 0x0, 0x0, 0x6, 0xff,
    0x40,

    /* U+004E "N" */
    0x2f, 0xff, 0x20, 0x0, 0xa, 0xff, 0x22, 0xff,
    0xfa, 0x0, 0x0, 0xaf, 0xf2, 0x2f, 0xff, 0xf3,
    0x0, 0xa, 0xff, 0x22, 0xff, 0xff, 0xb0, 0x0,
    0xaf, 0xf2, 0x2f, 0xf9, 0xff, 0x40, 0xa, 0xff,
    0x22, 0xff, 0x6d, 0xfc, 0x0, 0xaf, 0xf2, 0x2f,
    0xf7, 0x5f, 0xf5, 0xa, 0xff, 0x22, 0xff, 0x80,
    0xdf, 0xd0, 0x9f, 0xf2, 0x2f, 0xf9, 0x5, 0xff,
    0x58, 0xff, 0x22, 0xff, 0xa0, 0xc, 0xfd, 0x7f,
    0xf2, 0x2f, 0xfa, 0x0, 0x4f, 0xfa, 0xff, 0x22,
    0xff, 0xa0, 0x0, 0xbf, 0xff, 0xf2, 0x2f, 0xfa,
    0x0, 0x3, 0xff, 0xff, 0x22, 0xff, 0xa0, 0x0,
    0xa, 0xff, 0xf2, 0x2f, 0xfa, 0x0, 0x0, 0x2f,
    0xff, 0x20,

    /* U+004F "O" */
    0x0, 0x2, 0xae, 0xfe, 0xc6, 0x0, 0x0, 0x0,
    0x7f, 0xff, 0xff, 0xff, 0xb1, 0x0, 0x6, 0xff,
    0xfe, 0xbd, 0xff, 0xfc, 0x0, 0x1e, 0xff, 0x90,
    0x0, 0x3e, 0xff, 0x50, 0x7f, 0xfc, 0x0, 0x0,
    0x6, 0xff, 0xd0, 0xaf, 0xf6, 0x0, 0x0, 0x0,
    0xff, 0xf0, 0xcf, 0xf3, 0x0, 0x0, 0x0, 0xdf,
    0xf2, 0xef, 0xf2, 0x0, 0x0, 0x0, 0xbf, 0xf4,
    0xcf, 0xf4, 0x0, 0x0, 0x0, 0xdf, 0xf2, 0x9f,
    0xf6, 0x0, 0x0, 0x0, 0xff, 0xf0, 0x6f, 0xfd,
    0x0, 0x0, 0x7, 0xff, 0xc0, 0xe, 0xff, 0xa0,
    0x0, 0x4f, 0xff, 0x40, 0x5, 0xff, 0xff, 0xbd,
    0xff, 0xfb, 0x0, 0x0, 0x6f, 0xff, 0xff, 0xff,
    0xa1, 0x0, 0x0, 0x2, 0xae, 0xfe, 0xc5, 0x0,
    0x0,

    /* U+0050 "P" */
    0x2f, 0xff, 0xff, 0xec, 0x82, 0x0, 0x2f, 0xff,
    0xff, 0xff, 0xff, 0x40, 0x2f, 0xfe, 0x77, 0x9d,
    0xff, 0xe0, 0x2f, 0xfc, 0x0, 0x0, 0xcf, 0xf4,
    0x2f, 0xfc, 0x0, 0x0, 0x7f, 0xf6, 0x2f, 0xfc,
    0x0, 0x0, 0x9f, 0xf4, 0x2f, 0xfc, 0x0, 0x17,
    0xff, 0xf1, 0x2f, 0xff, 0xff, 0xff, 0xff, 0x70,
    0x2f, 0xff, 0xff, 0xff, 0xe6, 0x0, 0x2f, 0xfe,
    0x66, 0x53, 0x0, 0x0, 0x2f, 0xfc, 0x0, 0x0,
    0x0, 0x0, 0x2f, 0xfc, 0x0, 0x0, 0x0, 0x0,
    0x2f, 0xfc, 0x0, 0x0, 0x0, 0x0, 0x2f, 0xfc,
    0x0, 0x0, 0x0, 0x0, 0x2f, 0xfc, 0x0, 0x0,
    0x0, 0x0,

    /* U+0051 "Q" */
    0x0, 0x2, 0xae, 0xfe, 0xc6, 0x0, 0x0, 0x0,
    0x6f, 0xff, 0xff, 0xff, 0xb1, 0x0, 0x6, 0xff,
    0xfe, 0xbd, 0xff, 0xfc, 0x0, 0xe, 0xff, 0x90,
    0x0, 0x4f, 0xff, 0x50, 0x6f, 0xfd, 0x0, 0x0,
    0x6, 0xff, 0xd0, 0x9f, 0xf6, 0x0, 0x0, 0x0,
    0xff, 0xf0, 0xcf, 0xf4, 0x0, 0x0, 0x0, 0xdf,
    0xf2, 0xef, 0xf2, 0x0, 0x0, 0x0, 0xbf, 0xf4,
    0xcf, 0xf3, 0x0, 0x0, 0x0, 0xcf, 0xf2, 0xaf,
    0xf5, 0x0, 0x0, 0x0, 0xef, 0xf0, 0x7f, 0xfa,
    0x0, 0x0, 0x4, 0xff, 0xd0, 0x1f, 0xff, 0x30,
    0x0, 0xc, 0xff, 0x60, 0x8, 0xff, 0xf7, 0x46,
    0xcf, 0xfd, 0x0, 0x0, 0xaf, 0xff, 0xff, 0xff,
    0xd1, 0x0, 0x0, 0x6, 0xdf, 0xff, 0xe7, 0x10,
    0x0, 0x0, 0x0, 0x7, 0xff, 0xe3, 0x0, 0x0,
    0x0, 0x0, 0x0, 0xcf, 0xff, 0xb8, 0x95, 0x0,
    0x0, 0x0, 0xb, 0xff, 0xff, 0xfb, 0x0, 0x0,
    0x0, 0x0, 0x4b, 0xdf, 0xea,

    /* U+0052 "R" */
    0x2f, 0xff, 0xff, 0xfd, 0xa3, 0x0, 0x2, 0xff,
    0xff, 0xff, 0xff, 0xf6, 0x0, 0x2f, 0xfe, 0x77,
    0x8c, 0xff, 0xf2, 0x2, 0xff, 0xc0, 0x0, 0xa,
    0xff, 0x50, 0x2f, 0xfc, 0x0, 0x0, 0x6f, 0xf8,
    0x2, 0xff, 0xc0, 0x0, 0xb, 0xff, 0x60, 0x2f,
    0xfe, 0x77, 0x8d, 0xff, 0xf1, 0x2, 0xff, 0xff,
    0xff, 0xff, 0xf4, 0x0, 0x2f, 0xff, 0xff, 0xff,
    0xe2, 0x0, 0x2, 0xff, 0xc0, 0xe, 0xff, 0x30,
    0x0, 0x2f, 0xfc, 0x0, 0x6f, 0xfc, 0x0, 0x2,
    0xff, 0xc0, 0x0, 0xdf, 0xf5, 0x0, 0x2f, 0xfc,
    0x0, 0x6, 0xff, 0xd0, 0x2, 0xff, 0xc0, 0x0,
    0xd, 0xff, 0x60, 0x2f, 0xfc, 0x0, 0x0, 0x6f,
    0xfe, 0x0,

    /* U+0053 "S" */
    0x0, 0x2, 0xad, 0xfe, 0xa3, 0x0, 0x0, 0x5f,
    0xff, 0xff, 0xff, 0x70, 0x2, 0xff, 0xfe, 0xbd,
    0xff, 0xc0, 0x6, 0xff, 0xb0, 0x0, 0x29, 0x10,
    0x7, 0xff, 0x90, 0x0, 0x0, 0x0, 0x4, 0xff,
    0xf8, 0x10, 0x0, 0x0, 0x0, 0x9f, 0xff, 0xfa,
    0x40, 0x0, 0x0, 0x7, 0xef, 0xff, 0xfc, 0x20,
    0x0, 0x0, 0x5, 0xcf, 0xff, 0xe1, 0x0, 0x0,
    0x0, 0x4, 0xef, 0xf7, 0x0, 0x0, 0x0, 0x0,
    0x6f, 0xfa, 0x2, 0xe9, 0x10, 0x0, 0xaf, 0xf8,
    0xd, 0xff, 0xfd, 0xbd, 0xff, 0xf2, 0x4, 0xef,
    0xff, 0xff, 0xff, 0x60, 0x0, 0x7, 0xce, 0xfc,
    0x92, 0x0,

    /* U+0054 "T" */
    0x6f, 0xff, 0xff, 0xff, 0xff, 0xfe, 0x6f, 0xff,
    0xff, 0xff, 0xff, 0xfe, 0x39, 0x99, 0xbf, 0xfe,
    0x99, 0x98, 0x0, 0x0, 0x3f, 0xfb, 0x0, 0x0,
    0x0, 0x0, 0x3f, 0xfb, 0x0, 0x0, 0x0, 0x0,
    0x3f, 0xfb, 0x0, 0x0, 0x0, 0x0, 0x3f, 0xfb,
    0x0, 0x0, 0x0, 0x0, 0x3f, 0xfb, 0x0, 0x0,
    0x0, 0x0, 0x3f, 0xfb, 0x0, 0x0, 0x0, 0x0,
    0x3f, 0xfb, 0x0, 0x0, 0x0, 0x0, 0x3f, 0xfb,
    0x0, 0x0, 0x0, 0x0, 0x3f, 0xfb, 0x0, 0x0,
    0x0, 0x0, 0x3f, 0xfb, 0x0, 0x0, 0x0, 0x0,
    0x3f, 0xfb, 0x0, 0x0, 0x0, 0x0, 0x3f, 0xfb,
    0x0, 0x0,

    /* U+0055 "U" */
    0x3f, 0xfb, 0x0, 0x0, 0x9, 0xff, 0x33, 0xff,
    0xb0, 0x0, 0x0, 0x9f, 0xf3, 0x3f, 0xfb, 0x0,
    0x0, 0x9, 0xff, 0x33, 0xff, 0xb0, 0x0, 0x0,
    0x9f, 0xf3, 0x3f, 0xfb, 0x0, 0x0, 0x9, 0xff,
    0x33, 0xff, 0xb0, 0x0, 0x0, 0x9f, 0xf3, 0x3f,
    0xfb, 0x0, 0x0, 0x9, 0xff, 0x33, 0xff, 0xb0,
    0x0, 0x0, 0x9f, 0xf3, 0x3f, 0xfb, 0x0, 0x0,
    0xa, 0xff, 0x32, 0xff, 0xd0, 0x0, 0x0, 0xcf,
    0xf2, 0xf, 0xff, 0x10, 0x0, 0xf, 0xff, 0x0,
    0xbf, 0xf9, 0x0, 0x9, 0xff, 0xa0, 0x3, 0xff,
    0xfd, 0xbd, 0xff, 0xf2, 0x0, 0x7, 0xff, 0xff,
    0xff, 0xf7, 0x0, 0x0, 0x3, 0xad, 0xfd, 0xa3,
    0x0, 0x0,

    /* U+0056 "V" */
    0xe, 0xff, 0x20, 0x0, 0x0, 0xaf, 0xf5, 0xa,
    0xff, 0x60, 0x0, 0x0, 0xef, 0xf0, 0x5, 0xff,
    0xa0, 0x0, 0x2, 0xff, 0xb0, 0x0, 0xff, 0xe0,
    0x0, 0x6, 0xff, 0x60, 0x0, 0xbf, 0xf3, 0x0,
    0xb, 0xff, 0x10, 0x0, 0x7f, 0xf7, 0x0, 0xf,
    0xfd, 0x0, 0x0, 0x2f, 0xfb, 0x0, 0x3f, 0xf8,
    0x0, 0x0, 0xd, 0xff, 0x0, 0x7f, 0xf3, 0x0,
    0x0, 0x8, 0xff, 0x40, 0xcf, 0xe0, 0x0, 0x0,
    0x3, 0xff, 0x80, 0xff, 0x90, 0x0, 0x0, 0x0,
    0xef, 0xc4, 0xff, 0x40, 0x0, 0x0, 0x0, 0xaf,
    0xf9, 0xff, 0x0, 0x0, 0x0, 0x0, 0x5f, 0xff,
    0xfb, 0x0, 0x0, 0x0, 0x0, 0xf, 0xff, 0xf6,
    0x0, 0x0, 0x0, 0x0, 0xb, 0xff, 0xf1, 0x0,
    0x0,

    /* U+0057 "W" */
    0x8f, 0xf7, 0x0, 0x2, 0xff, 0x90, 0x0, 0xf,
    0xfc, 0x5f, 0xfa, 0x0, 0x6, 0xff, 0xd0, 0x0,
    0x2f, 0xfa, 0x2f, 0xfc, 0x0, 0x9, 0xff, 0xf1,
    0x0, 0x4f, 0xf7, 0xf, 0xff, 0x0, 0xd, 0xff,
    0xf5, 0x0, 0x7f, 0xf4, 0xc, 0xff, 0x10, 0x1f,
    0xfc, 0xf8, 0x0, 0xaf, 0xf1, 0x9, 0xff, 0x40,
    0x5f, 0xd8, 0xfc, 0x0, 0xcf, 0xe0, 0x6, 0xff,
    0x60, 0x8f, 0xa6, 0xff, 0x0, 0xff, 0xb0, 0x3,
    0xff, 0x90, 0xcf, 0x73, 0xff, 0x31, 0xff, 0x80,
    0x0, 0xff, 0xb0, 0xff, 0x30, 0xff, 0x73, 0xff,
    0x50, 0x0, 0xdf, 0xd2, 0xff, 0x0, 0xcf, 0xa6,
    0xff, 0x20, 0x0, 0xaf, 0xf6, 0xfd, 0x0, 0x8f,
    0xd8, 0xff, 0x0, 0x0, 0x7f, 0xfb, 0xf9, 0x0,
    0x4f, 0xfb, 0xfc, 0x0, 0x0, 0x4f, 0xff, 0xf6,
    0x0, 0x1f, 0xff, 0xf9, 0x0, 0x0, 0x1f, 0xff,
    0xf2, 0x0, 0xd, 0xff, 0xf6, 0x0, 0x0, 0xe,
    0xff, 0xf0, 0x0, 0xa, 0xff, 0xf3, 0x0,

    /* U+0058 "X" */
    0x3f, 0xff, 0x10, 0x0, 0x5f, 0xfb, 0x0, 0xaf,
    0xf8, 0x0, 0xc, 0xff, 0x30, 0x2, 0xff, 0xf0,
    0x3, 0xff, 0xa0, 0x0, 0x9, 0xff, 0x70, 0xaf,
    0xf2, 0x0, 0x0, 0x1f, 0xfe, 0x2f, 0xf9, 0x0,
    0x0, 0x0, 0x8f, 0xfd, 0xff, 0x10, 0x0, 0x0,
    0x0, 0xef, 0xff, 0x90, 0x0, 0x0, 0x0, 0xb,
    0xff, 0xf3, 0x0, 0x0, 0x0, 0x3, 0xff, 0xff,
    0xb0, 0x0, 0x0, 0x0, 0xcf, 0xeb, 0xff, 0x30,
    0x0, 0x0, 0x4f, 0xf8, 0x3f, 0xfc, 0x0, 0x0,
    0xd, 0xff, 0x10, 0xcf, 0xf5, 0x0, 0x5, 0xff,
    0x90, 0x4, 0xff, 0xd0, 0x0, 0xdf, 0xf2, 0x0,
    0xc, 0xff, 0x70, 0x6f, 0xfa, 0x0, 0x0, 0x4f,
    0xfe, 0x10,

    /* U+0059 "Y" */
    0xd, 0xff, 0x30, 0x0, 0x8, 0xff, 0x70, 0x6f,
    0xf9, 0x0, 0x0, 0xef, 0xf1, 0x0, 0xef, 0xf1,
    0x0, 0x5f, 0xf8, 0x0, 0x7, 0xff, 0x60, 0xb,
    0xff, 0x10, 0x0, 0x1f, 0xfd, 0x2, 0xff, 0x90,
    0x0, 0x0, 0x8f, 0xf3, 0x8f, 0xf2, 0x0, 0x0,
    0x1, 0xff, 0x9e, 0xfb, 0x0, 0x0, 0x0, 0x9,
    0xff, 0xff, 0x30, 0x0, 0x0, 0x0, 0x2f, 0xff,
    0xc0, 0x0, 0x0, 0x0, 0x0, 0xbf, 0xf5, 0x0,
    0x0, 0x0, 0x0, 0xa, 0xff, 0x40, 0x0, 0x0,
    0x0, 0x0, 0xaf, 0xf4, 0x0, 0x0, 0x0, 0x0,
    0xa, 0xff, 0x40, 0x0, 0x0, 0x0, 0x0, 0xaf,
    0xf4, 0x0, 0x0, 0x0, 0x0, 0xa, 0xff, 0x40,
    0x0, 0x0,

    /* U+005A "Z" */
    0x7, 0xff, 0xff, 0xff, 0xff, 0xf6, 0x7, 0xff,
    0xff, 0xff, 0xff, 0xf6, 0x4, 0x99, 0x99, 0x9b,
    0xff, 0xe1, 0x0, 0x0, 0x0, 0xc, 0xff, 0x50,
    0x0, 0x0, 0x0, 0x7f, 0xfa, 0x0, 0x0, 0x0,
    0x2, 0xff, 0xe1, 0x0, 0x0, 0x0, 0xc, 0xff,
    0x50, 0x0, 0x0, 0x0, 0x7f, 0xfb, 0x0, 0x0,
    0x0, 0x2, 0xff, 0xf1, 0x0, 0x0, 0x0, 0xc,
    0xff, 0x60, 0x0, 0x0, 0x0, 0x6f, 0xfb, 0x0,
    0x0, 0x0, 0x1, 0xff, 0xf2, 0x0, 0x0, 0x0,
    0xb, 0xff, 0xd9, 0x99, 0x99, 0x94, 0x2f, 0xff,
    0xff, 0xff, 0xff, 0xf7, 0x2f, 0xff, 0xff, 0xff,
    0xff, 0xf7,

    /* U+005B "[" */
    0xff, 0xff, 0x9f, 0xfb, 0xa6, 0xff, 0x30, 0xf,
    0xf3, 0x0, 0xff, 0x30, 0xf, 0xf3, 0x0, 0xff,
    0x30, 0xf, 0xf3, 0x0, 0xff, 0x30, 0xf, 0xf3,
    0x0, 0xff, 0x30, 0xf, 0xf3, 0x0, 0xff, 0x30,
    0xf, 0xf3, 0x0, 0xff, 0x30, 0xf, 0xf3, 0x0,
    0xff, 0x30, 0xf, 0xf3, 0x0, 0xff, 0x30, 0xf,
    0xff, 0xf9, 0x99, 0x99, 0x50,

    /* U+005C "\\" */
    0x5f, 0x90, 0x0, 0x0, 0x1f, 0xd0, 0x0, 0x0,
    0xd, 0xf1, 0x0, 0x0, 0x9, 0xf5, 0x0, 0x0,
    0x5, 0xf9, 0x0, 0x0, 0x1, 0xfd, 0x0, 0x0,
    0x0, 0xdf, 0x10, 0x0, 0x0, 0xaf, 0x50, 0x0,
    0x0, 0x6f, 0x90, 0x0, 0x0, 0x2f, 0xc0, 0x0,
    0x0, 0xe, 0xf0, 0x0, 0x0, 0xa, 0xf4, 0x0,
    0x0, 0x6, 0xf8, 0x0, 0x0, 0x2, 0xfc, 0x0,
    0x0, 0x0, 0xef, 0x0, 0x0, 0x0, 0xbf, 0x40,
    0x0, 0x0, 0x7f, 0x80, 0x0, 0x0, 0x3f, 0xc0,
    0x0, 0x0, 0xf, 0xf0, 0x0, 0x0, 0xb, 0xf3,
    0x0, 0x0, 0x4, 0x73,

    /* U+005D "]" */
    0xf, 0xff, 0xf8, 0xa, 0xae, 0xf8, 0x0, 0xa,
    0xf8, 0x0, 0xa, 0xf8, 0x0, 0xa, 0xf8, 0x0,
    0xa, 0xf8, 0x0, 0xa, 0xf8, 0x0, 0xa, 0xf8,
    0x0, 0xa, 0xf8, 0x0, 0xa, 0xf8, 0x0, 0xa,
    0xf8, 0x0, 0xa, 0xf8, 0x0, 0xa, 0xf8, 0x0,
    0xa, 0xf8, 0x0, 0xa, 0xf8, 0x0, 0xa, 0xf8,
    0x0, 0xa, 0xf8, 0x0, 0xa, 0xf8, 0x0, 0xa,
    0xf8, 0xf, 0xff, 0xf8, 0x9, 0x99, 0x95,

    /* U+005E "^" */
    0x0, 0x3, 0x77, 0x10, 0x0, 0x0, 0xa, 0xff,
    0x70, 0x0, 0x0, 0x1f, 0xff, 0xd0, 0x0, 0x0,
    0x6f, 0xdf, 0xf3, 0x0, 0x0, 0xcf, 0x7a, 0xf8,
    0x0, 0x2, 0xff, 0x25, 0xfe, 0x0, 0x8, 0xfd,
    0x0, 0xff, 0x40, 0xd, 0xf7, 0x0, 0xbf, 0xa0,
    0x3f, 0xf2, 0x0, 0x5f, 0xf0, 0x9f, 0xc0, 0x0,
    0xf, 0xf6,

    /* U+005F "_" */
    0x8c, 0xcc, 0xcc, 0xcc, 0xcc, 0xc0, 0xbf, 0xff,
    0xff, 0xff, 0xff, 0xf0,

    /* U+0060 "`" */
    0x0, 0x10, 0x0, 0x9, 0xd0, 0x0, 0x7f, 0xfa,
    0x0, 0x1d, 0xff, 0x70, 0x1, 0xcf, 0xf4, 0x0,
    0xb, 0xe2, 0x0, 0x0, 0x20,

    /* U+0061 "a" */
    0x0, 0x7b, 0xee, 0xb4, 0x0, 0x4e, 0xff, 0xff,
    0xff, 0x50, 0x1f, 0xfa, 0x8b, 0xff, 0xe0, 0x4,
    0x10, 0x0, 0xdf, 0xf3, 0x0, 0x0, 0x36, 0xdf,
    0xf5, 0x2, 0x9f, 0xff, 0xff, 0xf6, 0x3f, 0xff,
    0xa6, 0xaf, 0xf6, 0xbf, 0xf2, 0x0, 0x8f, 0xf6,
    0xef, 0xe0, 0x0, 0xbf, 0xf6, 0xdf, 0xfa, 0x7c,
    0xff, 0xf6, 0x6f, 0xff, 0xff, 0xcf, 0xf6, 0x6,
    0xdf, 0xb5, 0x1f, 0xf6,

    /* U+0062 "b" */
    0x6f, 0xf8, 0x0, 0x0, 0x0, 0x6, 0xff, 0x80,
    0x0, 0x0, 0x0, 0x6f, 0xf8, 0x0, 0x0, 0x0,
    0x6, 0xff, 0x80, 0x0, 0x0, 0x0, 0x6f, 0xf8,
    0x0, 0x0, 0x0, 0x6, 0xff, 0x75, 0xcf, 0xc7,
    0x0, 0x6f, 0xfe, 0xff, 0xff, 0xf9, 0x6, 0xff,
    0xfe, 0x9b, 0xff, 0xf3, 0x6f, 0xfc, 0x0, 0x9,
    0xff, 0xa6, 0xff, 0x80, 0x0, 0x3f, 0xfc, 0x6f,
    0xf8, 0x0, 0x1, 0xff, 0xe6, 0xff, 0x80, 0x0,
    0x2f, 0xfd, 0x6f, 0xf8, 0x0, 0x4, 0xff, 0xb6,
    0xff, 0x90, 0x0, 0xcf, 0xf7, 0x6f, 0xff, 0xc9,
    0xdf, 0xfe, 0x6, 0xff, 0xdf, 0xff, 0xff, 0x50,
    0x6f, 0xf0, 0x7d, 0xeb, 0x30, 0x0,

    /* U+0063 "c" */
    0x0, 0x1, 0x9c, 0xfd, 0x80, 0x0, 0x4e, 0xff,
    0xff, 0xf9, 0x1, 0xef, 0xfd, 0x9b, 0xe1, 0x9,
    0xff, 0xb0, 0x0, 0x0, 0xd, 0xff, 0x20, 0x0,
    0x0, 0xf, 0xff, 0x0, 0x0, 0x0, 0xf, 0xff,
    0x0, 0x0, 0x0, 0xe, 0xff, 0x20, 0x0, 0x0,
    0xa, 0xff, 0xb0, 0x0, 0x20, 0x2, 0xff, 0xfd,
    0x9b, 0xf5, 0x0, 0x6f, 0xff, 0xff, 0xfc, 0x0,
    0x2, 0xad, 0xfc, 0x70,

    /* U+0064 "d" */
    0x0, 0x0, 0x0, 0x0, 0x9f, 0xf4, 0x0, 0x0,
    0x0, 0x0, 0x9f, 0xf4, 0x0, 0x0, 0x0, 0x0,
    0x9f, 0xf4, 0x0, 0x0, 0x0, 0x0, 0x9f, 0xf4,
    0x0, 0x0, 0x0, 0x0, 0x9f, 0xf4, 0x0, 0x4,
    0xbe, 0xc7, 0x9f, 0xf4, 0x0, 0x6f, 0xff, 0xff,
    0xff, 0xf4, 0x2, 0xff, 0xfc, 0x9d, 0xff, 0xf4,
    0x9, 0xff, 0xa0, 0x0, 0xbf, 0xf4, 0xd, 0xff,
    0x20, 0x0, 0x9f, 0xf4, 0xf, 0xff, 0x0, 0x0,
    0x9f, 0xf4, 0xf, 0xff, 0x0, 0x0, 0x9f, 0xf4,
    0xd, 0xff, 0x20, 0x0, 0x9f, 0xf4, 0xb, 0xff,
    0x90, 0x1, 0xdf, 0xf4, 0x4, 0xff, 0xfb, 0x9e,
    0xff, 0xf4, 0x0, 0xaf, 0xff, 0xff, 0xdf, 0xf4,
    0x0, 0x7, 0xcf, 0xc6, 0x2f, 0xf4,

    /* U+0065 "e" */
    0x0, 0x2, 0xad, 0xeb, 0x40, 0x0, 0x5, 0xff,
    0xff, 0xff, 0x70, 0x1, 0xff, 0xf8, 0x7d, 0xff,
    0x10, 0xaf, 0xf3, 0x0, 0x1f, 0xf7, 0xd, 0xfd,
    0x11, 0x11, 0xcf, 0xa0, 0xff, 0xff, 0xff, 0xff,
    0xfc, 0xf, 0xff, 0xff, 0xff, 0xff, 0xb0, 0xdf,
    0xe0, 0x0, 0x0, 0x0, 0xa, 0xff, 0x60, 0x0,
    0x0, 0x0, 0x2f, 0xff, 0xa7, 0x7b, 0xb0, 0x0,
    0x5f, 0xff, 0xff, 0xff, 0x20, 0x0, 0x2a, 0xdf,
    0xd9, 0x20,

    /* U+0066 "f" */
    0x0, 0x3, 0xbe, 0xfc, 0x0, 0x3, 0xff, 0xff,
    0xd0, 0x0, 0xaf, 0xfc, 0x76, 0x0, 0xd, 0xff,
    0x20, 0x0, 0x0, 0xef, 0xf0, 0x0, 0x6, 0xef,
    0xff, 0xff, 0x20, 0x6f, 0xff, 0xff, 0xf2, 0x2,
    0x6f, 0xff, 0x66, 0x0, 0x0, 0xef, 0xf0, 0x0,
    0x0, 0xe, 0xff, 0x0, 0x0, 0x0, 0xef, 0xf0,
    0x0, 0x0, 0xe, 0xff, 0x0, 0x0, 0x0, 0xef,
    0xf0, 0x0, 0x0, 0xe, 0xff, 0x0, 0x0, 0x0,
    0xef, 0xf0, 0x0, 0x0, 0xe, 0xff, 0x0, 0x0,
    0x0, 0xef, 0xf0, 0x0, 0x0,

    /* U+0067 "g" */
    0x0, 0x18, 0xdf, 0xff, 0xff, 0xf6, 0x1, 0xef,
    0xff, 0xff, 0xff, 0xf6, 0x9, 0xff, 0x93, 0x5e,
    0xfb, 0x31, 0xb, 0xff, 0x0, 0x9, 0xfe, 0x0,
    0x8, 0xff, 0x50, 0x2d, 0xfd, 0x0, 0x0, 0xcf,
    0xff, 0xff, 0xf5, 0x0, 0x0, 0x9f, 0xdf, 0xeb,
    0x40, 0x0, 0x3, 0xfe, 0x0, 0x0, 0x0, 0x0,
    0x7, 0xfe, 0x0, 0x0, 0x0, 0x0, 0x6, 0xff,
    0x96, 0x55, 0x41, 0x0, 0x1, 0xef, 0xff, 0xff,
    0xff, 0xb0, 0x1, 0xdf, 0xef, 0xff, 0xff, 0xf7,
    0xd, 0xf7, 0x0, 0x1, 0x7f, 0xf8, 0xf, 0xfa,
    0x20, 0x2, 0xbf, 0xf3, 0xb, 0xff, 0xff, 0xff,
    0xff, 0x60, 0x0, 0x7c, 0xef, 0xec, 0x82, 0x0,

    /* U+0068 "h" */
    0x6f, 0xf8, 0x0, 0x0, 0x0, 0x6, 0xff, 0x80,
    0x0, 0x0, 0x0, 0x6f, 0xf8, 0x0, 0x0, 0x0,
    0x6, 0xff, 0x80, 0x0, 0x0, 0x0, 0x6f, 0xf8,
    0x0, 0x0, 0x0, 0x6, 0xff, 0x73, 0xbf, 0xd9,
    0x0, 0x6f, 0xfb, 0xff, 0xff, 0xf9, 0x6, 0xff,
    0xff, 0xbd, 0xff, 0xf1, 0x6f, 0xfe, 0x20, 0xd,
    0xff, 0x36, 0xff, 0x80, 0x0, 0xaf, 0xf5, 0x6f,
    0xf8, 0x0, 0x9, 0xff, 0x56, 0xff, 0x80, 0x0,
    0x9f, 0xf5, 0x6f, 0xf8, 0x0, 0x9, 0xff, 0x56,
    0xff, 0x80, 0x0, 0x9f, 0xf5, 0x6f, 0xf8, 0x0,
    0x9, 0xff, 0x56, 0xff, 0x80, 0x0, 0x9f, 0xf5,
    0x6f, 0xf8, 0x0, 0x9, 0xff, 0x50,

    /* U+0069 "i" */
    0x2c, 0xd3, 0x8f, 0xfa, 0x5f, 0xf6, 0x2, 0x20,
    0x0, 0x0, 0x6f, 0xf8, 0x6f, 0xf8, 0x6f, 0xf8,
    0x6f, 0xf8, 0x6f, 0xf8, 0x6f, 0xf8, 0x6f, 0xf8,
    0x6f, 0xf8, 0x6f, 0xf8, 0x6f, 0xf8, 0x6f, 0xf8,
    0x6f, 0xf8,

    /* U+006A "j" */
    0x0, 0x2, 0xcd, 0x30, 0x0, 0x8f, 0xfa, 0x0,
    0x4, 0xff, 0x70, 0x0, 0x2, 0x20, 0x0, 0x0,
    0x0, 0x0, 0x0, 0x6f, 0xf8, 0x0, 0x6, 0xff,
    0x80, 0x0, 0x6f, 0xf8, 0x0, 0x6, 0xff, 0x80,
    0x0, 0x6f, 0xf8, 0x0, 0x6, 0xff, 0x80, 0x0,
    0x6f, 0xf8, 0x0, 0x6, 0xff, 0x80, 0x0, 0x6f,
    0xf8, 0x0, 0x6, 0xff, 0x80, 0x0, 0x6f, 0xf8,
    0x0, 0x6, 0xff, 0x80, 0x0, 0x8f, 0xf7, 0x5,
    0x8f, 0xff, 0x40, 0xcf, 0xff, 0xd0, 0xd, 0xfd,
    0xa1, 0x0,

    /* U+006B "k" */
    0x6f, 0xf7, 0x0, 0x0, 0x0, 0x6, 0xff, 0x70,
    0x0, 0x0, 0x0, 0x6f, 0xf7, 0x0, 0x0, 0x0,
    0x6, 0xff, 0x70, 0x0, 0x0, 0x0, 0x6f, 0xf7,
    0x0, 0x0, 0x0, 0x6, 0xff, 0x70, 0x1, 0xef,
    0xf3, 0x6f, 0xf7, 0x0, 0xbf, 0xf6, 0x6, 0xff,
    0x70, 0x7f, 0xfa, 0x0, 0x6f, 0xf7, 0x3f, 0xfd,
    0x0, 0x6, 0xff, 0x8e, 0xff, 0x20, 0x0, 0x6f,
    0xff, 0xff, 0xf2, 0x0, 0x6, 0xff, 0xff, 0xff,
    0xa0, 0x0, 0x6f, 0xff, 0xaa, 0xff, 0x40, 0x6,
    0xff, 0xc0, 0x2f, 0xfd, 0x0, 0x6f, 0xf7, 0x0,
    0x9f, 0xf7, 0x6, 0xff, 0x70, 0x1, 0xff, 0xf1,
    0x6f, 0xf7, 0x0, 0x8, 0xff, 0xa0,

    /* U+006C "l" */
    0x6f, 0xf8, 0x6, 0xff, 0x80, 0x6f, 0xf8, 0x6,
    0xff, 0x80, 0x6f, 0xf8, 0x6, 0xff, 0x80, 0x6f,
    0xf8, 0x6, 0xff, 0x80, 0x6f, 0xf8, 0x6, 0xff,
    0x80, 0x6f, 0xf8, 0x6, 0xff, 0x80, 0x6f, 0xf8,
    0x6, 0xff, 0x80, 0x5f, 0xfe, 0x41, 0xff, 0xfa,
    0x4, 0xdf, 0xb0,

    /* U+006D "m" */
    0x6f, 0xf0, 0x4c, 0xfe, 0x70, 0x6, 0xdf, 0xc3,
    0x6, 0xff, 0x9f, 0xff, 0xff, 0x6a, 0xff, 0xff,
    0xf1, 0x6f, 0xff, 0xfb, 0xef, 0xff, 0xfe, 0xbf,
    0xff, 0x76, 0xff, 0xd2, 0x1, 0xff, 0xfa, 0x0,
    0x6f, 0xfa, 0x6f, 0xf8, 0x0, 0xd, 0xff, 0x20,
    0x2, 0xff, 0xc6, 0xff, 0x80, 0x0, 0xcf, 0xf2,
    0x0, 0x2f, 0xfc, 0x6f, 0xf8, 0x0, 0xc, 0xff,
    0x20, 0x1, 0xff, 0xc6, 0xff, 0x80, 0x0, 0xcf,
    0xf2, 0x0, 0x1f, 0xfc, 0x6f, 0xf8, 0x0, 0xc,
    0xff, 0x20, 0x1, 0xff, 0xc6, 0xff, 0x80, 0x0,
    0xcf, 0xf2, 0x0, 0x1f, 0xfc, 0x6f, 0xf8, 0x0,
    0xc, 0xff, 0x20, 0x1, 0xff, 0xc6, 0xff, 0x80,
    0x0, 0xcf, 0xf2, 0x0, 0x1f, 0xfc,

    /* U+006E "n" */
    0x6f, 0xf0, 0x3b, 0xfd, 0x90, 0x6, 0xff, 0x9f,
    0xff, 0xff, 0x90, 0x6f, 0xff, 0xfb, 0xdf, 0xff,
    0x16, 0xff, 0xe2, 0x0, 0xdf, 0xf3, 0x6f, 0xf8,
    0x0, 0xa, 0xff, 0x56, 0xff, 0x80, 0x0, 0x9f,
    0xf5, 0x6f, 0xf8, 0x0, 0x9, 0xff, 0x56, 0xff,
    0x80, 0x0, 0x9f, 0xf5, 0x6f, 0xf8, 0x0, 0x9,
    0xff, 0x56, 0xff, 0x80, 0x0, 0x9f, 0xf5, 0x6f,
    0xf8, 0x0, 0x9, 0xff, 0x56, 0xff, 0x80, 0x0,
    0x9f, 0xf5,

    /* U+006F "o" */
    0x0, 0x2, 0xad, 0xfb, 0x60, 0x0, 0x0, 0x5f,
    0xff, 0xff, 0xfc, 0x0, 0x1, 0xff, 0xfb, 0x9e,
    0xff, 0x90, 0xa, 0xff, 0x80, 0x1, 0xef, 0xf2,
    0xd, 0xff, 0x10, 0x0, 0x9f, 0xf5, 0xf, 0xfe,
    0x0, 0x0, 0x6f, 0xf8, 0xf, 0xfe, 0x0, 0x0,
    0x6f, 0xf8, 0xd, 0xff, 0x10, 0x0, 0x9f, 0xf5,
    0xa, 0xff, 0x80, 0x1, 0xef, 0xf2, 0x1, 0xff,
    0xfb, 0x9e, 0xff, 0x90, 0x0, 0x5f, 0xff, 0xff,
    0xfc, 0x0, 0x0, 0x2, 0xad, 0xfc, 0x60, 0x0,

    /* U+0070 "p" */
    0x6f, 0xf1, 0x6c, 0xfc, 0x70, 0x6, 0xff, 0xdf,
    0xff, 0xff, 0x90, 0x6f, 0xff, 0xe9, 0xbf, 0xff,
    0x36, 0xff, 0xc0, 0x0, 0x9f, 0xfa, 0x6f, 0xf8,
    0x0, 0x3, 0xff, 0xc6, 0xff, 0x80, 0x0, 0x1f,
    0xfe, 0x6f, 0xf8, 0x0, 0x2, 0xff, 0xd6, 0xff,
    0x80, 0x0, 0x4f, 0xfb, 0x6f, 0xf9, 0x0, 0xc,
    0xff, 0x76, 0xff, 0xfc, 0x9d, 0xff, 0xe0, 0x6f,
    0xff, 0xff, 0xff, 0xf5, 0x6, 0xff, 0x77, 0xde,
    0xb3, 0x0, 0x6f, 0xf8, 0x0, 0x0, 0x0, 0x6,
    0xff, 0x80, 0x0, 0x0, 0x0, 0x6f, 0xf8, 0x0,
    0x0, 0x0, 0x6, 0xff, 0x80, 0x0, 0x0, 0x0,

    /* U+0071 "q" */
    0x0, 0x4, 0xbe, 0xd8, 0x1f, 0xf4, 0x0, 0x6f,
    0xff, 0xff, 0xef, 0xf4, 0x2, 0xff, 0xfc, 0x9d,
    0xff, 0xf4, 0x9, 0xff, 0xa0, 0x0, 0xbf, 0xf4,
    0xd, 0xff, 0x20, 0x0, 0x9f, 0xf4, 0xf, 0xff,
    0x0, 0x0, 0x9f, 0xf4, 0xf, 0xff, 0x0, 0x0,
    0x9f, 0xf4, 0xd, 0xff, 0x20, 0x0, 0x9f, 0xf4,
    0xb, 0xff, 0x90, 0x1, 0xdf, 0xf4, 0x4, 0xff,
    0xfb, 0x9e, 0xff, 0xf4, 0x0, 0xaf, 0xff, 0xff,
    0xef, 0xf4, 0x0, 0x7, 0xcf, 0xc5, 0x9f, 0xf4,
    0x0, 0x0, 0x0, 0x0, 0x9f, 0xf4, 0x0, 0x0,
    0x0, 0x0, 0x9f, 0xf4, 0x0, 0x0, 0x0, 0x0,
    0x9f, 0xf4, 0x0, 0x0, 0x0, 0x0, 0x9f, 0xf4,

    /* U+0072 "r" */
    0x6f, 0xf0, 0x3c, 0xfa, 0x6f, 0xf5, 0xff, 0xf7,
    0x6f, 0xff, 0xfd, 0xc4, 0x6f, 0xff, 0x70, 0x0,
    0x6f, 0xfc, 0x0, 0x0, 0x6f, 0xf8, 0x0, 0x0,
    0x6f, 0xf8, 0x0, 0x0, 0x6f, 0xf8, 0x0, 0x0,
    0x6f, 0xf8, 0x0, 0x0, 0x6f, 0xf8, 0x0, 0x0,
    0x6f, 0xf8, 0x0, 0x0, 0x6f, 0xf8, 0x0, 0x0,

    /* U+0073 "s" */
    0x0, 0x2a, 0xef, 0xc8, 0x0, 0x2, 0xff, 0xff,
    0xff, 0xd0, 0xa, 0xff, 0x95, 0x9f, 0x50, 0xc,
    0xff, 0x0, 0x1, 0x0, 0x9, 0xff, 0xb4, 0x0,
    0x0, 0x1, 0xdf, 0xff, 0xc4, 0x0, 0x0, 0x6,
    0xef, 0xff, 0x80, 0x0, 0x0, 0x6, 0xff, 0xf0,
    0x2, 0x20, 0x0, 0x9f, 0xf2, 0xd, 0xf9, 0x67,
    0xef, 0xf0, 0x3e, 0xff, 0xff, 0xff, 0x60, 0x0,
    0x7b, 0xee, 0xb4, 0x0,

    /* U+0074 "t" */
    0x0, 0x8f, 0xe0, 0x0, 0x0, 0xa, 0xfe, 0x0,
    0x0, 0x0, 0xcf, 0xe0, 0x0, 0x8, 0xff, 0xff,
    0xff, 0xb0, 0x9f, 0xff, 0xff, 0xfb, 0x3, 0x6f,
    0xff, 0x66, 0x40, 0x0, 0xff, 0xe0, 0x0, 0x0,
    0xf, 0xfe, 0x0, 0x0, 0x0, 0xff, 0xe0, 0x0,
    0x0, 0xf, 0xfe, 0x0, 0x0, 0x0, 0xff, 0xe0,
    0x0, 0x0, 0xe, 0xff, 0x10, 0x0, 0x0, 0xbf,
    0xfd, 0x76, 0x0, 0x4, 0xff, 0xff, 0xd0, 0x0,
    0x4, 0xcf, 0xeb, 0x0,

    /* U+0075 "u" */
    0x8f, 0xf5, 0x0, 0xc, 0xff, 0x28, 0xff, 0x50,
    0x0, 0xcf, 0xf2, 0x8f, 0xf5, 0x0, 0xc, 0xff,
    0x28, 0xff, 0x50, 0x0, 0xcf, 0xf2, 0x8f, 0xf5,
    0x0, 0xc, 0xff, 0x28, 0xff, 0x50, 0x0, 0xcf,
    0xf2, 0x8f, 0xf6, 0x0, 0xc, 0xff, 0x28, 0xff,
    0x60, 0x0, 0xcf, 0xf2, 0x6f, 0xfa, 0x0, 0x5f,
    0xff, 0x23, 0xff, 0xfb, 0xcf, 0xff, 0xf2, 0xc,
    0xff, 0xff, 0xd8, 0xff, 0x20, 0x1a, 0xee, 0xa1,
    0x4f, 0xf2,

    /* U+0076 "v" */
    0x8f, 0xf5, 0x0, 0x0, 0xbf, 0xf1, 0x3f, 0xfa,
    0x0, 0x0, 0xff, 0xc0, 0xe, 0xfe, 0x0, 0x4,
    0xff, 0x70, 0x9, 0xff, 0x20, 0x8, 0xff, 0x20,
    0x4, 0xff, 0x70, 0xd, 0xfd, 0x0, 0x0, 0xff,
    0xb0, 0x1f, 0xf8, 0x0, 0x0, 0xaf, 0xf0, 0x5f,
    0xf3, 0x0, 0x0, 0x5f, 0xf3, 0x9f, 0xe0, 0x0,
    0x0, 0xf, 0xf7, 0xdf, 0x90, 0x0, 0x0, 0xb,
    0xfd, 0xff, 0x40, 0x0, 0x0, 0x6, 0xff, 0xff,
    0x0, 0x0, 0x0, 0x1, 0xff, 0xfa, 0x0, 0x0,

    /* U+0077 "w" */
    0x5f, 0xf9, 0x0, 0xb, 0xff, 0x10, 0x2, 0xff,
    0x91, 0xff, 0xc0, 0x0, 0xef, 0xf5, 0x0, 0x5f,
    0xf5, 0xd, 0xff, 0x0, 0x2f, 0xff, 0x90, 0x8,
    0xff, 0x10, 0x9f, 0xf3, 0x6, 0xfd, 0xfd, 0x0,
    0xcf, 0xe0, 0x5, 0xff, 0x60, 0xaf, 0x7f, 0xf1,
    0xf, 0xfa, 0x0, 0x1f, 0xfa, 0xd, 0xf2, 0xff,
    0x42, 0xff, 0x60, 0x0, 0xef, 0xc1, 0xff, 0xc,
    0xf8, 0x5f, 0xf3, 0x0, 0xa, 0xff, 0x4f, 0xc0,
    0x8f, 0xb7, 0xff, 0x0, 0x0, 0x6f, 0xf9, 0xf8,
    0x5, 0xfe, 0xaf, 0xb0, 0x0, 0x2, 0xff, 0xef,
    0x50, 0x1f, 0xfe, 0xf8, 0x0, 0x0, 0xe, 0xff,
    0xf1, 0x0, 0xdf, 0xff, 0x40, 0x0, 0x0, 0xaf,
    0xfe, 0x0, 0xa, 0xff, 0xf0, 0x0,

    /* U+0078 "x" */
    0x2f, 0xfe, 0x0, 0x9, 0xff, 0x60, 0x9f, 0xf7,
    0x0, 0xff, 0xd0, 0x1, 0xff, 0xe0, 0x6f, 0xf5,
    0x0, 0x7, 0xff, 0x7d, 0xfd, 0x0, 0x0, 0xd,
    0xff, 0xff, 0x40, 0x0, 0x0, 0x5f, 0xff, 0xb0,
    0x0, 0x0, 0x9, 0xff, 0xfa, 0x0, 0x0, 0x2,
    0xff, 0xef, 0xf3, 0x0, 0x0, 0xbf, 0xe3, 0xff,
    0xd0, 0x0, 0x4f, 0xf8, 0xa, 0xff, 0x60, 0xd,
    0xff, 0x10, 0x1f, 0xff, 0x16, 0xff, 0x90, 0x0,
    0x8f, 0xf9,

    /* U+0079 "y" */
    0x8f, 0xf6, 0x0, 0x0, 0xbf, 0xf1, 0x2f, 0xfb,
    0x0, 0x0, 0xff, 0xb0, 0xb, 0xff, 0x10, 0x5,
    0xff, 0x50, 0x5, 0xff, 0x60, 0x9, 0xff, 0x0,
    0x0, 0xef, 0xb0, 0xe, 0xfb, 0x0, 0x0, 0x9f,
    0xf1, 0x3f, 0xf5, 0x0, 0x0, 0x2f, 0xf5, 0x7f,
    0xf0, 0x0, 0x0, 0xc, 0xfa, 0xbf, 0xa0, 0x0,
    0x0, 0x6, 0xff, 0xff, 0x50, 0x0, 0x0, 0x0,
    0xff, 0xff, 0x0, 0x0, 0x0, 0x0, 0x9f, 0xfa,
    0x0, 0x0, 0x0, 0x0, 0x7f, 0xf5, 0x0, 0x0,
    0x0, 0x0, 0xef, 0xe0, 0x0, 0x0, 0x4, 0x8d,
    0xff, 0x70, 0x0, 0x0, 0xb, 0xff, 0xfb, 0x0,
    0x0, 0x0, 0xc, 0xfd, 0x80, 0x0, 0x0, 0x0,

    /* U+007A "z" */
    0x9, 0xff, 0xff, 0xff, 0xf7, 0x9, 0xff, 0xff,
    0xff, 0xf7, 0x4, 0x66, 0x69, 0xff, 0xe1, 0x0,
    0x0, 0xd, 0xff, 0x50, 0x0, 0x0, 0x7f, 0xfb,
    0x0, 0x0, 0x2, 0xff, 0xf1, 0x0, 0x0, 0xb,
    0xff, 0x60, 0x0, 0x0, 0x5f, 0xfc, 0x0, 0x0,
    0x1, 0xef, 0xf2, 0x0, 0x0, 0xa, 0xff, 0xc6,
    0x66, 0x64, 0x2f, 0xff, 0xff, 0xff, 0xfa, 0x2f,
    0xff, 0xff, 0xff, 0xfa,

    /* U+007B "{" */
    0x0, 0x8, 0xef, 0x90, 0x4, 0xff, 0xc6, 0x0,
    0x7f, 0xf0, 0x0, 0x8, 0xfd, 0x0, 0x0, 0x7f,
    0xd0, 0x0, 0x7, 0xfe, 0x0, 0x0, 0x6f, 0xe0,
    0x0, 0x6, 0xfe, 0x0, 0x0, 0xcf, 0xc0, 0x3,
    0xff, 0xe3, 0x0, 0x4f, 0xfc, 0x10, 0x0, 0x2d,
    0xfb, 0x0, 0x0, 0x7f, 0xe0, 0x0, 0x6, 0xfe,
    0x0, 0x0, 0x6f, 0xe0, 0x0, 0x7, 0xfd, 0x0,
    0x0, 0x8f, 0xd0, 0x0, 0x8, 0xfd, 0x0, 0x0,
    0x6f, 0xf2, 0x0, 0x1, 0xff, 0xf9, 0x0, 0x2,
    0x89, 0x50,

    /* U+007C "|" */
    0xba, 0xfe, 0xfe, 0xfe, 0xfe, 0xfe, 0xfe, 0xfe,
    0xfe, 0xfe, 0xfe, 0xfe, 0xfe, 0xfe, 0xfe, 0xfe,
    0xfe, 0xfe, 0xfe, 0xfe, 0xfe, 0xfe, 0xfe, 0xfe,

    /* U+007D "}" */
    0xf, 0xfc, 0x30, 0x0, 0xbf, 0xfc, 0x0, 0x0,
    0x6f, 0xf0, 0x0, 0x4, 0xff, 0x10, 0x0, 0x4f,
    0xf0, 0x0, 0x5, 0xff, 0x0, 0x0, 0x5f, 0xf0,
    0x0, 0x5, 0xff, 0x0, 0x0, 0x3f, 0xf5, 0x0,
    0x0, 0x8f, 0xfc, 0x0, 0x5, 0xff, 0xd0, 0x2,
    0xff, 0x80, 0x0, 0x5f, 0xf0, 0x0, 0x5, 0xfe,
    0x0, 0x0, 0x5f, 0xf0, 0x0, 0x5, 0xff, 0x0,
    0x0, 0x4f, 0xf0, 0x0, 0x4, 0xff, 0x0, 0x1,
    0xaf, 0xf0, 0x0, 0xff, 0xf9, 0x0, 0x9, 0x96,
    0x0, 0x0,

    /* U+007E "~" */
    0x0, 0x8e, 0xd7, 0x0, 0x4, 0x0, 0xa, 0xff,
    0xff, 0xc5, 0x7f, 0xc0, 0x1e, 0xe5, 0x5e, 0xff,
    0xff, 0x70, 0x1, 0x30, 0x1, 0x9e, 0xe6, 0x0,

    /* U+4E1D "丝" */
    0x0, 0x0, 0xb, 0x71, 0x0, 0x0, 0x4, 0xa4,
    0x0, 0x0, 0x0, 0x0, 0x5f, 0xf3, 0x0, 0x0,
    0xc, 0xfc, 0x0, 0x0, 0x0, 0x0, 0xbf, 0xc0,
    0x0, 0x0, 0x3f, 0xf4, 0x0, 0x0, 0x0, 0x2,
    0xff, 0x40, 0x61, 0x0, 0xaf, 0xc0, 0x3, 0x0,
    0x0, 0xa, 0xfc, 0x4, 0xfe, 0x32, 0xff, 0x30,
    0x8f, 0xa0, 0x0, 0x3f, 0xf2, 0xd, 0xfc, 0xc,
    0xf9, 0x2, 0xff, 0x80, 0x1, 0xdf, 0xa2, 0x7f,
    0xf3, 0x8f, 0xf4, 0x3c, 0xfd, 0x0, 0x8, 0xff,
    0xff, 0xff, 0x81, 0xff, 0xff, 0xff, 0xf3, 0x0,
    0x2, 0xff, 0xef, 0xfd, 0x0, 0xbf, 0xde, 0xff,
    0x70, 0x0, 0x0, 0x20, 0x7f, 0xe2, 0x0, 0x10,
    0x1e, 0xf9, 0x0, 0x0, 0x0, 0x4, 0xff, 0x40,
    0x0, 0x1, 0xdf, 0xb0, 0x0, 0x0, 0x0, 0x4f,
    0xf9, 0x34, 0x43, 0x1c, 0xfe, 0x55, 0x56, 0x50,
    0x3, 0xff, 0xff, 0xff, 0xf9, 0xdf, 0xff, 0xff,
    0xff, 0xa0, 0x0, 0xef, 0xff, 0xfe, 0xd6, 0x8f,
    0xff, 0xed, 0xcb, 0x60, 0x0, 0x44, 0x20, 0x0,
    0x0, 0x13, 0x10, 0x0, 0x0, 0x0, 0x3, 0x33,
    0x33, 0x33, 0x33, 0x33, 0x33, 0x33, 0x33, 0x30,
    0x1f, 0xff, 0xff, 0xff, 0xff, 0xff, 0xff, 0xff,
    0xff, 0xf1, 0x1f, 0xff, 0xff, 0xff, 0xff, 0xff,
    0xff, 0xff, 0xff, 0xf1,

    /* U+5EA6 "度" */
    0x0, 0x0, 0x0, 0x0, 0x0, 0x0, 0x0, 0x0,
    0x0, 0x0, 0x0, 0x0, 0x0, 0x0, 0x7, 0xed,
    0x0, 0x0, 0x0, 0x0, 0x0, 0x34, 0x44, 0x44,
    0x49, 0xff, 0x74, 0x44, 0x44, 0x40, 0x0, 0xdf,
    0xff, 0xff, 0xff, 0xff, 0xff, 0xff, 0xff, 0xf0,
    0x0, 0xdf, 0xff, 0xff, 0xff, 0xff, 0xff, 0xff,
    0xff, 0xf0, 0x0, 0xdf, 0x80, 0x3, 0x98, 0x0,
    0x3, 0x98, 0x0, 0x0, 0x0, 0xdf, 0x80, 0x5,
    0xfe, 0x0, 0x7, 0xfe, 0x0, 0x0, 0x0, 0xdf,
    0x8f, 0xff, 0xff, 0xff, 0xff, 0xff, 0xff, 0xd0,
    0x0, 0xdf, 0x8d, 0xde, 0xff, 0xdd, 0xde, 0xff,
    0xdd, 0xb0, 0x0, 0xef, 0x70, 0x5, 0xfe, 0x0,
    0x7, 0xfe, 0x0, 0x0, 0x0, 0xef, 0x70, 0x5,
    0xff, 0xff, 0xff, 0xfe, 0x0, 0x0, 0x0, 0xff,
    0x60, 0x4, 0xcc, 0xcc, 0xcc, 0xcb, 0x0, 0x0,
    0x0, 0xff, 0x52, 0x33, 0x33, 0x33, 0x33, 0x33,
    0x20, 0x0, 0x2, 0xff, 0x3e, 0xff, 0xff, 0xff,
    0xff, 0xff, 0xf8, 0x0, 0x4, 0xff, 0x19, 0xbf,
    0xfb, 0xaa, 0xab, 0xff, 0xf2, 0x0, 0x7, 0xfe,
    0x0, 0x2d, 0xfd, 0x40, 0x4d, 0xff, 0x50, 0x0,
    0xb, 0xfb, 0x0, 0x1, 0xcf, 0xfd, 0xff, 0xe3,
    0x0, 0x0, 0x1f, 0xf7, 0x25, 0x79, 0xcf, 0xff,
    0xff, 0xda, 0x75, 0x30, 0x6f, 0xf2, 0x9f, 0xff,
    0xff, 0xc9, 0xdf, 0xff, 0xff, 0xd0, 0x6, 0xa0,
    0x1c, 0xa8, 0x51, 0x0, 0x2, 0x79, 0xce, 0x40,

    /* U+6570 "数" */
    0x0, 0x63, 0x4f, 0xf0, 0x76, 0x0, 0xac, 0x40,
    0x0, 0x0, 0x5, 0xfc, 0x4f, 0xf1, 0xff, 0x30,
    0xff, 0x40, 0x0, 0x0, 0x0, 0xef, 0x6f, 0xf8,
    0xf8, 0x2, 0xff, 0x10, 0x0, 0x0, 0x6, 0xba,
    0x9f, 0xf7, 0xc6, 0x46, 0xff, 0x44, 0x44, 0x41,
    0x1f, 0xff, 0xff, 0xff, 0xff, 0xb9, 0xff, 0xff,
    0xff, 0xf3, 0x7, 0x7b, 0xff, 0xff, 0x97, 0x5d,
    0xff, 0xff, 0xff, 0xf3, 0x0, 0x5f, 0xff, 0xff,
    0xf8, 0x4f, 0xfb, 0x5, 0xfd, 0x0, 0x2b, 0xff,
    0xaf, 0xf5, 0xfb, 0xaf, 0xff, 0x8, 0xfa, 0x0,
    0x1e, 0xe4, 0x4f, 0xf0, 0x35, 0xff, 0xff, 0x4b,
    0xf7, 0x0, 0x2, 0x10, 0xcb, 0x20, 0x3, 0xeb,
    0xaf, 0x9f, 0xf4, 0x0, 0xa, 0xee, 0xff, 0xee,
    0xec, 0x31, 0x4f, 0xff, 0xe0, 0x0, 0xb, 0xff,
    0xff, 0xff, 0xfd, 0x0, 0xe, 0xff, 0x90, 0x0,
    0x0, 0x8f, 0xd0, 0x1c, 0xf7, 0x0, 0x9, 0xff,
    0x30, 0x0, 0x1, 0xff, 0xe6, 0x8f, 0xd0, 0x0,
    0x1d, 0xff, 0x80, 0x0, 0x0, 0x4b, 0xff, 0xff,
    0x40, 0x0, 0xcf, 0xff, 0xf4, 0x0, 0x0, 0x4,
    0xdf, 0xff, 0xc1, 0x2c, 0xff, 0x5d, 0xff, 0x50,
    0x18, 0xdf, 0xfd, 0x7e, 0xb8, 0xff, 0xf5, 0x2,
    0xef, 0xf6, 0xd, 0xfe, 0x70, 0x1, 0x6, 0xfd,
    0x40, 0x0, 0x2d, 0xc0, 0x3, 0x30, 0x0, 0x0,
    0x0, 0x70, 0x0, 0x0, 0x0, 0x10,

    /* U+6E29 "温" */
    0x0, 0x34, 0x0, 0x0, 0x0, 0x0, 0x0, 0x0,
    0x0, 0x0, 0x1, 0xef, 0xc3, 0xa, 0xff, 0xff,
    0xff, 0xff, 0xf5, 0x0, 0x1, 0x8f, 0xff, 0x5a,
    0xff, 0xff, 0xff, 0xff, 0xf5, 0x0, 0x0, 0x1,
    0xbc, 0xa, 0xfa, 0x0, 0x0, 0xf, 0xf5, 0x0,
    0x0, 0x0, 0x0, 0xa, 0xff, 0xff, 0xff, 0xff,
    0xf5, 0x0, 0x1, 0x0, 0x0, 0xa, 0xfe, 0xcc,
    0xcc, 0xcf, 0xf5, 0x0, 0x1e, 0xd6, 0x0, 0xa,
    0xfa, 0x0, 0x0, 0xf, 0xf5, 0x0, 0x5f, 0xff,
    0xd2, 0xa, 0xff, 0xff, 0xff, 0xff, 0xf5, 0x0,
    0x1, 0x8f, 0xc0, 0x9, 0xee, 0xee, 0xee, 0xee,
    0xe5, 0x0, 0x0, 0x3, 0x20, 0x0, 0x0, 0x0,
    0x0, 0x0, 0x0, 0x0, 0x0, 0x0, 0x10, 0x4f,
    0xff, 0xff, 0xff, 0xff, 0xff, 0x0, 0x0, 0x5,
    0xe4, 0x4f, 0xff, 0xff, 0xff, 0xff, 0xff, 0x0,
    0x0, 0xd, 0xfa, 0x4f, 0xd1, 0xfc, 0x2f, 0xa4,
    0xff, 0x0, 0x0, 0x5f, 0xf3, 0x4f, 0xd0, 0xfc,
    0x1f, 0xa3, 0xff, 0x0, 0x0, 0xdf, 0xb0, 0x4f,
    0xd0, 0xfc, 0x1f, 0xa3, 0xff, 0x0, 0x7, 0xff,
    0x30, 0x4f, 0xd0, 0xfc, 0x1f, 0xa3, 0xff, 0x0,
    0x1f, 0xfb, 0xc, 0xff, 0xff, 0xff, 0xff, 0xff,
    0xff, 0xf3, 0x6, 0xf3, 0xc, 0xff, 0xff, 0xff,
    0xff, 0xff, 0xff, 0xf3, 0x0, 0x10, 0x1, 0x11,
    0x11, 0x11, 0x11, 0x11, 0x11, 0x10,

    /* U+6E7F "湿" */
    0x0, 0x34, 0x0, 0x0, 0x0, 0x0, 0x0, 0x0,
    0x0, 0x0, 0x1, 0xef, 0xc3, 0xf, 0xff, 0xff,
    0xff, 0xff, 0xfd, 0x0, 0x1, 0x9f, 0xff, 0x2f,
    0xff, 0xff, 0xff, 0xff, 0xfd, 0x0, 0x0, 0x2,
    0xc8, 0xf, 0xf4, 0x0, 0x0, 0x8, 0xfd, 0x0,
    0x0, 0x0, 0x0, 0xf, 0xff, 0xff, 0xff, 0xff,
    0xfd, 0x0, 0x5, 0x30, 0x0, 0xf, 0xfd, 0xcc,
    0xcc, 0xce, 0xfd, 0x0, 0x4f, 0xfc, 0x20, 0xf,
    0xf4, 0x0, 0x0, 0x7, 0xfd, 0x0, 0x2a, 0xff,
    0xf1, 0xf, 0xff, 0xff, 0xff, 0xff, 0xfd, 0x0,
    0x0, 0x3e, 0x80, 0xf, 0xff, 0xff, 0xff, 0xff,
    0xfd, 0x0, 0x0, 0x1, 0x0, 0x0, 0x4, 0xa8,
    0xa, 0xa2, 0x0, 0x0, 0x0, 0x2, 0x0, 0x4a,
    0x16, 0xfc, 0xf, 0xf3, 0x4a, 0x60, 0x0, 0xb,
    0xd2, 0xcf, 0x76, 0xfc, 0xf, 0xf3, 0x9f, 0xc0,
    0x0, 0x2f, 0xf5, 0x5f, 0xe6, 0xfc, 0xf, 0xf4,
    0xef, 0x50, 0x0, 0x9f, 0xe0, 0xf, 0xf9, 0xfc,
    0xf, 0xf8, 0xfd, 0x0, 0x1, 0xff, 0x70, 0xb,
    0xfd, 0xfc, 0xf, 0xfe, 0xf6, 0x0, 0x8, 0xff,
    0x10, 0x4, 0x26, 0xfc, 0xf, 0xf4, 0x40, 0x0,
    0x1f, 0xf9, 0xc, 0xff, 0xff, 0xff, 0xff, 0xff,
    0xff, 0xf2, 0x5, 0xe2, 0xc, 0xff, 0xff, 0xff,
    0xff, 0xff, 0xff, 0xf2, 0x0, 0x0, 0x1, 0x11,
    0x11, 0x11, 0x11, 0x11, 0x11, 0x10,

    /* U+7C89 "粉" */
    0x0, 0x4, 0xfe, 0x0, 0x0, 0x18, 0x50, 0x49,
    0x40, 0x0, 0x6, 0x64, 0xfe, 0x2a, 0x60, 0x5f,
    0xf0, 0x9f, 0xa0, 0x0, 0xf, 0xd4, 0xfe, 0x6f,
    0xa0, 0x9f, 0xc0, 0x5f, 0xe0, 0x0, 0xc, 0xf5,
    0xfe, 0xaf, 0x50, 0xef, 0x70, 0x1f, 0xf4, 0x0,
    0x8, 0xf9, 0xfe, 0xef, 0x4, 0xff, 0x30, 0xb,
    0xfb, 0x0, 0x6, 0xfb, 0xff, 0xf9, 0xd, 0xfa,
    0x0, 0x4, 0xff, 0x50, 0x3, 0x35, 0xfe, 0x23,
    0xcf, 0xf2, 0x0, 0x0, 0xbf, 0xf3, 0x2f, 0xff,
    0xff, 0xff, 0xef, 0xb4, 0x44, 0x44, 0x7f, 0xf4,
    0x2f, 0xff, 0xff, 0xff, 0xaf, 0xff, 0xff, 0xff,
    0xff, 0x70, 0x2, 0x2f, 0xff, 0x32, 0x18, 0xff,
    0xff, 0xff, 0xff, 0x0, 0x0, 0x5f, 0xff, 0xb0,
    0x0, 0xe, 0xf5, 0x6, 0xfe, 0x0, 0x0, 0xcf,
    0xff, 0xfa, 0x0, 0x1f, 0xf3, 0x7, 0xfe, 0x0,
    0x4, 0xff, 0xff, 0xff, 0x70, 0x4f, 0xf0, 0x8,
    0xfd, 0x0, 0xe, 0xfc, 0xfe, 0x7f, 0x20, 0x9f,
    0xc0, 0x9, 0xfc, 0x0, 0x5f, 0xf5, 0xfe, 0x4,
    0x0, 0xef, 0x60, 0xa, 0xfb, 0x0, 0xe, 0x84,
    0xfe, 0x0, 0x9, 0xfe, 0x10, 0xc, 0xf9, 0x0,
    0x6, 0x4, 0xfe, 0x0, 0x7f, 0xf6, 0x12, 0x4f,
    0xf7, 0x0, 0x0, 0x4, 0xfe, 0x4, 0xff, 0xa0,
    0x2f, 0xff, 0xf2, 0x0, 0x0, 0x4, 0xfe, 0x0,
    0x69, 0x0, 0xd, 0xfd, 0x60, 0x0, 0x0, 0x0,
    0x0, 0x0, 0x0, 0x0, 0x0, 0x0, 0x0, 0x0,

    /* U+F001 "" */
    0x0, 0x0, 0x0, 0x0, 0x0, 0x0, 0x0, 0x0,
    0x0, 0x31, 0x0, 0x0, 0x0, 0x0, 0x0, 0x0,
    0x0, 0x15, 0xae, 0xfd, 0x0, 0x0, 0x0, 0x0,
    0x0, 0x2, 0x7c, 0xff, 0xff, 0xff, 0x0, 0x0,
    0x0, 0x0, 0x49, 0xef, 0xff, 0xff, 0xff, 0xff,
    0x0, 0x0, 0x4, 0xbf, 0xff, 0xff, 0xff, 0xff,
    0xff, 0xff, 0x0, 0x0, 0xf, 0xff, 0xff, 0xff,
    0xff, 0xff, 0xff, 0xff, 0x0, 0x0, 0xf, 0xff,
    0xff, 0xff, 0xff, 0xfb, 0x69, 0xff, 0x0, 0x0,
    0xf, 0xff, 0xff, 0xfe, 0x95, 0x0, 0x8, 0xff,
    0x0, 0x0, 0xf, 0xff, 0xc7, 0x30, 0x0, 0x0,
    0x8, 0xff, 0x0, 0x0, 0xf, 0xf8, 0x0, 0x0,
    0x0, 0x0, 0x8, 0xff, 0x0, 0x0, 0xf, 0xf8,
    0x0, 0x0, 0x0, 0x0, 0x8, 0xff, 0x0, 0x0,
    0xf, 0xf8, 0x0, 0x0, 0x0, 0x0, 0x8, 0xff,
    0x0, 0x0, 0xf, 0xf8, 0x0, 0x0, 0x0, 0x0,
    0x8, 0xff, 0x0, 0x0, 0xf, 0xf8, 0x0, 0x0,
    0x1, 0x7b, 0xbd, 0xff, 0x0, 0x0, 0xf, 0xf8,
    0x0, 0x0, 0x1e, 0xff, 0xff, 0xff, 0x0, 0x13,
    0x2f, 0xf8, 0x0, 0x0, 0x7f, 0xff, 0xff, 0xff,
    0x2b, 0xff, 0xff, 0xf8, 0x0, 0x0, 0x4f, 0xff,
    0xff, 0xfc, 0xdf, 0xff, 0xff, 0xf8, 0x0, 0x0,
    0x6, 0xef, 0xff, 0xa1, 0xff, 0xff, 0xff, 0xf7,
    0x0, 0x0, 0x0, 0x2, 0x20, 0x0, 0x7f, 0xff,
    0xff, 0xd1, 0x0, 0x0, 0x0, 0x0, 0x0, 0x0,
    0x2, 0x8a, 0xa6, 0x0, 0x0, 0x0, 0x0, 0x0,
    0x0, 0x0,

    /* U+F008 "" */
    0xc4, 0x3, 0xff, 0xff, 0xff, 0xff, 0xff, 0xff,
    0x40, 0x4c, 0xfd, 0xcd, 0xff, 0xee, 0xee, 0xee,
    0xee, 0xff, 0xdc, 0xdf, 0xfa, 0x8a, 0xfa, 0x0,
    0x0, 0x0, 0x0, 0xaf, 0xb8, 0xaf, 0xf4, 0x3,
    0xfa, 0x0, 0x0, 0x0, 0x0, 0x9f, 0x40, 0x4f,
    0xf4, 0x4, 0xfa, 0x0, 0x0, 0x0, 0x0, 0x9f,
    0x50, 0x4f, 0xff, 0xff, 0xfa, 0x0, 0x0, 0x0,
    0x0, 0x9f, 0xff, 0xff, 0xf7, 0x47, 0xfd, 0x77,
    0x77, 0x77, 0x77, 0xdf, 0x84, 0x7f, 0xf4, 0x3,
    0xff, 0xff, 0xff, 0xff, 0xff, 0xff, 0x40, 0x4f,
    0xf7, 0x47, 0xfd, 0x77, 0x77, 0x77, 0x77, 0xdf,
    0x84, 0x7f, 0xff, 0xff, 0xfa, 0x0, 0x0, 0x0,
    0x0, 0x9f, 0xff, 0xff, 0xf4, 0x4, 0xfa, 0x0,
    0x0, 0x0, 0x0, 0x9f, 0x50, 0x4f, 0xf4, 0x3,
    0xfa, 0x0, 0x0, 0x0, 0x0, 0x9f, 0x40, 0x4f,
    0xfa, 0x8a, 0xfa, 0x0, 0x0, 0x0, 0x0, 0xaf,
    0xb8, 0xaf, 0xfd, 0xcd, 0xff, 0xee, 0xee, 0xee,
    0xee, 0xff, 0xdc, 0xdf, 0xc4, 0x3, 0xff, 0xff,
    0xff, 0xff, 0xff, 0xff, 0x40, 0x4c,

    /* U+F00B "" */
    0x0, 0x0, 0x0, 0x0, 0x0, 0x0, 0x0, 0x0,
    0x0, 0x0, 0xdf, 0xff, 0xfa, 0xc, 0xff, 0xff,
    0xff, 0xff, 0xff, 0xfd, 0xff, 0xff, 0xfd, 0xe,
    0xff, 0xff, 0xff, 0xff, 0xff, 0xff, 0xff, 0xff,
    0xfd, 0xe, 0xff, 0xff, 0xff, 0xff, 0xff, 0xff,
    0xff, 0xff, 0xfd, 0xe, 0xff, 0xff, 0xff, 0xff,
    0xff, 0xff, 0xcf, 0xff, 0xf9, 0xa, 0xff, 0xff,
    0xff, 0xff, 0xff, 0xfc, 0x0, 0x0, 0x0, 0x0,
    0x0, 0x0, 0x0, 0x0, 0x0, 0x0, 0xcf, 0xff,
    0xf9, 0xb, 0xff, 0xff, 0xff, 0xff, 0xff, 0xfc,
    0xff, 0xff, 0xfd, 0xe, 0xff, 0xff, 0xff, 0xff,
    0xff, 0xff, 0xff, 0xff, 0xfd, 0xe, 0xff, 0xff,
    0xff, 0xff, 0xff, 0xff, 0xff, 0xff, 0xfd, 0xe,
    0xff, 0xff, 0xff, 0xff, 0xff, 0xff, 0xcf, 0xff,
    0xfa, 0xb, 0xff, 0xff, 0xff, 0xff, 0xff, 0xfc,
    0x0, 0x0, 0x0, 0x0, 0x0, 0x0, 0x0, 0x0,
    0x0, 0x0, 0xcf, 0xff, 0xf9, 0xa, 0xff, 0xff,
    0xff, 0xff, 0xff, 0xfb, 0xff, 0xff, 0xfd, 0xe,
    0xff, 0xff, 0xff, 0xff, 0xff, 0xff, 0xff, 0xff,
    0xfd, 0xe, 0xff, 0xff, 0xff, 0xff, 0xff, 0xff,
    0xff, 0xff, 0xfd, 0xe, 0xff, 0xff, 0xff, 0xff,
    0xff, 0xff, 0xdf, 0xff, 0xfa, 0xc, 0xff, 0xff,
    0xff, 0xff, 0xff, 0xfd, 0x0, 0x0, 0x0, 0x0,
    0x0, 0x0, 0x0, 0x0, 0x0, 0x0,

    /* U+F00C "" */
    0x0, 0x0, 0x0, 0x0, 0x0, 0x0, 0x0, 0x0,
    0x4e, 0x60, 0x0, 0x0, 0x0, 0x0, 0x0, 0x0,
    0x0, 0x4, 0xff, 0xf7, 0x0, 0x0, 0x0, 0x0,
    0x0, 0x0, 0x0, 0x4f, 0xff, 0xff, 0x0, 0x0,
    0x0, 0x0, 0x0, 0x0, 0x4, 0xff, 0xff, 0xf6,
    0x0, 0x0, 0x0, 0x0, 0x0, 0x0, 0x4f, 0xff,
    0xff, 0x60, 0x6, 0xe4, 0x0, 0x0, 0x0, 0x4,
    0xff, 0xff, 0xf6, 0x0, 0x7f, 0xff, 0x40, 0x0,
    0x0, 0x4f, 0xff, 0xff, 0x60, 0x0, 0xff, 0xff,
    0xf4, 0x0, 0x4, 0xff, 0xff, 0xf6, 0x0, 0x0,
    0x6f, 0xff, 0xff, 0x40, 0x4f, 0xff, 0xff, 0x60,
    0x0, 0x0, 0x6, 0xff, 0xff, 0xf8, 0xff, 0xff,
    0xf5, 0x0, 0x0, 0x0, 0x0, 0x5f, 0xff, 0xff,
    0xff, 0xff, 0x50, 0x0, 0x0, 0x0, 0x0, 0x5,
    0xff, 0xff, 0xff, 0xf5, 0x0, 0x0, 0x0, 0x0,
    0x0, 0x0, 0x5f, 0xff, 0xff, 0x50, 0x0, 0x0,
    0x0, 0x0, 0x0, 0x0, 0x5, 0xff, 0xf5, 0x0,
    0x0, 0x0, 0x0, 0x0, 0x0, 0x0, 0x0, 0x5e,
    0x50, 0x0, 0x0, 0x0, 0x0, 0x0,

    /* U+F00D "" */
    0x6, 0x70, 0x0, 0x0, 0x0, 0x18, 0x40, 0x8f,
    0xfb, 0x0, 0x0, 0x1, 0xdf, 0xf4, 0xff, 0xff,
    0xb0, 0x0, 0x1d, 0xff, 0xfb, 0x7f, 0xff, 0xfb,
    0x1, 0xdf, 0xff, 0xf4, 0x8, 0xff, 0xff, 0xbd,
    0xff, 0xff, 0x40, 0x0, 0x8f, 0xff, 0xff, 0xff,
    0xf4, 0x0, 0x0, 0x8, 0xff, 0xff, 0xff, 0x40,
    0x0, 0x0, 0x1, 0xef, 0xff, 0xfc, 0x0, 0x0,
    0x0, 0x1d, 0xff, 0xff, 0xff, 0xb0, 0x0, 0x1,
    0xdf, 0xff, 0xff, 0xff, 0xfb, 0x0, 0x1d, 0xff,
    0xff, 0x48, 0xff, 0xff, 0xb0, 0xcf, 0xff, 0xf4,
    0x0, 0x8f, 0xff, 0xf9, 0xdf, 0xff, 0x40, 0x0,
    0x8, 0xff, 0xf9, 0x2e, 0xf4, 0x0, 0x0, 0x0,
    0x8f, 0xc0, 0x0, 0x10, 0x0, 0x0, 0x0, 0x1,
    0x0,

    /* U+F011 "" */
    0x0, 0x0, 0x0, 0x0, 0x26, 0x50, 0x0, 0x0,
    0x0, 0x0, 0x0, 0x0, 0x0, 0x0, 0xdf, 0xf3,
    0x0, 0x0, 0x0, 0x0, 0x0, 0x0, 0x64, 0x0,
    0xdf, 0xf4, 0x0, 0x72, 0x0, 0x0, 0x0, 0xb,
    0xfe, 0x10, 0xdf, 0xf4, 0x9, 0xfe, 0x30, 0x0,
    0x0, 0xaf, 0xff, 0x50, 0xdf, 0xf4, 0xe, 0xff,
    0xe1, 0x0, 0x5, 0xff, 0xfb, 0x0, 0xdf, 0xf4,
    0x5, 0xff, 0xfb, 0x0, 0xd, 0xff, 0xb0, 0x0,
    0xdf, 0xf4, 0x0, 0x5f, 0xff, 0x40, 0x4f, 0xff,
    0x20, 0x0, 0xdf, 0xf4, 0x0, 0xb, 0xff, 0xa0,
    0x8f, 0xfb, 0x0, 0x0, 0xdf, 0xf4, 0x0, 0x4,
    0xff, 0xf0, 0xbf, 0xf7, 0x0, 0x0, 0xdf, 0xf4,
    0x0, 0x1, 0xff, 0xf1, 0xbf, 0xf6, 0x0, 0x0,
    0xdf, 0xf4, 0x0, 0x0, 0xff, 0xf2, 0xbf, 0xf7,
    0x0, 0x0, 0x8d, 0xc1, 0x0, 0x0, 0xff, 0xf1,
    0x8f, 0xfa, 0x0, 0x0, 0x0, 0x0, 0x0, 0x4,
    0xff, 0xf0, 0x4f, 0xff, 0x10, 0x0, 0x0, 0x0,
    0x0, 0xa, 0xff, 0xb0, 0xe, 0xff, 0xb0, 0x0,
    0x0, 0x0, 0x0, 0x4f, 0xff, 0x50, 0x6, 0xff,
    0xf9, 0x0, 0x0, 0x0, 0x4, 0xff, 0xfc, 0x0,
    0x0, 0xaf, 0xff, 0xd5, 0x10, 0x3, 0x9f, 0xff,
    0xf2, 0x0, 0x0, 0xb, 0xff, 0xff, 0xff, 0xff,
    0xff, 0xff, 0x40, 0x0, 0x0, 0x0, 0x8f, 0xff,
    0xff, 0xff, 0xff, 0xd2, 0x0, 0x0, 0x0, 0x0,
    0x2, 0x9e, 0xff, 0xff, 0xb6, 0x0, 0x0, 0x0,
    0x0, 0x0, 0x0, 0x0, 0x12, 0x10, 0x0, 0x0,
    0x0, 0x0,

    /* U+F013 "" */
    0x0, 0x0, 0x0, 0x0, 0x2, 0x20, 0x0, 0x0,
    0x0, 0x0, 0x0, 0x0, 0x0, 0x6, 0xff, 0xff,
    0x60, 0x0, 0x0, 0x0, 0x0, 0x0, 0x0, 0x8,
    0xff, 0xff, 0x80, 0x0, 0x0, 0x0, 0x0, 0x1,
    0x0, 0x2b, 0xff, 0xff, 0xb2, 0x0, 0x10, 0x0,
    0x0, 0x8f, 0x87, 0xff, 0xff, 0xff, 0xff, 0x79,
    0xf8, 0x0, 0x4, 0xff, 0xff, 0xff, 0xff, 0xff,
    0xff, 0xff, 0xff, 0x40, 0xc, 0xff, 0xff, 0xff,
    0xff, 0xff, 0xff, 0xff, 0xff, 0xc0, 0x2f, 0xff,
    0xff, 0xff, 0xc7, 0x7c, 0xff, 0xff, 0xff, 0xf2,
    0x7, 0xff, 0xff, 0xfa, 0x0, 0x0, 0xaf, 0xff,
    0xff, 0x70, 0x0, 0x6f, 0xff, 0xf1, 0x0, 0x0,
    0x1f, 0xff, 0xf6, 0x0, 0x0, 0x7f, 0xff, 0xe0,
    0x0, 0x0, 0xe, 0xff, 0xf7, 0x0, 0x0, 0x6f,
    0xff, 0xf1, 0x0, 0x0, 0x1f, 0xff, 0xf6, 0x0,
    0x7, 0xff, 0xff, 0xfa, 0x0, 0x0, 0xaf, 0xff,
    0xff, 0x70, 0x2f, 0xff, 0xff, 0xff, 0xc7, 0x7c,
    0xff, 0xff, 0xff, 0xf2, 0xc, 0xff, 0xff, 0xff,
    0xff, 0xff, 0xff, 0xff, 0xff, 0xc0, 0x4, 0xff,
    0xff, 0xff, 0xff, 0xff, 0xff, 0xff, 0xff, 0x40,
    0x0, 0x8f, 0x97, 0xff, 0xff, 0xff, 0xff, 0x78,
    0xf8, 0x0, 0x0, 0x1, 0x0, 0x1b, 0xff, 0xff,
    0xb1, 0x0, 0x10, 0x0, 0x0, 0x0, 0x0, 0x8,
    0xff, 0xff, 0x80, 0x0, 0x0, 0x0, 0x0, 0x0,
    0x0, 0x6, 0xff, 0xff, 0x60, 0x0, 0x0, 0x0,
    0x0, 0x0, 0x0, 0x0, 0x2, 0x20, 0x0, 0x0,
    0x0, 0x0,

    /* U+F015 "" */
    0x0, 0x0, 0x0, 0x0, 0x0, 0x46, 0x10, 0x0,
    0x67, 0x60, 0x0, 0x0, 0x0, 0x0, 0x0, 0x0,
    0x9f, 0xfe, 0x20, 0xf, 0xff, 0x0, 0x0, 0x0,
    0x0, 0x0, 0x1, 0xbf, 0xff, 0xff, 0x51, 0xff,
    0xf1, 0x0, 0x0, 0x0, 0x0, 0x2, 0xdf, 0xfc,
    0x8f, 0xff, 0x8f, 0xff, 0x10, 0x0, 0x0, 0x0,
    0x4, 0xff, 0xfa, 0x0, 0x4e, 0xff, 0xff, 0xf1,
    0x0, 0x0, 0x0, 0x7, 0xff, 0xf7, 0x8, 0xd3,
    0x2d, 0xff, 0xff, 0x10, 0x0, 0x0, 0xa, 0xff,
    0xf5, 0x1b, 0xff, 0xf5, 0xb, 0xff, 0xf4, 0x0,
    0x0, 0x1c, 0xff, 0xe2, 0x2d, 0xff, 0xff, 0xf7,
    0x8, 0xff, 0xf6, 0x0, 0x3e, 0xff, 0xc1, 0x4e,
    0xff, 0xff, 0xff, 0xfa, 0x5, 0xff, 0xf9, 0xe,
    0xff, 0x90, 0x6f, 0xff, 0xff, 0xff, 0xff, 0xfc,
    0x13, 0xef, 0xf6, 0x4f, 0x70, 0x9f, 0xff, 0xff,
    0xff, 0xff, 0xff, 0xfe, 0x31, 0xcc, 0x0, 0x0,
    0x3f, 0xff, 0xff, 0xff, 0xff, 0xff, 0xff, 0xfb,
    0x0, 0x0, 0x0, 0x4, 0xff, 0xff, 0xff, 0xff,
    0xff, 0xff, 0xff, 0xc0, 0x0, 0x0, 0x0, 0x4f,
    0xff, 0xff, 0x80, 0x1, 0xef, 0xff, 0xfc, 0x0,
    0x0, 0x0, 0x4, 0xff, 0xff, 0xf6, 0x0, 0xe,
    0xff, 0xff, 0xc0, 0x0, 0x0, 0x0, 0x4f, 0xff,
    0xff, 0x60, 0x0, 0xef, 0xff, 0xfc, 0x0, 0x0,
    0x0, 0x4, 0xff, 0xff, 0xf6, 0x0, 0xe, 0xff,
    0xff, 0xc0, 0x0, 0x0, 0x0, 0x2f, 0xff, 0xff,
    0x40, 0x0, 0xcf, 0xff, 0xfa, 0x0, 0x0, 0x0,
    0x0, 0x0, 0x0, 0x0, 0x0, 0x0, 0x0, 0x0,
    0x0, 0x0, 0x0,

    /* U+F019 "" */
    0x0, 0x0, 0x0, 0x0, 0x56, 0x65, 0x0, 0x0,
    0x0, 0x0, 0x0, 0x0, 0x0, 0x7, 0xff, 0xff,
    0x70, 0x0, 0x0, 0x0, 0x0, 0x0, 0x0, 0x8,
    0xff, 0xff, 0x80, 0x0, 0x0, 0x0, 0x0, 0x0,
    0x0, 0x8, 0xff, 0xff, 0x80, 0x0, 0x0, 0x0,
    0x0, 0x0, 0x0, 0x8, 0xff, 0xff, 0x80, 0x0,
    0x0, 0x0, 0x0, 0x0, 0x0, 0x8, 0xff, 0xff,
    0x80, 0x0, 0x0, 0x0, 0x0, 0x0, 0x0, 0x8,
    0xff, 0xff, 0x80, 0x0, 0x0, 0x0, 0x0, 0x0,
    0x0, 0x8, 0xff, 0xff, 0x80, 0x0, 0x0, 0x0,
    0x0, 0x7, 0xee, 0xef, 0xff, 0xff, 0xfe, 0xee,
    0x70, 0x0, 0x0, 0x5, 0xff, 0xff, 0xff, 0xff,
    0xff, 0xff, 0x50, 0x0, 0x0, 0x0, 0x6f, 0xff,
    0xff, 0xff, 0xff, 0xf6, 0x0, 0x0, 0x0, 0x0,
    0x5, 0xff, 0xff, 0xff, 0xff, 0x50, 0x0, 0x0,
    0x0, 0x0, 0x0, 0x5f, 0xff, 0xff, 0xf5, 0x0,
    0x0, 0x0, 0x0, 0x0, 0x0, 0x5, 0xff, 0xff,
    0x50, 0x0, 0x0, 0x0, 0x7a, 0xaa, 0xaa, 0x91,
    0x4f, 0xf4, 0x19, 0xaa, 0xaa, 0xa7, 0xff, 0xff,
    0xff, 0xfd, 0x23, 0x32, 0xdf, 0xff, 0xff, 0xff,
    0xff, 0xff, 0xff, 0xff, 0xf9, 0x9f, 0xff, 0xff,
    0xff, 0xff, 0xff, 0xff, 0xff, 0xff, 0xff, 0xff,
    0xff, 0xff, 0xff, 0xff, 0xff, 0xff, 0xff, 0xff,
    0xff, 0xff, 0xfb, 0xf, 0x48, 0xff, 0xff, 0xff,
    0xff, 0xff, 0xff, 0xff, 0xff, 0xef, 0xef, 0xff,
    0x14, 0x44, 0x44, 0x44, 0x44, 0x44, 0x44, 0x44,
    0x44, 0x41,

    /* U+F01C "" */
    0x0, 0x0, 0x3d, 0xff, 0xff, 0xff, 0xff, 0xff,
    0xf9, 0x0, 0x0, 0x0, 0x0, 0x1e, 0xff, 0xff,
    0xff, 0xff, 0xff, 0xff, 0xf8, 0x0, 0x0, 0x0,
    0xa, 0xff, 0x98, 0x88, 0x88, 0x88, 0x88, 0xdf,
    0xf3, 0x0, 0x0, 0x5, 0xff, 0xa0, 0x0, 0x0,
    0x0, 0x0, 0x2, 0xff, 0xd0, 0x0, 0x1, 0xef,
    0xe1, 0x0, 0x0, 0x0, 0x0, 0x0, 0x8, 0xff,
    0x80, 0x0, 0xaf, 0xf5, 0x0, 0x0, 0x0, 0x0,
    0x0, 0x0, 0xd, 0xff, 0x30, 0x5f, 0xfa, 0x0,
    0x0, 0x0, 0x0, 0x0, 0x0, 0x0, 0x3f, 0xfd,
    0xd, 0xff, 0x98, 0x88, 0x70, 0x0, 0x0, 0x3,
    0x88, 0x88, 0xdf, 0xf5, 0xff, 0xff, 0xff, 0xff,
    0x40, 0x0, 0x0, 0xcf, 0xff, 0xff, 0xff, 0x7f,
    0xff, 0xff, 0xff, 0xfc, 0x0, 0x0, 0x5f, 0xff,
    0xff, 0xff, 0xf8, 0xff, 0xff, 0xff, 0xff, 0xff,
    0xff, 0xff, 0xff, 0xff, 0xff, 0xff, 0x8f, 0xff,
    0xff, 0xff, 0xff, 0xff, 0xff, 0xff, 0xff, 0xff,
    0xff, 0xf8, 0xff, 0xff, 0xff, 0xff, 0xff, 0xff,
    0xff, 0xff, 0xff, 0xff, 0xff, 0x8e, 0xff, 0xff,
    0xff, 0xff, 0xff, 0xff, 0xff, 0xff, 0xff, 0xff,
    0xf6, 0x5e, 0xff, 0xff, 0xff, 0xff, 0xff, 0xff,
    0xff, 0xff, 0xff, 0xfb, 0x0,

    /* U+F021 "" */
    0x0, 0x0, 0x0, 0x0, 0x1, 0x10, 0x0, 0x0,
    0x7, 0xba, 0x0, 0x0, 0x1, 0x7c, 0xff, 0xff,
    0xb5, 0x0, 0xb, 0xff, 0x0, 0x0, 0x7f, 0xff,
    0xff, 0xff, 0xff, 0xe5, 0xb, 0xff, 0x0, 0xa,
    0xff, 0xff, 0xdb, 0xbe, 0xff, 0xff, 0x9a, 0xff,
    0x0, 0x9f, 0xff, 0xa2, 0x0, 0x0, 0x3b, 0xff,
    0xff, 0xff, 0x5, 0xff, 0xf6, 0x0, 0x0, 0x0,
    0x0, 0x5f, 0xff, 0xff, 0xd, 0xff, 0x60, 0x0,
    0x0, 0x7, 0xba, 0x9c, 0xff, 0xff, 0x3f, 0xfc,
    0x0, 0x0, 0x0, 0xc, 0xff, 0xff, 0xff, 0xff,
    0x7f, 0xf6, 0x0, 0x0, 0x0, 0xb, 0xff, 0xff,
    0xff, 0xff, 0x0, 0x0, 0x0, 0x0, 0x0, 0x0,
    0x0, 0x0, 0x0, 0x0, 0x0, 0x0, 0x0, 0x0,
    0x0, 0x0, 0x0, 0x0, 0x0, 0x0, 0x0, 0x0,
    0x0, 0x0, 0x0, 0x0, 0x0, 0x0, 0x0, 0x0,
    0xff, 0xff, 0xff, 0xff, 0xb0, 0x0, 0x0, 0x0,
    0x6f, 0xf6, 0xff, 0xff, 0xff, 0xff, 0xc0, 0x0,
    0x0, 0x0, 0xcf, 0xf3, 0xff, 0xff, 0xc9, 0xaa,
    0x70, 0x0, 0x0, 0x7, 0xff, 0xd0, 0xff, 0xff,
    0xf5, 0x0, 0x0, 0x0, 0x0, 0x6f, 0xff, 0x50,
    0xff, 0xff, 0xff, 0xb3, 0x0, 0x0, 0x3b, 0xff,
    0xf9, 0x0, 0xff, 0xa9, 0xff, 0xff, 0xeb, 0xbd,
    0xff, 0xff, 0xa0, 0x0, 0xff, 0xb0, 0x5d, 0xff,
    0xff, 0xff, 0xff, 0xf7, 0x0, 0x0, 0xff, 0xb0,
    0x0, 0x5b, 0xff, 0xff, 0xc8, 0x10, 0x0, 0x0,
    0xab, 0x70, 0x0, 0x0, 0x1, 0x10, 0x0, 0x0,
    0x0, 0x0,

    /* U+F026 "" */
    0x0, 0x0, 0x0, 0x0, 0x1, 0x0, 0x0, 0x0,
    0x2, 0xee, 0x0, 0x0, 0x0, 0x2e, 0xff, 0x0,
    0x0, 0x2, 0xef, 0xff, 0x47, 0x77, 0x7e, 0xff,
    0xff, 0xff, 0xff, 0xff, 0xff, 0xff, 0xff, 0xff,
    0xff, 0xff, 0xff, 0xff, 0xff, 0xff, 0xff, 0xff,
    0xff, 0xff, 0xff, 0xff, 0xff, 0xff, 0xff, 0xff,
    0xff, 0xff, 0xff, 0xff, 0xff, 0xff, 0xff, 0xdf,
    0xff, 0xff, 0xff, 0xff, 0x0, 0x0, 0x9, 0xff,
    0xff, 0x0, 0x0, 0x0, 0x9f, 0xff, 0x0, 0x0,
    0x0, 0x9, 0xff, 0x0, 0x0, 0x0, 0x0, 0x89,

    /* U+F027 "" */
    0x0, 0x0, 0x0, 0x0, 0x89, 0x0, 0x0, 0x0,
    0x0, 0x0, 0x0, 0x9f, 0xf0, 0x0, 0x0, 0x0,
    0x0, 0x0, 0x9f, 0xff, 0x0, 0x0, 0x0, 0x0,
    0x0, 0x9f, 0xff, 0xf0, 0x0, 0x0, 0xdf, 0xff,
    0xff, 0xff, 0xff, 0x0, 0x73, 0xf, 0xff, 0xff,
    0xff, 0xff, 0xf0, 0x1f, 0xf4, 0xff, 0xff, 0xff,
    0xff, 0xff, 0x0, 0x5f, 0xcf, 0xff, 0xff, 0xff,
    0xff, 0xf0, 0x0, 0xff, 0xff, 0xff, 0xff, 0xff,
    0xff, 0x0, 0x4f, 0xdf, 0xff, 0xff, 0xff, 0xff,
    0xf0, 0x1f, 0xf5, 0xff, 0xff, 0xff, 0xff, 0xff,
    0x0, 0x85, 0x4, 0x77, 0x77, 0xef, 0xff, 0xf0,
    0x0, 0x0, 0x0, 0x0, 0x2, 0xef, 0xff, 0x0,
    0x0, 0x0, 0x0, 0x0, 0x2, 0xef, 0xf0, 0x0,
    0x0, 0x0, 0x0, 0x0, 0x2, 0xee, 0x0, 0x0,
    0x0, 0x0, 0x0, 0x0, 0x1, 0x10, 0x0, 0x0,

    /* U+F028 "" */
    0x0, 0x0, 0x0, 0x0, 0x0, 0x0, 0x0, 0x0,
    0x7b, 0x20, 0x0, 0x0, 0x0, 0x0, 0x0, 0x0,
    0x10, 0x0, 0x0, 0x9, 0xfe, 0x30, 0x0, 0x0,
    0x0, 0x0, 0x2, 0xee, 0x0, 0x0, 0x0, 0x9,
    0xff, 0x20, 0x0, 0x0, 0x0, 0x2, 0xef, 0xf0,
    0x0, 0x8, 0x70, 0x8, 0xfd, 0x0, 0x0, 0x0,
    0x2, 0xef, 0xff, 0x0, 0x0, 0xef, 0xb0, 0xc,
    0xf6, 0x4, 0x77, 0x77, 0xef, 0xff, 0xf0, 0x0,
    0x2, 0xdf, 0x80, 0x3f, 0xd0, 0xff, 0xff, 0xff,
    0xff, 0xff, 0x0, 0x74, 0x1, 0xff, 0x10, 0xcf,
    0x3f, 0xff, 0xff, 0xff, 0xff, 0xf0, 0x1f, 0xf4,
    0x8, 0xf7, 0x7, 0xf6, 0xff, 0xff, 0xff, 0xff,
    0xff, 0x0, 0x5f, 0xc0, 0x3f, 0xa0, 0x4f, 0x9f,
    0xff, 0xff, 0xff, 0xff, 0xf0, 0x0, 0xff, 0x2,
    0xfb, 0x4, 0xf9, 0xff, 0xff, 0xff, 0xff, 0xff,
    0x0, 0x5f, 0xc0, 0x3f, 0xa0, 0x5f, 0x9f, 0xff,
    0xff, 0xff, 0xff, 0xf0, 0x1f, 0xf4, 0x8, 0xf7,
    0x7, 0xf6, 0xdf, 0xff, 0xff, 0xff, 0xff, 0x0,
    0x74, 0x2, 0xff, 0x10, 0xcf, 0x30, 0x0, 0x0,
    0x9f, 0xff, 0xf0, 0x0, 0x2, 0xef, 0x80, 0x3f,
    0xd0, 0x0, 0x0, 0x0, 0x9f, 0xff, 0x0, 0x0,
    0xef, 0xb0, 0xc, 0xf6, 0x0, 0x0, 0x0, 0x0,
    0x9f, 0xf0, 0x0, 0x8, 0x70, 0x8, 0xfd, 0x0,
    0x0, 0x0, 0x0, 0x0, 0x89, 0x0, 0x0, 0x0,
    0x8, 0xff, 0x20, 0x0, 0x0, 0x0, 0x0, 0x0,
    0x0, 0x0, 0x0, 0x9, 0xff, 0x30, 0x0, 0x0,
    0x0, 0x0, 0x0, 0x0, 0x0, 0x0, 0x0, 0x7b,
    0x20, 0x0, 0x0,

    /* U+F03E "" */
    0x5e, 0xff, 0xff, 0xff, 0xff, 0xff, 0xff, 0xff,
    0xff, 0xe5, 0xef, 0xff, 0xff, 0xff, 0xff, 0xff,
    0xff, 0xff, 0xff, 0xfe, 0xff, 0xf6, 0x38, 0xff,
    0xff, 0xff, 0xff, 0xff, 0xff, 0xff, 0xff, 0x60,
    0x0, 0xaf, 0xff, 0xff, 0xff, 0xff, 0xff, 0xff,
    0xff, 0x30, 0x0, 0x7f, 0xff, 0xff, 0xfb, 0xef,
    0xff, 0xff, 0xff, 0x80, 0x0, 0xcf, 0xff, 0xff,
    0x90, 0x3e, 0xff, 0xff, 0xff, 0xfa, 0x7c, 0xff,
    0xff, 0xf9, 0x0, 0x3, 0xef, 0xff, 0xff, 0xff,
    0xfc, 0xff, 0xff, 0x90, 0x0, 0x0, 0x3e, 0xff,
    0xff, 0xff, 0x90, 0x6f, 0xf9, 0x0, 0x0, 0x0,
    0x8, 0xff, 0xff, 0xf9, 0x0, 0x6, 0x90, 0x0,
    0x0, 0x0, 0x8, 0xff, 0xff, 0xb0, 0x0, 0x0,
    0x0, 0x0, 0x0, 0x0, 0x8, 0xff, 0xff, 0x80,
    0x0, 0x0, 0x0, 0x0, 0x0, 0x0, 0x8, 0xff,
    0xff, 0xc8, 0x88, 0x88, 0x88, 0x88, 0x88, 0x88,
    0x8c, 0xff, 0xef, 0xff, 0xff, 0xff, 0xff, 0xff,
    0xff, 0xff, 0xff, 0xfe, 0x5e, 0xff, 0xff, 0xff,
    0xff, 0xff, 0xff, 0xff, 0xff, 0xe5,

    /* U+F043 "" */
    0x0, 0x0, 0x0, 0x42, 0x0, 0x0, 0x0, 0x0,
    0x0, 0x3, 0xff, 0x10, 0x0, 0x0, 0x0, 0x0,
    0xa, 0xff, 0x60, 0x0, 0x0, 0x0, 0x0, 0x1f,
    0xff, 0xc0, 0x0, 0x0, 0x0, 0x0, 0x8f, 0xff,
    0xf4, 0x0, 0x0, 0x0, 0x1, 0xff, 0xff, 0xfc,
    0x0, 0x0, 0x0, 0xa, 0xff, 0xff, 0xff, 0x60,
    0x0, 0x0, 0x4f, 0xff, 0xff, 0xff, 0xf2, 0x0,
    0x1, 0xef, 0xff, 0xff, 0xff, 0xfc, 0x0, 0xb,
    0xff, 0xff, 0xff, 0xff, 0xff, 0x70, 0x3f, 0xff,
    0xff, 0xff, 0xff, 0xff, 0xf1, 0xaf, 0xff, 0xff,
    0xff, 0xff, 0xff, 0xf6, 0xef, 0xff, 0xff, 0xff,
    0xff, 0xff, 0xfa, 0xff, 0xa6, 0xff, 0xff, 0xff,
    0xff, 0xfb, 0xef, 0x91, 0xff, 0xff, 0xff, 0xff,
    0xfa, 0xbf, 0xe0, 0x9f, 0xff, 0xff, 0xff, 0xf7,
    0x5f, 0xf9, 0x7, 0xcf, 0xff, 0xff, 0xf2, 0xc,
    0xff, 0xb3, 0x9, 0xff, 0xff, 0x80, 0x1, 0xdf,
    0xff, 0xff, 0xff, 0xfa, 0x0, 0x0, 0x9, 0xff,
    0xff, 0xff, 0x70, 0x0, 0x0, 0x0, 0x15, 0x77,
    0x40, 0x0, 0x0,

    /* U+F048 "" */
    0x47, 0x60, 0x0, 0x0, 0x0, 0x16, 0x1b, 0xff,
    0x10, 0x0, 0x0, 0x2d, 0xfb, 0xbf, 0xf1, 0x0,
    0x0, 0x2e, 0xff, 0xcb, 0xff, 0x10, 0x0, 0x3e,
    0xff, 0xfc, 0xbf, 0xf1, 0x0, 0x4f, 0xff, 0xff,
    0xcb, 0xff, 0x10, 0x5f, 0xff, 0xff, 0xfc, 0xbf,
    0xf1, 0x6f, 0xff, 0xff, 0xff, 0xcb, 0xff, 0x9f,
    0xff, 0xff, 0xff, 0xfc, 0xbf, 0xff, 0xff, 0xff,
    0xff, 0xff, 0xcb, 0xff, 0xff, 0xff, 0xff, 0xff,
    0xfc, 0xbf, 0xff, 0xff, 0xff, 0xff, 0xff, 0xcb,
    0xff, 0x4e, 0xff, 0xff, 0xff, 0xfc, 0xbf, 0xf1,
    0x2d, 0xff, 0xff, 0xff, 0xcb, 0xff, 0x10, 0x1c,
    0xff, 0xff, 0xfc, 0xbf, 0xf1, 0x0, 0xc, 0xff,
    0xff, 0xcb, 0xff, 0x10, 0x0, 0xb, 0xff, 0xfc,
    0xbf, 0xf1, 0x0, 0x0, 0xa, 0xff, 0xca, 0xff,
    0x10, 0x0, 0x0, 0x8, 0xf7, 0x0, 0x0, 0x0,
    0x0, 0x0, 0x0, 0x0,

    /* U+F04B "" */
    0x6, 0x50, 0x0, 0x0, 0x0, 0x0, 0x0, 0x0,
    0x0, 0xbf, 0xfd, 0x30, 0x0, 0x0, 0x0, 0x0,
    0x0, 0x0, 0xff, 0xff, 0xfa, 0x10, 0x0, 0x0,
    0x0, 0x0, 0x0, 0xff, 0xff, 0xff, 0xf7, 0x0,
    0x0, 0x0, 0x0, 0x0, 0xff, 0xff, 0xff, 0xff,
    0xd4, 0x0, 0x0, 0x0, 0x0, 0xff, 0xff, 0xff,
    0xff, 0xff, 0xb2, 0x0, 0x0, 0x0, 0xff, 0xff,
    0xff, 0xff, 0xff, 0xff, 0x80, 0x0, 0x0, 0xff,
    0xff, 0xff, 0xff, 0xff, 0xff, 0xfe, 0x50, 0x0,
    0xff, 0xff, 0xff, 0xff, 0xff, 0xff, 0xff, 0xfb,
    0x20, 0xff, 0xff, 0xff, 0xff, 0xff, 0xff, 0xff,
    0xff, 0xf2, 0xff, 0xff, 0xff, 0xff, 0xff, 0xff,
    0xff, 0xff, 0xf6, 0xff, 0xff, 0xff, 0xff, 0xff,
    0xff, 0xff, 0xff, 0xf2, 0xff, 0xff, 0xff, 0xff,
    0xff, 0xff, 0xff, 0xfb, 0x20, 0xff, 0xff, 0xff,
    0xff, 0xff, 0xff, 0xfd, 0x50, 0x0, 0xff, 0xff,
    0xff, 0xff, 0xff, 0xff, 0x80, 0x0, 0x0, 0xff,
    0xff, 0xff, 0xff, 0xff, 0xa2, 0x0, 0x0, 0x0,
    0xff, 0xff, 0xff, 0xff, 0xd4, 0x0, 0x0, 0x0,
    0x0, 0xff, 0xff, 0xff, 0xf7, 0x0, 0x0, 0x0,
    0x0, 0x0, 0xff, 0xff, 0xfa, 0x10, 0x0, 0x0,
    0x0, 0x0, 0x0, 0xbf, 0xfd, 0x30, 0x0, 0x0,
    0x0, 0x0, 0x0, 0x0, 0x6, 0x50, 0x0, 0x0,
    0x0, 0x0, 0x0, 0x0, 0x0,

    /* U+F04C "" */
    0x6, 0x77, 0x77, 0x30, 0x0, 0x6, 0x77, 0x77,
    0x30, 0xbf, 0xff, 0xff, 0xf3, 0x0, 0xbf, 0xff,
    0xff, 0xf3, 0xff, 0xff, 0xff, 0xf7, 0x0, 0xff,
    0xff, 0xff, 0xf7, 0xff, 0xff, 0xff, 0xf8, 0x0,
    0xff, 0xff, 0xff, 0xf8, 0xff, 0xff, 0xff, 0xf8,
    0x0, 0xff, 0xff, 0xff, 0xf8, 0xff, 0xff, 0xff,
    0xf8, 0x0, 0xff, 0xff, 0xff, 0xf8, 0xff, 0xff,
    0xff, 0xf8, 0x0, 0xff, 0xff, 0xff, 0xf8, 0xff,
    0xff, 0xff, 0xf8, 0x0, 0xff, 0xff, 0xff, 0xf8,
    0xff, 0xff, 0xff, 0xf8, 0x0, 0xff, 0xff, 0xff,
    0xf8, 0xff, 0xff, 0xff, 0xf8, 0x0, 0xff, 0xff,
    0xff, 0xf8, 0xff, 0xff, 0xff, 0xf8, 0x0, 0xff,
    0xff, 0xff, 0xf8, 0xff, 0xff, 0xff, 0xf8, 0x0,
    0xff, 0xff, 0xff, 0xf8, 0xff, 0xff, 0xff, 0xf8,
    0x0, 0xff, 0xff, 0xff, 0xf8, 0xff, 0xff, 0xff,
    0xf8, 0x0, 0xff, 0xff, 0xff, 0xf8, 0xff, 0xff,
    0xff, 0xf8, 0x0, 0xff, 0xff, 0xff, 0xf8, 0xff,
    0xff, 0xff, 0xf8, 0x0, 0xff, 0xff, 0xff, 0xf8,
    0xef, 0xff, 0xff, 0xf6, 0x0, 0xef, 0xff, 0xff,
    0xf6, 0x6f, 0xff, 0xff, 0xc1, 0x0, 0x6f, 0xff,
    0xff, 0xc1, 0x0, 0x0, 0x0, 0x0, 0x0, 0x0,
    0x0, 0x0, 0x0,

    /* U+F04D "" */
    0x5, 0x77, 0x77, 0x77, 0x77, 0x77, 0x77, 0x77,
    0x30, 0xbf, 0xff, 0xff, 0xff, 0xff, 0xff, 0xff,
    0xff, 0xf3, 0xff, 0xff, 0xff, 0xff, 0xff, 0xff,
    0xff, 0xff, 0xf7, 0xff, 0xff, 0xff, 0xff, 0xff,
    0xff, 0xff, 0xff, 0xf8, 0xff, 0xff, 0xff, 0xff,
    0xff, 0xff, 0xff, 0xff, 0xf8, 0xff, 0xff, 0xff,
    0xff, 0xff, 0xff, 0xff, 0xff, 0xf8, 0xff, 0xff,
    0xff, 0xff, 0xff, 0xff, 0xff, 0xff, 0xf8, 0xff,
    0xff, 0xff, 0xff, 0xff, 0xff, 0xff, 0xff, 0xf8,
    0xff, 0xff, 0xff, 0xff, 0xff, 0xff, 0xff, 0xff,
    0xf8, 0xff, 0xff, 0xff, 0xff, 0xff, 0xff, 0xff,
    0xff, 0xf8, 0xff, 0xff, 0xff, 0xff, 0xff, 0xff,
    0xff, 0xff, 0xf8, 0xff, 0xff, 0xff, 0xff, 0xff,
    0xff, 0xff, 0xff, 0xf8, 0xff, 0xff, 0xff, 0xff,
    0xff, 0xff, 0xff, 0xff, 0xf8, 0xff, 0xff, 0xff,
    0xff, 0xff, 0xff, 0xff, 0xff, 0xf8, 0xff, 0xff,
    0xff, 0xff, 0xff, 0xff, 0xff, 0xff, 0xf8, 0xff,
    0xff, 0xff, 0xff, 0xff, 0xff, 0xff, 0xff, 0xf8,
    0xef, 0xff, 0xff, 0xff, 0xff, 0xff, 0xff, 0xff,
    0xf6, 0x6f, 0xff, 0xff, 0xff, 0xff, 0xff, 0xff,
    0xff, 0xc1, 0x0, 0x0, 0x0, 0x0, 0x0, 0x0,
    0x0, 0x0, 0x0,

    /* U+F051 "" */
    0x5, 0x20, 0x0, 0x0, 0x0, 0x57, 0x66, 0xff,
    0x40, 0x0, 0x0, 0xc, 0xff, 0x8f, 0xff, 0x60,
    0x0, 0x0, 0xdf, 0xf8, 0xff, 0xff, 0x70, 0x0,
    0xd, 0xff, 0x8f, 0xff, 0xff, 0x80, 0x0, 0xdf,
    0xf8, 0xff, 0xff, 0xff, 0x90, 0xd, 0xff, 0x8f,
    0xff, 0xff, 0xff, 0xb0, 0xdf, 0xf8, 0xff, 0xff,
    0xff, 0xff, 0xcd, 0xff, 0x8f, 0xff, 0xff, 0xff,
    0xff, 0xff, 0xf8, 0xff, 0xff, 0xff, 0xff, 0xff,
    0xff, 0x8f, 0xff, 0xff, 0xff, 0xff, 0xff, 0xf8,
    0xff, 0xff, 0xff, 0xff, 0x5d, 0xff, 0x8f, 0xff,
    0xff, 0xff, 0x40, 0xdf, 0xf8, 0xff, 0xff, 0xfe,
    0x30, 0xd, 0xff, 0x8f, 0xff, 0xfe, 0x20, 0x0,
    0xdf, 0xf8, 0xff, 0xfd, 0x20, 0x0, 0xd, 0xff,
    0x7f, 0xfd, 0x10, 0x0, 0x0, 0xdf, 0xf3, 0xfb,
    0x10, 0x0, 0x0, 0xc, 0xff, 0x0, 0x0, 0x0,
    0x0, 0x0, 0x0, 0x0,

    /* U+F052 "" */
    0x0, 0x0, 0x0, 0x0, 0x2, 0x10, 0x0, 0x0,
    0x0, 0x0, 0x0, 0x0, 0x0, 0xa, 0xff, 0x40,
    0x0, 0x0, 0x0, 0x0, 0x0, 0x0, 0xa, 0xff,
    0xff, 0x30, 0x0, 0x0, 0x0, 0x0, 0x0, 0x8,
    0xff, 0xff, 0xfe, 0x20, 0x0, 0x0, 0x0, 0x0,
    0x7, 0xff, 0xff, 0xff, 0xfe, 0x10, 0x0, 0x0,
    0x0, 0x6, 0xff, 0xff, 0xff, 0xff, 0xfd, 0x10,
    0x0, 0x0, 0x5, 0xff, 0xff, 0xff, 0xff, 0xff,
    0xfc, 0x0, 0x0, 0x4, 0xff, 0xff, 0xff, 0xff,
    0xff, 0xff, 0xfb, 0x0, 0x3, 0xff, 0xff, 0xff,
    0xff, 0xff, 0xff, 0xff, 0xfa, 0x0, 0xdf, 0xff,
    0xff, 0xff, 0xff, 0xff, 0xff, 0xff, 0xf5, 0xe,
    0xff, 0xff, 0xff, 0xff, 0xff, 0xff, 0xff, 0xff,
    0x60, 0x5f, 0xff, 0xff, 0xff, 0xff, 0xff, 0xff,
    0xff, 0xc0, 0x0, 0x0, 0x0, 0x0, 0x0, 0x0,
    0x0, 0x0, 0x0, 0x0, 0x9f, 0xff, 0xff, 0xff,
    0xff, 0xff, 0xff, 0xff, 0xe2, 0xf, 0xff, 0xff,
    0xff, 0xff, 0xff, 0xff, 0xff, 0xff, 0x70, 0xff,
    0xff, 0xff, 0xff, 0xff, 0xff, 0xff, 0xff, 0xf8,
    0xf, 0xff, 0xff, 0xff, 0xff, 0xff, 0xff, 0xff,
    0xff, 0x70, 0xbf, 0xff, 0xff, 0xff, 0xff, 0xff,
    0xff, 0xff, 0xf3, 0x0, 0x0, 0x0, 0x0, 0x0,
    0x0, 0x0, 0x0, 0x0, 0x0,

    /* U+F053 "" */
    0x0, 0x0, 0x0, 0x0, 0x0, 0x0, 0x0, 0x0,
    0x0, 0x5f, 0x80, 0x0, 0x0, 0x0, 0x5f, 0xff,
    0x40, 0x0, 0x0, 0x5f, 0xff, 0xe2, 0x0, 0x0,
    0x5f, 0xff, 0xe2, 0x0, 0x0, 0x5f, 0xff, 0xe3,
    0x0, 0x0, 0x5f, 0xff, 0xe3, 0x0, 0x0, 0x5f,
    0xff, 0xe3, 0x0, 0x0, 0x5f, 0xff, 0xe3, 0x0,
    0x0, 0xd, 0xff, 0xf5, 0x0, 0x0, 0x0, 0x4f,
    0xff, 0xe3, 0x0, 0x0, 0x0, 0x4f, 0xff, 0xe3,
    0x0, 0x0, 0x0, 0x4f, 0xff, 0xe3, 0x0, 0x0,
    0x0, 0x4f, 0xff, 0xe3, 0x0, 0x0, 0x0, 0x5f,
    0xff, 0xe3, 0x0, 0x0, 0x0, 0x5f, 0xff, 0xe2,
    0x0, 0x0, 0x0, 0x5f, 0xff, 0x40, 0x0, 0x0,
    0x0, 0x5f, 0x80, 0x0, 0x0, 0x0, 0x0, 0x0,
    0x0,

    /* U+F054 "" */
    0x0, 0x0, 0x0, 0x0, 0x0, 0x2, 0xdb, 0x0,
    0x0, 0x0, 0x0, 0xcf, 0xfc, 0x0, 0x0, 0x0,
    0x9, 0xff, 0xfc, 0x0, 0x0, 0x0, 0x9, 0xff,
    0xfc, 0x0, 0x0, 0x0, 0x9, 0xff, 0xfc, 0x0,
    0x0, 0x0, 0x9, 0xff, 0xfc, 0x0, 0x0, 0x0,
    0x9, 0xff, 0xfc, 0x0, 0x0, 0x0, 0x9, 0xff,
    0xfc, 0x0, 0x0, 0x0, 0xd, 0xff, 0xf6, 0x0,
    0x0, 0x9, 0xff, 0xfc, 0x0, 0x0, 0x9, 0xff,
    0xfc, 0x0, 0x0, 0x9, 0xff, 0xfc, 0x0, 0x0,
    0x9, 0xff, 0xfc, 0x0, 0x0, 0x9, 0xff, 0xfc,
    0x0, 0x0, 0x9, 0xff, 0xfc, 0x0, 0x0, 0x0,
    0xcf, 0xfc, 0x0, 0x0, 0x0, 0x2, 0xdb, 0x0,
    0x0, 0x0, 0x0, 0x0, 0x0, 0x0, 0x0, 0x0,
    0x0,

    /* U+F067 "" */
    0x0, 0x0, 0x0, 0x2, 0x55, 0x0, 0x0, 0x0,
    0x0, 0x0, 0x0, 0x0, 0xf, 0xff, 0x80, 0x0,
    0x0, 0x0, 0x0, 0x0, 0x0, 0x2f, 0xff, 0xa0,
    0x0, 0x0, 0x0, 0x0, 0x0, 0x0, 0x2f, 0xff,
    0xa0, 0x0, 0x0, 0x0, 0x0, 0x0, 0x0, 0x2f,
    0xff, 0xa0, 0x0, 0x0, 0x0, 0x0, 0x0, 0x0,
    0x2f, 0xff, 0xa0, 0x0, 0x0, 0x0, 0x0, 0x0,
    0x0, 0x2f, 0xff, 0xa0, 0x0, 0x0, 0x0, 0x37,
    0x77, 0x77, 0x8f, 0xff, 0xc7, 0x77, 0x77, 0x60,
    0xef, 0xff, 0xff, 0xff, 0xff, 0xff, 0xff, 0xff,
    0xf6, 0xff, 0xff, 0xff, 0xff, 0xff, 0xff, 0xff,
    0xff, 0xf8, 0xdf, 0xff, 0xff, 0xff, 0xff, 0xff,
    0xff, 0xff, 0xf5, 0x14, 0x44, 0x44, 0x5f, 0xff,
    0xb4, 0x44, 0x44, 0x30, 0x0, 0x0, 0x0, 0x2f,
    0xff, 0xa0, 0x0, 0x0, 0x0, 0x0, 0x0, 0x0,
    0x2f, 0xff, 0xa0, 0x0, 0x0, 0x0, 0x0, 0x0,
    0x0, 0x2f, 0xff, 0xa0, 0x0, 0x0, 0x0, 0x0,
    0x0, 0x0, 0x2f, 0xff, 0xa0, 0x0, 0x0, 0x0,
    0x0, 0x0, 0x0, 0x1f, 0xff, 0x90, 0x0, 0x0,
    0x0, 0x0, 0x0, 0x0, 0xd, 0xff, 0x60, 0x0,
    0x0, 0x0, 0x0, 0x0, 0x0, 0x0, 0x21, 0x0,
    0x0, 0x0, 0x0,

    /* U+F068 "" */
    0x49, 0x99, 0x99, 0x99, 0x99, 0x99, 0x99, 0x99,
    0x80, 0xff, 0xff, 0xff, 0xff, 0xff, 0xff, 0xff,
    0xff, 0xf7, 0xff, 0xff, 0xff, 0xff, 0xff, 0xff,
    0xff, 0xff, 0xf7, 0xcf, 0xff, 0xff, 0xff, 0xff,
    0xff, 0xff, 0xff, 0xf4, 0x2, 0x22, 0x22, 0x22,
    0x22, 0x22, 0x22, 0x22, 0x10,

    /* U+F06E "" */
    0x0, 0x0, 0x0, 0x6, 0xad, 0xff, 0xec, 0x83,
    0x0, 0x0, 0x0, 0x0, 0x0, 0x0, 0x8f, 0xff,
    0xff, 0xef, 0xff, 0xfc, 0x40, 0x0, 0x0, 0x0,
    0x3, 0xdf, 0xff, 0x92, 0x0, 0x5, 0xdf, 0xff,
    0x90, 0x0, 0x0, 0x4, 0xff, 0xff, 0x50, 0x2,
    0x52, 0x1, 0xcf, 0xff, 0xb0, 0x0, 0x3, 0xff,
    0xff, 0x80, 0x0, 0x7f, 0xf9, 0x1, 0xef, 0xff,
    0xb0, 0x1, 0xef, 0xff, 0xf0, 0x0, 0x8, 0xff,
    0xf7, 0x8, 0xff, 0xff, 0x80, 0xaf, 0xff, 0xfb,
    0x2, 0x25, 0xff, 0xff, 0xe0, 0x3f, 0xff, 0xff,
    0x2f, 0xff, 0xff, 0xa0, 0x7f, 0xff, 0xff, 0xff,
    0x2, 0xff, 0xff, 0xf7, 0x9f, 0xff, 0xfb, 0x5,
    0xff, 0xff, 0xff, 0xc0, 0x3f, 0xff, 0xff, 0x21,
    0xef, 0xff, 0xf0, 0xc, 0xff, 0xff, 0xf5, 0x7,
    0xff, 0xff, 0x80, 0x3, 0xff, 0xff, 0x80, 0x1a,
    0xff, 0xe5, 0x1, 0xef, 0xff, 0xb0, 0x0, 0x4,
    0xff, 0xff, 0x50, 0x0, 0x10, 0x1, 0xcf, 0xff,
    0xb0, 0x0, 0x0, 0x3, 0xdf, 0xff, 0x92, 0x0,
    0x5, 0xdf, 0xff, 0x90, 0x0, 0x0, 0x0, 0x0,
    0x7f, 0xff, 0xff, 0xef, 0xff, 0xfc, 0x40, 0x0,
    0x0, 0x0, 0x0, 0x0, 0x5, 0xad, 0xef, 0xec,
    0x83, 0x0, 0x0, 0x0, 0x0,

    /* U+F070 "" */
    0x0, 0x60, 0x0, 0x0, 0x0, 0x0, 0x0, 0x0,
    0x0, 0x0, 0x0, 0x0, 0x0, 0xb, 0xfc, 0x10,
    0x0, 0x0, 0x0, 0x0, 0x0, 0x0, 0x0, 0x0,
    0x0, 0x0, 0xc, 0xff, 0xe4, 0x0, 0x0, 0x0,
    0x0, 0x0, 0x0, 0x0, 0x0, 0x0, 0x0, 0x0,
    0x9f, 0xff, 0x70, 0x4, 0x8c, 0xef, 0xed, 0x94,
    0x0, 0x0, 0x0, 0x0, 0x0, 0x5, 0xff, 0xfb,
    0xef, 0xff, 0xfe, 0xff, 0xff, 0xe6, 0x0, 0x0,
    0x0, 0x0, 0x0, 0x2d, 0xff, 0xff, 0xc4, 0x0,
    0x4, 0xcf, 0xff, 0xb1, 0x0, 0x0, 0x0, 0x0,
    0x0, 0xbf, 0xff, 0x60, 0x3, 0x10, 0x9, 0xff,
    0xfe, 0x20, 0x0, 0x0, 0x0, 0x0, 0x7, 0xff,
    0xf9, 0x4f, 0xfa, 0x0, 0xcf, 0xff, 0xe1, 0x0,
    0x0, 0xb, 0xb0, 0x0, 0x3e, 0xff, 0xef, 0xff,
    0xa0, 0x4f, 0xff, 0xfb, 0x0, 0x0, 0x6f, 0xfd,
    0x30, 0x1, 0xcf, 0xff, 0xff, 0xf1, 0xf, 0xff,
    0xff, 0x50, 0x0, 0xbf, 0xff, 0xf6, 0x0, 0x8,
    0xff, 0xff, 0xf3, 0xe, 0xff, 0xff, 0xa0, 0x0,
    0x6f, 0xff, 0xff, 0x0, 0x0, 0x5f, 0xff, 0xf2,
    0xf, 0xff, 0xff, 0x50, 0x0, 0xc, 0xff, 0xff,
    0x40, 0x0, 0x2, 0xdf, 0xfe, 0x8f, 0xff, 0xfa,
    0x0, 0x0, 0x1, 0xef, 0xff, 0xc0, 0x0, 0x0,
    0xa, 0xff, 0xff, 0xff, 0xd1, 0x0, 0x0, 0x0,
    0x2e, 0xff, 0xf9, 0x0, 0x0, 0x0, 0x6f, 0xff,
    0xfd, 0x10, 0x0, 0x0, 0x0, 0x1, 0xcf, 0xff,
    0xc4, 0x0, 0x0, 0x3, 0xef, 0xfd, 0x20, 0x0,
    0x0, 0x0, 0x0, 0x6, 0xef, 0xff, 0xfe, 0xe3,
    0x0, 0x1b, 0xff, 0xf5, 0x0, 0x0, 0x0, 0x0,
    0x0, 0x5, 0x9d, 0xef, 0xec, 0x20, 0x0, 0x8f,
    0xff, 0x90, 0x0, 0x0, 0x0, 0x0, 0x0, 0x0,
    0x0, 0x0, 0x0, 0x0, 0x4, 0xef, 0xfb, 0x0,
    0x0, 0x0, 0x0, 0x0, 0x0, 0x0, 0x0, 0x0,
    0x0, 0x0, 0x1c, 0xfa, 0x0, 0x0, 0x0, 0x0,
    0x0, 0x0, 0x0, 0x0, 0x0, 0x0, 0x0, 0x0,
    0x60,

    /* U+F071 "" */
    0x0, 0x0, 0x0, 0x0, 0x0, 0x7, 0xa3, 0x0,
    0x0, 0x0, 0x0, 0x0, 0x0, 0x0, 0x0, 0x0,
    0x0, 0x8f, 0xfe, 0x10, 0x0, 0x0, 0x0, 0x0,
    0x0, 0x0, 0x0, 0x0, 0x2, 0xff, 0xff, 0x90,
    0x0, 0x0, 0x0, 0x0, 0x0, 0x0, 0x0, 0x0,
    0xa, 0xff, 0xff, 0xf3, 0x0, 0x0, 0x0, 0x0,
    0x0, 0x0, 0x0, 0x0, 0x4f, 0xff, 0xff, 0xfb,
    0x0, 0x0, 0x0, 0x0, 0x0, 0x0, 0x0, 0x0,
    0xcf, 0xff, 0xff, 0xff, 0x50, 0x0, 0x0, 0x0,
    0x0, 0x0, 0x0, 0x6, 0xff, 0xff, 0xff, 0xff,
    0xd0, 0x0, 0x0, 0x0, 0x0, 0x0, 0x0, 0xe,
    0xff, 0xa2, 0x24, 0xff, 0xf7, 0x0, 0x0, 0x0,
    0x0, 0x0, 0x0, 0x8f, 0xff, 0x90, 0x1, 0xff,
    0xff, 0x10, 0x0, 0x0, 0x0, 0x0, 0x2, 0xff,
    0xff, 0xa0, 0x2, 0xff, 0xff, 0x90, 0x0, 0x0,
    0x0, 0x0, 0xa, 0xff, 0xff, 0xb0, 0x3, 0xff,
    0xff, 0xf2, 0x0, 0x0, 0x0, 0x0, 0x3f, 0xff,
    0xff, 0xc0, 0x4, 0xff, 0xff, 0xfb, 0x0, 0x0,
    0x0, 0x0, 0xcf, 0xff, 0xff, 0xd0, 0x5, 0xff,
    0xff, 0xff, 0x40, 0x0, 0x0, 0x6, 0xff, 0xff,
    0xff, 0xf9, 0x9c, 0xff, 0xff, 0xff, 0xd0, 0x0,
    0x0, 0xe, 0xff, 0xff, 0xff, 0xf5, 0x2b, 0xff,
    0xff, 0xff, 0xf7, 0x0, 0x0, 0x8f, 0xff, 0xff,
    0xff, 0x90, 0x1, 0xff, 0xff, 0xff, 0xfe, 0x10,
    0x1, 0xff, 0xff, 0xff, 0xff, 0x80, 0x0, 0xff,
    0xff, 0xff, 0xff, 0x90, 0xa, 0xff, 0xff, 0xff,
    0xff, 0xf4, 0x1a, 0xff, 0xff, 0xff, 0xff, 0xf2,
    0xf, 0xff, 0xff, 0xff, 0xff, 0xff, 0xff, 0xff,
    0xff, 0xff, 0xff, 0xf7, 0xb, 0xff, 0xff, 0xff,
    0xff, 0xff, 0xff, 0xff, 0xff, 0xff, 0xff, 0xf4,
    0x1, 0x68, 0x88, 0x88, 0x88, 0x88, 0x88, 0x88,
    0x88, 0x88, 0x88, 0x40,

    /* U+F074 "" */
    0x0, 0x0, 0x0, 0x0, 0x0, 0x0, 0x0, 0x4,
    0x30, 0x0, 0x0, 0x0, 0x0, 0x0, 0x0, 0x0,
    0x0, 0xf, 0xf5, 0x0, 0x0, 0x0, 0x0, 0x0,
    0x0, 0x0, 0x0, 0xf, 0xff, 0x50, 0xef, 0xff,
    0xf6, 0x0, 0x0, 0x1, 0xcf, 0xff, 0xff, 0xf5,
    0xff, 0xff, 0xff, 0x50, 0x0, 0xc, 0xff, 0xff,
    0xff, 0xff, 0xff, 0xff, 0xff, 0xf5, 0x0, 0xbf,
    0xff, 0xff, 0xff, 0xf7, 0x22, 0x23, 0xdf, 0xf8,
    0x9, 0xff, 0xf7, 0x2f, 0xff, 0x70, 0x0, 0x0,
    0x2e, 0xb0, 0x7f, 0xff, 0x90, 0xf, 0xf7, 0x0,
    0x0, 0x0, 0x3, 0x6, 0xff, 0xfa, 0x0, 0x7,
    0x60, 0x0, 0x0, 0x0, 0x0, 0x4f, 0xff, 0xb0,
    0x0, 0x0, 0x0, 0x0, 0x0, 0x0, 0x3, 0xff,
    0xfd, 0x3, 0x0, 0x7, 0x60, 0x0, 0x0, 0x0,
    0x2e, 0xff, 0xe1, 0x3f, 0x90, 0xf, 0xf8, 0x0,
    0x22, 0x23, 0xdf, 0xfe, 0x22, 0xef, 0xf7, 0x2f,
    0xff, 0x80, 0xff, 0xff, 0xff, 0xf3, 0x0, 0xcf,
    0xff, 0xff, 0xff, 0xf7, 0xff, 0xff, 0xff, 0x50,
    0x0, 0xc, 0xff, 0xff, 0xff, 0xfe, 0xef, 0xff,
    0xf6, 0x0, 0x0, 0x1, 0xcf, 0xff, 0xff, 0xf4,
    0x0, 0x0, 0x0, 0x0, 0x0, 0x0, 0x0, 0xf,
    0xff, 0x40, 0x0, 0x0, 0x0, 0x0, 0x0, 0x0,
    0x0, 0xf, 0xf5, 0x0, 0x0, 0x0, 0x0, 0x0,
    0x0, 0x0, 0x0, 0x4, 0x30, 0x0,

    /* U+F077 "" */
    0x0, 0x0, 0x0, 0x0, 0x94, 0x0, 0x0, 0x0,
    0x0, 0x0, 0x0, 0x0, 0xc, 0xff, 0x50, 0x0,
    0x0, 0x0, 0x0, 0x0, 0x0, 0xcf, 0xff, 0xf5,
    0x0, 0x0, 0x0, 0x0, 0x0, 0xc, 0xff, 0xff,
    0xff, 0x50, 0x0, 0x0, 0x0, 0x0, 0xcf, 0xff,
    0xae, 0xff, 0xf5, 0x0, 0x0, 0x0, 0xc, 0xff,
    0xf9, 0x3, 0xef, 0xff, 0x50, 0x0, 0x0, 0xcf,
    0xff, 0x90, 0x0, 0x3e, 0xff, 0xf5, 0x0, 0xc,
    0xff, 0xf9, 0x0, 0x0, 0x3, 0xef, 0xff, 0x50,
    0xaf, 0xff, 0x90, 0x0, 0x0, 0x0, 0x3e, 0xff,
    0xf2, 0x7f, 0xf9, 0x0, 0x0, 0x0, 0x0, 0x3,
    0xef, 0xe1, 0x6, 0x70, 0x0, 0x0, 0x0, 0x0,
    0x0, 0x29, 0x20,

    /* U+F078 "" */
    0x6, 0x70, 0x0, 0x0, 0x0, 0x0, 0x0, 0x29,
    0x20, 0x7f, 0xf9, 0x0, 0x0, 0x0, 0x0, 0x2,
    0xef, 0xe1, 0x9f, 0xff, 0x90, 0x0, 0x0, 0x0,
    0x3e, 0xff, 0xf2, 0xb, 0xff, 0xf9, 0x0, 0x0,
    0x3, 0xef, 0xff, 0x50, 0x0, 0xbf, 0xff, 0x90,
    0x0, 0x3e, 0xff, 0xf5, 0x0, 0x0, 0xb, 0xff,
    0xf9, 0x3, 0xef, 0xff, 0x50, 0x0, 0x0, 0x0,
    0xbf, 0xff, 0xae, 0xff, 0xf5, 0x0, 0x0, 0x0,
    0x0, 0xb, 0xff, 0xff, 0xff, 0x50, 0x0, 0x0,
    0x0, 0x0, 0x0, 0xbf, 0xff, 0xf5, 0x0, 0x0,
    0x0, 0x0, 0x0, 0x0, 0xb, 0xff, 0x50, 0x0,
    0x0, 0x0, 0x0, 0x0, 0x0, 0x0, 0x94, 0x0,
    0x0, 0x0, 0x0,

    /* U+F079 "" */
    0x0, 0x0, 0x9c, 0x10, 0x0, 0x0, 0x0, 0x0,
    0x0, 0x0, 0x0, 0x0, 0x0, 0x0, 0xa, 0xff,
    0xd1, 0x0, 0x58, 0x88, 0x88, 0x88, 0x88, 0x81,
    0x0, 0x0, 0x0, 0xaf, 0xff, 0xfd, 0x20, 0xef,
    0xff, 0xff, 0xff, 0xff, 0xf6, 0x0, 0x0, 0xa,
    0xff, 0xff, 0xff, 0xe2, 0x4e, 0xff, 0xff, 0xff,
    0xff, 0xf6, 0x0, 0x0, 0x8f, 0xfc, 0xff, 0xcf,
    0xfd, 0x0, 0x0, 0x0, 0x0, 0x1f, 0xf6, 0x0,
    0x0, 0x7f, 0xc2, 0xff, 0x67, 0xfc, 0x0, 0x0,
    0x0, 0x0, 0x1f, 0xf6, 0x0, 0x0, 0x3, 0x1,
    0xff, 0x60, 0x30, 0x0, 0x0, 0x0, 0x0, 0x1f,
    0xf6, 0x0, 0x0, 0x0, 0x1, 0xff, 0x60, 0x0,
    0x0, 0x0, 0x0, 0x0, 0x1f, 0xf6, 0x0, 0x0,
    0x0, 0x1, 0xff, 0x60, 0x0, 0x0, 0x0, 0x0,
    0x0, 0x1f, 0xf6, 0x0, 0x0, 0x0, 0x1, 0xff,
    0x60, 0x0, 0x0, 0x0, 0x3, 0xd7, 0x1f, 0xf6,
    0x3d, 0x70, 0x0, 0x1, 0xff, 0x60, 0x0, 0x0,
    0x0, 0xa, 0xff, 0x7f, 0xf9, 0xef, 0xf0, 0x0,
    0x1, 0xff, 0xb8, 0x88, 0x88, 0x88, 0x32, 0xef,
    0xff, 0xff, 0xff, 0x60, 0x0, 0x1, 0xff, 0xff,
    0xff, 0xff, 0xff, 0xf2, 0x2e, 0xff, 0xff, 0xf6,
    0x0, 0x0, 0x0, 0xdf, 0xff, 0xff, 0xff, 0xff,
    0xe2, 0x2, 0xef, 0xff, 0x60, 0x0, 0x0, 0x0,
    0x0, 0x0, 0x0, 0x0, 0x0, 0x0, 0x0, 0x2e,
    0xf6, 0x0, 0x0, 0x0, 0x0, 0x0, 0x0, 0x0,
    0x0, 0x0, 0x0, 0x0, 0x1, 0x30, 0x0, 0x0,

    /* U+F07B "" */
    0x5e, 0xff, 0xff, 0xff, 0x90, 0x0, 0x0, 0x0,
    0x0, 0x0, 0xef, 0xff, 0xff, 0xff, 0xf9, 0x0,
    0x0, 0x0, 0x0, 0x0, 0xff, 0xff, 0xff, 0xff,
    0xff, 0xa8, 0x88, 0x88, 0x88, 0x60, 0xff, 0xff,
    0xff, 0xff, 0xff, 0xff, 0xff, 0xff, 0xff, 0xfb,
    0xff, 0xff, 0xff, 0xff, 0xff, 0xff, 0xff, 0xff,
    0xff, 0xff, 0xff, 0xff, 0xff, 0xff, 0xff, 0xff,
    0xff, 0xff, 0xff, 0xff, 0xff, 0xff, 0xff, 0xff,
    0xff, 0xff, 0xff, 0xff, 0xff, 0xff, 0xff, 0xff,
    0xff, 0xff, 0xff, 0xff, 0xff, 0xff, 0xff, 0xff,
    0xff, 0xff, 0xff, 0xff, 0xff, 0xff, 0xff, 0xff,
    0xff, 0xff, 0xff, 0xff, 0xff, 0xff, 0xff, 0xff,
    0xff, 0xff, 0xff, 0xff, 0xff, 0xff, 0xff, 0xff,
    0xff, 0xff, 0xff, 0xff, 0xff, 0xff, 0xff, 0xff,
    0xff, 0xff, 0xff, 0xff, 0xff, 0xff, 0xff, 0xff,
    0xff, 0xff, 0xff, 0xff, 0xff, 0xff, 0xff, 0xff,
    0xff, 0xff, 0xef, 0xff, 0xff, 0xff, 0xff, 0xff,
    0xff, 0xff, 0xff, 0xfe, 0x5e, 0xff, 0xff, 0xff,
    0xff, 0xff, 0xff, 0xff, 0xff, 0xe5,

    /* U+F093 "" */
    0x0, 0x0, 0x0, 0x0, 0x3, 0x10, 0x0, 0x0,
    0x0, 0x0, 0x0, 0x0, 0x0, 0x0, 0x6f, 0xd1,
    0x0, 0x0, 0x0, 0x0, 0x0, 0x0, 0x0, 0x6,
    0xff, 0xfd, 0x10, 0x0, 0x0, 0x0, 0x0, 0x0,
    0x0, 0x6f, 0xff, 0xff, 0xd1, 0x0, 0x0, 0x0,
    0x0, 0x0, 0x6, 0xff, 0xff, 0xff, 0xfd, 0x10,
    0x0, 0x0, 0x0, 0x0, 0x6f, 0xff, 0xff, 0xff,
    0xff, 0xd1, 0x0, 0x0, 0x0, 0x6, 0xff, 0xff,
    0xff, 0xff, 0xff, 0xfd, 0x10, 0x0, 0x0, 0xd,
    0xff, 0xff, 0xff, 0xff, 0xff, 0xff, 0x60, 0x0,
    0x0, 0x0, 0x11, 0x1b, 0xff, 0xff, 0x51, 0x11,
    0x0, 0x0, 0x0, 0x0, 0x0, 0xb, 0xff, 0xff,
    0x40, 0x0, 0x0, 0x0, 0x0, 0x0, 0x0, 0xb,
    0xff, 0xff, 0x40, 0x0, 0x0, 0x0, 0x0, 0x0,
    0x0, 0xb, 0xff, 0xff, 0x40, 0x0, 0x0, 0x0,
    0x0, 0x0, 0x0, 0xb, 0xff, 0xff, 0x40, 0x0,
    0x0, 0x0, 0x0, 0x0, 0x0, 0xb, 0xff, 0xff,
    0x40, 0x0, 0x0, 0x0, 0x7a, 0xaa, 0xaa, 0x2b,
    0xff, 0xff, 0x42, 0xaa, 0xaa, 0xa7, 0xff, 0xff,
    0xff, 0x82, 0x67, 0x76, 0x8, 0xff, 0xff, 0xff,
    0xff, 0xff, 0xff, 0xfb, 0x77, 0x77, 0xbf, 0xff,
    0xff, 0xff, 0xff, 0xff, 0xff, 0xff, 0xff, 0xff,
    0xff, 0xff, 0xff, 0xff, 0xff, 0xff, 0xff, 0xff,
    0xff, 0xff, 0xfb, 0xf, 0x48, 0xff, 0xff, 0xff,
    0xff, 0xff, 0xff, 0xff, 0xff, 0xef, 0xef, 0xff,
    0x14, 0x44, 0x44, 0x44, 0x44, 0x44, 0x44, 0x44,
    0x44, 0x41,

    /* U+F095 "" */
    0x0, 0x0, 0x0, 0x0, 0x0, 0x0, 0x0, 0x4,
    0x62, 0x0, 0x0, 0x0, 0x0, 0x0, 0x0, 0x0,
    0x0, 0x1, 0xff, 0xfe, 0xb5, 0x0, 0x0, 0x0,
    0x0, 0x0, 0x0, 0x0, 0x7f, 0xff, 0xff, 0xf0,
    0x0, 0x0, 0x0, 0x0, 0x0, 0x0, 0xe, 0xff,
    0xff, 0xff, 0x0, 0x0, 0x0, 0x0, 0x0, 0x0,
    0x5, 0xff, 0xff, 0xff, 0xd0, 0x0, 0x0, 0x0,
    0x0, 0x0, 0x0, 0xbf, 0xff, 0xff, 0xfb, 0x0,
    0x0, 0x0, 0x0, 0x0, 0x0, 0x6, 0xff, 0xff,
    0xff, 0x80, 0x0, 0x0, 0x0, 0x0, 0x0, 0x0,
    0x5, 0xff, 0xff, 0xf4, 0x0, 0x0, 0x0, 0x0,
    0x0, 0x0, 0x0, 0x5, 0xff, 0xfe, 0x0, 0x0,
    0x0, 0x0, 0x0, 0x0, 0x0, 0x0, 0xbf, 0xff,
    0x90, 0x0, 0x0, 0x0, 0x0, 0x0, 0x0, 0x0,
    0x4f, 0xff, 0xf2, 0x0, 0x0, 0x0, 0x0, 0x0,
    0x0, 0x0, 0x2e, 0xff, 0xf8, 0x0, 0x0, 0x0,
    0x1, 0x30, 0x0, 0x0, 0x1d, 0xff, 0xfd, 0x0,
    0x0, 0x0, 0x29, 0xff, 0x70, 0x0, 0x3e, 0xff,
    0xff, 0x30, 0x0, 0x4, 0xbf, 0xff, 0xff, 0x40,
    0x7f, 0xff, 0xff, 0x50, 0x0, 0x0, 0xef, 0xff,
    0xff, 0xfe, 0xef, 0xff, 0xff, 0x50, 0x0, 0x0,
    0xc, 0xff, 0xff, 0xff, 0xff, 0xff, 0xfe, 0x40,
    0x0, 0x0, 0x0, 0x8f, 0xff, 0xff, 0xff, 0xff,
    0xfb, 0x10, 0x0, 0x0, 0x0, 0x4, 0xff, 0xff,
    0xff, 0xff, 0xd5, 0x0, 0x0, 0x0, 0x0, 0x0,
    0x1f, 0xff, 0xff, 0xea, 0x40, 0x0, 0x0, 0x0,
    0x0, 0x0, 0x0, 0x57, 0x64, 0x20, 0x0, 0x0,
    0x0, 0x0, 0x0, 0x0, 0x0,

    /* U+F0C4 "" */
    0x0, 0x25, 0x40, 0x0, 0x0, 0x0, 0x0, 0x0,
    0x0, 0x9, 0xff, 0xfe, 0x30, 0x0, 0x0, 0x4,
    0xaa, 0x50, 0x7f, 0xff, 0xff, 0xe0, 0x0, 0x0,
    0x8f, 0xff, 0xf5, 0xef, 0xd3, 0x7f, 0xf6, 0x0,
    0x8, 0xff, 0xff, 0xb0, 0xff, 0x80, 0xf, 0xf7,
    0x0, 0x8f, 0xff, 0xfb, 0x0, 0xdf, 0xe7, 0xaf,
    0xf5, 0x8, 0xff, 0xff, 0xb0, 0x0, 0x5f, 0xff,
    0xff, 0xfd, 0x9f, 0xff, 0xfb, 0x0, 0x0, 0x5,
    0xef, 0xff, 0xff, 0xff, 0xff, 0xb0, 0x0, 0x0,
    0x0, 0x1, 0x5f, 0xff, 0xff, 0xfb, 0x0, 0x0,
    0x0, 0x0, 0x0, 0xb, 0xff, 0xff, 0xf2, 0x0,
    0x0, 0x0, 0x0, 0x25, 0x9f, 0xff, 0xff, 0xfd,
    0x10, 0x0, 0x0, 0x9, 0xff, 0xff, 0xff, 0xff,
    0xff, 0xd1, 0x0, 0x0, 0x7f, 0xff, 0xff, 0xfb,
    0x6f, 0xff, 0xfd, 0x10, 0x0, 0xef, 0xd3, 0x7f,
    0xf5, 0x5, 0xff, 0xff, 0xd1, 0x0, 0xff, 0x80,
    0xf, 0xf7, 0x0, 0x5f, 0xff, 0xfd, 0x10, 0xdf,
    0xe7, 0xaf, 0xf5, 0x0, 0x5, 0xff, 0xff, 0xd1,
    0x5f, 0xff, 0xff, 0xc0, 0x0, 0x0, 0x4f, 0xff,
    0xf4, 0x5, 0xef, 0xfb, 0x10, 0x0, 0x0, 0x1,
    0x66, 0x20, 0x0, 0x1, 0x0, 0x0, 0x0, 0x0,
    0x0, 0x0, 0x0,

    /* U+F0C5 "" */
    0x0, 0x0, 0x8, 0xbb, 0xbb, 0xbb, 0x50, 0x90,
    0x0, 0x0, 0x0, 0xf, 0xff, 0xff, 0xff, 0x81,
    0xfb, 0x0, 0x0, 0x0, 0xf, 0xff, 0xff, 0xff,
    0x81, 0xff, 0xb0, 0x0, 0x0, 0xf, 0xff, 0xff,
    0xff, 0x81, 0xff, 0xf8, 0x8c, 0xc9, 0xf, 0xff,
    0xff, 0xff, 0x80, 0x0, 0x0, 0xff, 0xfc, 0xf,
    0xff, 0xff, 0xff, 0xd5, 0x44, 0x43, 0xff, 0xfc,
    0xf, 0xff, 0xff, 0xff, 0xff, 0xff, 0xfa, 0xff,
    0xfc, 0xf, 0xff, 0xff, 0xff, 0xff, 0xff, 0xfa,
    0xff, 0xfc, 0xf, 0xff, 0xff, 0xff, 0xff, 0xff,
    0xfa, 0xff, 0xfc, 0xf, 0xff, 0xff, 0xff, 0xff,
    0xff, 0xfa, 0xff, 0xfc, 0xf, 0xff, 0xff, 0xff,
    0xff, 0xff, 0xfa, 0xff, 0xfc, 0xf, 0xff, 0xff,
    0xff, 0xff, 0xff, 0xfa, 0xff, 0xfc, 0xf, 0xff,
    0xff, 0xff, 0xff, 0xff, 0xfa, 0xff, 0xfc, 0xf,
    0xff, 0xff, 0xff, 0xff, 0xff, 0xfa, 0xff, 0xfc,
    0xf, 0xff, 0xff, 0xff, 0xff, 0xff, 0xfa, 0xff,
    0xfc, 0xf, 0xff, 0xff, 0xff, 0xff, 0xff, 0xfa,
    0xff, 0xfe, 0xb, 0xff, 0xff, 0xff, 0xff, 0xff,
    0xf7, 0xff, 0xff, 0x91, 0x0, 0x0, 0x0, 0x0,
    0x0, 0x0, 0xff, 0xff, 0xff, 0xff, 0xff, 0xff,
    0x80, 0x0, 0x0, 0xff, 0xff, 0xff, 0xff, 0xff,
    0xff, 0x70, 0x0, 0x0, 0x58, 0x88, 0x88, 0x88,
    0x88, 0x87, 0x10, 0x0, 0x0,

    /* U+F0C7 "" */
    0x6, 0x77, 0x77, 0x77, 0x77, 0x77, 0x60, 0x0,
    0x0, 0xbf, 0xff, 0xff, 0xff, 0xff, 0xff, 0xfd,
    0x10, 0x0, 0xff, 0xff, 0xff, 0xff, 0xff, 0xff,
    0xff, 0xc1, 0x0, 0xff, 0x90, 0x0, 0x0, 0x0,
    0x1, 0xdf, 0xfc, 0x10, 0xff, 0x80, 0x0, 0x0,
    0x0, 0x0, 0xbf, 0xff, 0xc0, 0xff, 0x80, 0x0,
    0x0, 0x0, 0x0, 0xbf, 0xff, 0xf3, 0xff, 0x80,
    0x0, 0x0, 0x0, 0x0, 0xbf, 0xff, 0xf4, 0xff,
    0x80, 0x0, 0x0, 0x0, 0x0, 0xbf, 0xff, 0xf4,
    0xff, 0xd8, 0x88, 0x88, 0x88, 0x88, 0xef, 0xff,
    0xf4, 0xff, 0xff, 0xff, 0xff, 0xff, 0xff, 0xff,
    0xff, 0xf4, 0xff, 0xff, 0xff, 0xff, 0xff, 0xff,
    0xff, 0xff, 0xf4, 0xff, 0xff, 0xff, 0xe4, 0x2,
    0xcf, 0xff, 0xff, 0xf4, 0xff, 0xff, 0xff, 0x60,
    0x0, 0x2f, 0xff, 0xff, 0xf4, 0xff, 0xff, 0xff,
    0x40, 0x0, 0xf, 0xff, 0xff, 0xf4, 0xff, 0xff,
    0xff, 0xa0, 0x0, 0x6f, 0xff, 0xff, 0xf4, 0xff,
    0xff, 0xff, 0xfc, 0x8a, 0xff, 0xff, 0xff, 0xf4,
    0xef, 0xff, 0xff, 0xff, 0xff, 0xff, 0xff, 0xff,
    0xf3, 0x6f, 0xff, 0xff, 0xff, 0xff, 0xff, 0xff,
    0xff, 0xa0, 0x0, 0x0, 0x0, 0x0, 0x0, 0x0,
    0x0, 0x0, 0x0,

    /* U+F0C9 "" */
    0x0, 0x0, 0x0, 0x0, 0x0, 0x0, 0x0, 0x0,
    0x0, 0xef, 0xff, 0xff, 0xff, 0xff, 0xff, 0xff,
    0xff, 0xf6, 0xff, 0xff, 0xff, 0xff, 0xff, 0xff,
    0xff, 0xff, 0xf8, 0xac, 0xcc, 0xcc, 0xcc, 0xcc,
    0xcc, 0xcc, 0xcc, 0xc4, 0x0, 0x0, 0x0, 0x0,
    0x0, 0x0, 0x0, 0x0, 0x0, 0x0, 0x0, 0x0,
    0x0, 0x0, 0x0, 0x0, 0x0, 0x0, 0x0, 0x0,
    0x0, 0x0, 0x0, 0x0, 0x0, 0x0, 0x0, 0xcd,
    0xdd, 0xdd, 0xdd, 0xdd, 0xdd, 0xdd, 0xdd, 0xd5,
    0xff, 0xff, 0xff, 0xff, 0xff, 0xff, 0xff, 0xff,
    0xf8, 0xdf, 0xff, 0xff, 0xff, 0xff, 0xff, 0xff,
    0xff, 0xf5, 0x0, 0x0, 0x0, 0x0, 0x0, 0x0,
    0x0, 0x0, 0x0, 0x0, 0x0, 0x0, 0x0, 0x0,
    0x0, 0x0, 0x0, 0x0, 0x0, 0x0, 0x0, 0x0,
    0x0, 0x0, 0x0, 0x0, 0x0, 0xac, 0xcc, 0xcc,
    0xcc, 0xcc, 0xcc, 0xcc, 0xcc, 0xc4, 0xff, 0xff,
    0xff, 0xff, 0xff, 0xff, 0xff, 0xff, 0xf8, 0xef,
    0xff, 0xff, 0xff, 0xff, 0xff, 0xff, 0xff, 0xf6,
    0x0, 0x0, 0x0, 0x0, 0x0, 0x0, 0x0, 0x0,
    0x0,

    /* U+F0E0 "" */
    0x5e, 0xff, 0xff, 0xff, 0xff, 0xff, 0xff, 0xff,
    0xff, 0xe5, 0xef, 0xff, 0xff, 0xff, 0xff, 0xff,
    0xff, 0xff, 0xff, 0xfe, 0xff, 0xff, 0xff, 0xff,
    0xff, 0xff, 0xff, 0xff, 0xff, 0xff, 0x7f, 0xff,
    0xff, 0xff, 0xff, 0xff, 0xff, 0xff, 0xff, 0xf7,
    0x3, 0xef, 0xff, 0xff, 0xff, 0xff, 0xff, 0xff,
    0xfe, 0x30, 0xe3, 0x1b, 0xff, 0xff, 0xff, 0xff,
    0xff, 0xff, 0xb1, 0x3e, 0xff, 0x70, 0x7f, 0xff,
    0xff, 0xff, 0xff, 0xf7, 0x7, 0xff, 0xff, 0xfb,
    0x13, 0xdf, 0xff, 0xff, 0xfd, 0x31, 0xbf, 0xff,
    0xff, 0xff, 0xe4, 0xa, 0xff, 0xff, 0xa0, 0x4e,
    0xff, 0xff, 0xff, 0xff, 0xff, 0x80, 0x5d, 0xd5,
    0x8, 0xff, 0xff, 0xff, 0xff, 0xff, 0xff, 0xfc,
    0x20, 0x2, 0xcf, 0xff, 0xff, 0xff, 0xff, 0xff,
    0xff, 0xff, 0xfd, 0xdf, 0xff, 0xff, 0xff, 0xff,
    0xff, 0xff, 0xff, 0xff, 0xff, 0xff, 0xff, 0xff,
    0xff, 0xff, 0xef, 0xff, 0xff, 0xff, 0xff, 0xff,
    0xff, 0xff, 0xff, 0xfe, 0x5e, 0xff, 0xff, 0xff,
    0xff, 0xff, 0xff, 0xff, 0xff, 0xe5,

    /* U+F0E7 "" */
    0x0, 0x14, 0x44, 0x44, 0x41, 0x0, 0x0, 0x0,
    0xbf, 0xff, 0xff, 0xfa, 0x0, 0x0, 0x0, 0xef,
    0xff, 0xff, 0xf8, 0x0, 0x0, 0x0, 0xff, 0xff,
    0xff, 0xf3, 0x0, 0x0, 0x2, 0xff, 0xff, 0xff,
    0xd0, 0x0, 0x0, 0x4, 0xff, 0xff, 0xff, 0x80,
    0x0, 0x0, 0x6, 0xff, 0xff, 0xff, 0x40, 0x0,
    0x0, 0x8, 0xff, 0xff, 0xff, 0xff, 0xff, 0xf5,
    0xa, 0xff, 0xff, 0xff, 0xff, 0xff, 0xf4, 0xd,
    0xff, 0xff, 0xff, 0xff, 0xff, 0xb0, 0xf, 0xff,
    0xff, 0xff, 0xff, 0xff, 0x20, 0xb, 0xff, 0xff,
    0xff, 0xff, 0xf9, 0x0, 0x0, 0x0, 0x0, 0x8f,
    0xff, 0xe1, 0x0, 0x0, 0x0, 0x0, 0xcf, 0xff,
    0x60, 0x0, 0x0, 0x0, 0x0, 0xff, 0xfd, 0x0,
    0x0, 0x0, 0x0, 0x3, 0xff, 0xf4, 0x0, 0x0,
    0x0, 0x0, 0x7, 0xff, 0xa0, 0x0, 0x0, 0x0,
    0x0, 0xb, 0xff, 0x20, 0x0, 0x0, 0x0, 0x0,
    0xf, 0xf8, 0x0, 0x0, 0x0, 0x0, 0x0, 0x2f,
    0xe0, 0x0, 0x0, 0x0, 0x0, 0x0, 0x9, 0x40,
    0x0, 0x0, 0x0,

    /* U+F0EA "" */
    0x0, 0x0, 0x6, 0x71, 0x0, 0x0, 0x0, 0x0,
    0x0, 0x14, 0x44, 0xbf, 0xfe, 0x44, 0x43, 0x0,
    0x0, 0x0, 0xef, 0xff, 0xf9, 0x4f, 0xff, 0xff,
    0x40, 0x0, 0x0, 0xff, 0xff, 0xf8, 0x3f, 0xff,
    0xff, 0x50, 0x0, 0x0, 0xff, 0xff, 0xff, 0xff,
    0xff, 0xff, 0x50, 0x0, 0x0, 0xff, 0xff, 0xff,
    0xa8, 0x88, 0x88, 0x20, 0x0, 0x0, 0xff, 0xff,
    0xf6, 0x0, 0x0, 0x0, 0x0, 0x0, 0x0, 0xff,
    0xff, 0xf0, 0xcf, 0xff, 0xff, 0x51, 0xe2, 0x0,
    0xff, 0xff, 0xf0, 0xef, 0xff, 0xff, 0x51, 0xfe,
    0x20, 0xff, 0xff, 0xf0, 0xef, 0xff, 0xff, 0x51,
    0xff, 0xe2, 0xff, 0xff, 0xf0, 0xef, 0xff, 0xff,
    0x50, 0xbb, 0xb7, 0xff, 0xff, 0xf0, 0xef, 0xff,
    0xff, 0x80, 0x0, 0x0, 0xff, 0xff, 0xf0, 0xef,
    0xff, 0xff, 0xff, 0xff, 0xfa, 0xff, 0xff, 0xf0,
    0xef, 0xff, 0xff, 0xff, 0xff, 0xfa, 0xff, 0xff,
    0xf0, 0xef, 0xff, 0xff, 0xff, 0xff, 0xfa, 0xff,
    0xff, 0xf0, 0xef, 0xff, 0xff, 0xff, 0xff, 0xfa,
    0xcf, 0xff, 0xf0, 0xef, 0xff, 0xff, 0xff, 0xff,
    0xfa, 0x0, 0x0, 0x0, 0xef, 0xff, 0xff, 0xff,
    0xff, 0xfa, 0x0, 0x0, 0x0, 0xef, 0xff, 0xff,
    0xff, 0xff, 0xfa, 0x0, 0x0, 0x0, 0xef, 0xff,
    0xff, 0xff, 0xff, 0xfa, 0x0, 0x0, 0x0, 0x7b,
    0xbb, 0xbb, 0xbb, 0xbb, 0xb4,

    /* U+F0F3 "" */
    0x0, 0x0, 0x0, 0x0, 0x31, 0x0, 0x0, 0x0,
    0x0, 0x0, 0x0, 0x0, 0x5, 0xfd, 0x0, 0x0,
    0x0, 0x0, 0x0, 0x0, 0x0, 0x9, 0xff, 0x10,
    0x0, 0x0, 0x0, 0x0, 0x0, 0x7, 0xef, 0xff,
    0xfb, 0x20, 0x0, 0x0, 0x0, 0x0, 0xaf, 0xff,
    0xff, 0xff, 0xf3, 0x0, 0x0, 0x0, 0x8, 0xff,
    0xff, 0xff, 0xff, 0xfe, 0x10, 0x0, 0x0, 0x1f,
    0xff, 0xff, 0xff, 0xff, 0xff, 0x80, 0x0, 0x0,
    0x5f, 0xff, 0xff, 0xff, 0xff, 0xff, 0xd0, 0x0,
    0x0, 0x7f, 0xff, 0xff, 0xff, 0xff, 0xff, 0xf0,
    0x0, 0x0, 0x8f, 0xff, 0xff, 0xff, 0xff, 0xff,
    0xf0, 0x0, 0x0, 0x9f, 0xff, 0xff, 0xff, 0xff,
    0xff, 0xf1, 0x0, 0x0, 0xdf, 0xff, 0xff, 0xff,
    0xff, 0xff, 0xf5, 0x0, 0x1, 0xff, 0xff, 0xff,
    0xff, 0xff, 0xff, 0xf9, 0x0, 0x9, 0xff, 0xff,
    0xff, 0xff, 0xff, 0xff, 0xff, 0x10, 0x5f, 0xff,
    0xff, 0xff, 0xff, 0xff, 0xff, 0xff, 0xd0, 0xef,
    0xff, 0xff, 0xff, 0xff, 0xff, 0xff, 0xff, 0xf6,
    0x9f, 0xff, 0xff, 0xff, 0xff, 0xff, 0xff, 0xff,
    0xe3, 0x0, 0x0, 0x0, 0x0, 0x0, 0x0, 0x0,
    0x0, 0x0, 0x0, 0x0, 0x0, 0xaf, 0xff, 0xf2,
    0x0, 0x0, 0x0, 0x0, 0x0, 0x0, 0x3f, 0xff,
    0xa0, 0x0, 0x0, 0x0, 0x0, 0x0, 0x0, 0x2,
    0x75, 0x0, 0x0, 0x0, 0x0,

    /* U+F11C "" */
    0x5e, 0xff, 0xff, 0xff, 0xff, 0xff, 0xff, 0xff,
    0xff, 0xff, 0xfb, 0xe, 0xff, 0xff, 0xff, 0xff,
    0xff, 0xff, 0xff, 0xff, 0xff, 0xff, 0xf6, 0xff,
    0xc8, 0x8f, 0xa8, 0xaf, 0x88, 0xbf, 0x88, 0xfb,
    0x88, 0xff, 0x8f, 0xf8, 0x0, 0xf4, 0x4, 0xf0,
    0x5, 0xe0, 0xe, 0x50, 0xf, 0xf8, 0xff, 0x80,
    0xf, 0x40, 0x4f, 0x0, 0x6f, 0x0, 0xf6, 0x0,
    0xff, 0x8f, 0xff, 0xff, 0xff, 0xff, 0xff, 0xff,
    0xff, 0xff, 0xff, 0xff, 0xf8, 0xff, 0xff, 0x94,
    0x6f, 0x64, 0x8f, 0x44, 0xbb, 0x44, 0xff, 0xff,
    0x8f, 0xff, 0xf6, 0x2, 0xf2, 0x5, 0xf0, 0x8,
    0x80, 0xe, 0xff, 0xf8, 0xff, 0xff, 0x94, 0x6f,
    0x64, 0x8f, 0x44, 0xbb, 0x44, 0xff, 0xff, 0x8f,
    0xff, 0xff, 0xff, 0xff, 0xff, 0xff, 0xff, 0xff,
    0xff, 0xff, 0xf8, 0xff, 0x80, 0xf, 0x40, 0x0,
    0x0, 0x0, 0x0, 0xf6, 0x0, 0xff, 0x8f, 0xf8,
    0x0, 0xf4, 0x0, 0x0, 0x0, 0x0, 0xe, 0x50,
    0xf, 0xf8, 0xff, 0xc8, 0x8f, 0xa8, 0x88, 0x88,
    0x88, 0x88, 0xfb, 0x88, 0xff, 0x8e, 0xff, 0xff,
    0xff, 0xff, 0xff, 0xff, 0xff, 0xff, 0xff, 0xff,
    0xf6, 0x5e, 0xff, 0xff, 0xff, 0xff, 0xff, 0xff,
    0xff, 0xff, 0xff, 0xfb, 0x0,

    /* U+F124 "" */
    0x0, 0x0, 0x0, 0x0, 0x0, 0x0, 0x0, 0x0,
    0x0, 0x56, 0x0, 0x0, 0x0, 0x0, 0x0, 0x0,
    0x0, 0x0, 0x1, 0x7e, 0xff, 0xa0, 0x0, 0x0,
    0x0, 0x0, 0x0, 0x0, 0x1, 0x8f, 0xff, 0xff,
    0xf0, 0x0, 0x0, 0x0, 0x0, 0x0, 0x2, 0xaf,
    0xff, 0xff, 0xff, 0xa0, 0x0, 0x0, 0x0, 0x0,
    0x4, 0xbf, 0xff, 0xff, 0xff, 0xff, 0x30, 0x0,
    0x0, 0x0, 0x5, 0xcf, 0xff, 0xff, 0xff, 0xff,
    0xfb, 0x0, 0x0, 0x0, 0x6, 0xdf, 0xff, 0xff,
    0xff, 0xff, 0xff, 0xf4, 0x0, 0x0, 0x18, 0xef,
    0xff, 0xff, 0xff, 0xff, 0xff, 0xff, 0xd0, 0x0,
    0x5, 0xff, 0xff, 0xff, 0xff, 0xff, 0xff, 0xff,
    0xff, 0x50, 0x0, 0xe, 0xff, 0xff, 0xff, 0xff,
    0xff, 0xff, 0xff, 0xfe, 0x0, 0x0, 0xd, 0xff,
    0xff, 0xff, 0xff, 0xff, 0xff, 0xff, 0xf7, 0x0,
    0x0, 0x2, 0xac, 0xcc, 0xcc, 0xcd, 0xff, 0xff,
    0xff, 0xf0, 0x0, 0x0, 0x0, 0x0, 0x0, 0x0,
    0x4, 0xff, 0xff, 0xff, 0x80, 0x0, 0x0, 0x0,
    0x0, 0x0, 0x0, 0x4, 0xff, 0xff, 0xff, 0x10,
    0x0, 0x0, 0x0, 0x0, 0x0, 0x0, 0x4, 0xff,
    0xff, 0xf9, 0x0, 0x0, 0x0, 0x0, 0x0, 0x0,
    0x0, 0x4, 0xff, 0xff, 0xf2, 0x0, 0x0, 0x0,
    0x0, 0x0, 0x0, 0x0, 0x4, 0xff, 0xff, 0xb0,
    0x0, 0x0, 0x0, 0x0, 0x0, 0x0, 0x0, 0x4,
    0xff, 0xff, 0x30, 0x0, 0x0, 0x0, 0x0, 0x0,
    0x0, 0x0, 0x3, 0xff, 0xfc, 0x0, 0x0, 0x0,
    0x0, 0x0, 0x0, 0x0, 0x0, 0x0, 0xef, 0xf4,
    0x0, 0x0, 0x0, 0x0, 0x0, 0x0, 0x0, 0x0,
    0x0, 0x27, 0x30, 0x0, 0x0, 0x0, 0x0,

    /* U+F15B "" */
    0x24, 0x44, 0x44, 0x44, 0x30, 0x30, 0x0, 0xf,
    0xff, 0xff, 0xff, 0xfc, 0xf, 0x60, 0x0, 0xff,
    0xff, 0xff, 0xff, 0xc0, 0xff, 0x60, 0xf, 0xff,
    0xff, 0xff, 0xfc, 0xf, 0xff, 0x60, 0xff, 0xff,
    0xff, 0xff, 0xc0, 0xff, 0xff, 0x6f, 0xff, 0xff,
    0xff, 0xfc, 0xb, 0xbb, 0xbb, 0xff, 0xff, 0xff,
    0xff, 0xe1, 0x0, 0x0, 0xf, 0xff, 0xff, 0xff,
    0xff, 0xff, 0xff, 0xff, 0xff, 0xff, 0xff, 0xff,
    0xff, 0xff, 0xff, 0xff, 0xff, 0xff, 0xff, 0xff,
    0xff, 0xff, 0xff, 0xff, 0xff, 0xff, 0xff, 0xff,
    0xff, 0xff, 0xff, 0xff, 0xff, 0xff, 0xff, 0xff,
    0xff, 0xff, 0xff, 0xff, 0xff, 0xff, 0xff, 0xff,
    0xff, 0xff, 0xff, 0xff, 0xff, 0xff, 0xff, 0xff,
    0xff, 0xff, 0xff, 0xff, 0xff, 0xff, 0xff, 0xff,
    0xff, 0xff, 0xff, 0xff, 0xff, 0xff, 0xff, 0xff,
    0xff, 0xff, 0xff, 0xff, 0xff, 0xff, 0xff, 0xff,
    0xff, 0xff, 0xff, 0xff, 0xff, 0xff, 0xff, 0xff,
    0xff, 0xff, 0xff, 0xff, 0xff, 0xff, 0xff, 0xff,
    0xff, 0xff, 0xff, 0xff, 0xff, 0xff, 0x8b, 0xbb,
    0xbb, 0xbb, 0xbb, 0xbb, 0xbb, 0x80,

    /* U+F1EB "" */
    0x0, 0x0, 0x0, 0x0, 0x0, 0x23, 0x43, 0x20,
    0x0, 0x0, 0x0, 0x0, 0x0, 0x0, 0x0, 0x3,
    0x8c, 0xff, 0xff, 0xff, 0xfc, 0x83, 0x0, 0x0,
    0x0, 0x0, 0x0, 0x6d, 0xff, 0xff, 0xff, 0xff,
    0xff, 0xff, 0xfd, 0x60, 0x0, 0x0, 0x3, 0xdf,
    0xff, 0xff, 0xff, 0xfe, 0xff, 0xff, 0xff, 0xff,
    0xd3, 0x0, 0x8, 0xff, 0xff, 0xfb, 0x72, 0x0,
    0x0, 0x2, 0x7b, 0xff, 0xff, 0xf8, 0xa, 0xff,
    0xff, 0xa2, 0x0, 0x0, 0x0, 0x0, 0x0, 0x2,
    0xaf, 0xff, 0xfa, 0xbf, 0xfd, 0x30, 0x0, 0x0,
    0x0, 0x0, 0x0, 0x0, 0x0, 0x3d, 0xff, 0xb0,
    0xba, 0x10, 0x0, 0x5, 0x9d, 0xef, 0xed, 0x95,
    0x0, 0x0, 0x1a, 0xb0, 0x0, 0x0, 0x0, 0x6d,
    0xff, 0xff, 0xff, 0xff, 0xfd, 0x60, 0x0, 0x0,
    0x0, 0x0, 0x1, 0xbf, 0xff, 0xff, 0xff, 0xff,
    0xff, 0xff, 0xb1, 0x0, 0x0, 0x0, 0x0, 0x8f,
    0xff, 0xfa, 0x53, 0x23, 0x5a, 0xff, 0xff, 0x80,
    0x0, 0x0, 0x0, 0x0, 0xcf, 0xb1, 0x0, 0x0,
    0x0, 0x1, 0xbf, 0xc0, 0x0, 0x0, 0x0, 0x0,
    0x0, 0x40, 0x0, 0x0, 0x0, 0x0, 0x0, 0x40,
    0x0, 0x0, 0x0, 0x0, 0x0, 0x0, 0x0, 0x1,
    0x9d, 0x91, 0x0, 0x0, 0x0, 0x0, 0x0, 0x0,
    0x0, 0x0, 0x0, 0x0, 0xaf, 0xff, 0xa0, 0x0,
    0x0, 0x0, 0x0, 0x0, 0x0, 0x0, 0x0, 0x0,
    0xf, 0xff, 0xff, 0x0, 0x0, 0x0, 0x0, 0x0,
    0x0, 0x0, 0x0, 0x0, 0x0, 0xcf, 0xff, 0xc0,
    0x0, 0x0, 0x0, 0x0, 0x0, 0x0, 0x0, 0x0,
    0x0, 0x3, 0xef, 0xe3, 0x0, 0x0, 0x0, 0x0,
    0x0, 0x0, 0x0, 0x0, 0x0, 0x0, 0x0, 0x10,
    0x0, 0x0, 0x0, 0x0, 0x0, 0x0,

    /* U+F240 "" */
    0x17, 0x88, 0x88, 0x88, 0x88, 0x88, 0x88, 0x88,
    0x88, 0x88, 0x88, 0x60, 0xc, 0xff, 0xff, 0xff,
    0xff, 0xff, 0xff, 0xff, 0xff, 0xff, 0xff, 0xff,
    0x80, 0xff, 0xff, 0xff, 0xff, 0xff, 0xff, 0xff,
    0xff, 0xff, 0xff, 0xff, 0xfc, 0xf, 0xf8, 0x0,
    0x0, 0x0, 0x0, 0x0, 0x0, 0x0, 0x0, 0x0,
    0xcf, 0xfd, 0xff, 0x84, 0xff, 0xff, 0xff, 0xff,
    0xff, 0xff, 0xff, 0xff, 0xc, 0xff, 0xff, 0xf8,
    0x4f, 0xff, 0xff, 0xff, 0xff, 0xff, 0xff, 0xff,
    0xf0, 0x5b, 0xff, 0xff, 0x84, 0xff, 0xff, 0xff,
    0xff, 0xff, 0xff, 0xff, 0xff, 0x0, 0x8f, 0xff,
    0xf8, 0x4f, 0xff, 0xff, 0xff, 0xff, 0xff, 0xff,
    0xff, 0xf0, 0x8, 0xff, 0xff, 0x84, 0xff, 0xff,
    0xff, 0xff, 0xff, 0xff, 0xff, 0xff, 0xc, 0xff,
    0xff, 0xf8, 0x0, 0x0, 0x0, 0x0, 0x0, 0x0,
    0x0, 0x0, 0x0, 0xcf, 0xff, 0xff, 0xc8, 0x88,
    0x88, 0x88, 0x88, 0x88, 0x88, 0x88, 0x88, 0x8e,
    0xfd, 0x4e, 0xff, 0xff, 0xff, 0xff, 0xff, 0xff,
    0xff, 0xff, 0xff, 0xff, 0xff, 0xa0, 0x4e, 0xff,
    0xff, 0xff, 0xff, 0xff, 0xff, 0xff, 0xff, 0xff,
    0xff, 0xc2, 0x0,

    /* U+F241 "" */
    0x17, 0x88, 0x88, 0x88, 0x88, 0x88, 0x88, 0x88,
    0x88, 0x88, 0x88, 0x60, 0xc, 0xff, 0xff, 0xff,
    0xff, 0xff, 0xff, 0xff, 0xff, 0xff, 0xff, 0xff,
    0x80, 0xff, 0xff, 0xff, 0xff, 0xff, 0xff, 0xff,
    0xff, 0xff, 0xff, 0xff, 0xfc, 0xf, 0xf8, 0x0,
    0x0, 0x0, 0x0, 0x0, 0x0, 0x0, 0x0, 0x0,
    0xcf, 0xfd, 0xff, 0x81, 0xff, 0xff, 0xff, 0xff,
    0xff, 0xff, 0x60, 0x0, 0xc, 0xff, 0xff, 0xf8,
    0x1f, 0xff, 0xff, 0xff, 0xff, 0xff, 0xf6, 0x0,
    0x0, 0x5b, 0xff, 0xff, 0x81, 0xff, 0xff, 0xff,
    0xff, 0xff, 0xff, 0x60, 0x0, 0x0, 0x8f, 0xff,
    0xf8, 0x1f, 0xff, 0xff, 0xff, 0xff, 0xff, 0xf6,
    0x0, 0x0, 0x8, 0xff, 0xff, 0x81, 0xff, 0xff,
    0xff, 0xff, 0xff, 0xff, 0x60, 0x0, 0xc, 0xff,
    0xff, 0xf8, 0x0, 0x0, 0x0, 0x0, 0x0, 0x0,
    0x0, 0x0, 0x0, 0xcf, 0xff, 0xff, 0xc8, 0x88,
    0x88, 0x88, 0x88, 0x88, 0x88, 0x88, 0x88, 0x8e,
    0xfd, 0x4e, 0xff, 0xff, 0xff, 0xff, 0xff, 0xff,
    0xff, 0xff, 0xff, 0xff, 0xff, 0xa0, 0x4e, 0xff,
    0xff, 0xff, 0xff, 0xff, 0xff, 0xff, 0xff, 0xff,
    0xff, 0xc2, 0x0,

    /* U+F242 "" */
    0x17, 0x88, 0x88, 0x88, 0x88, 0x88, 0x88, 0x88,
    0x88, 0x88, 0x88, 0x60, 0xc, 0xff, 0xff, 0xff,
    0xff, 0xff, 0xff, 0xff, 0xff, 0xff, 0xff, 0xff,
    0x80, 0xff, 0xff, 0xff, 0xff, 0xff, 0xff, 0xff,
    0xff, 0xff, 0xff, 0xff, 0xfc, 0xf, 0xf8, 0x0,
    0x0, 0x0, 0x0, 0x0, 0x0, 0x0, 0x0, 0x0,
    0xcf, 0xfd, 0xff, 0x81, 0xff, 0xff, 0xff, 0xff,
    0xa0, 0x0, 0x0, 0x0, 0xc, 0xff, 0xff, 0xf8,
    0x1f, 0xff, 0xff, 0xff, 0xfa, 0x0, 0x0, 0x0,
    0x0, 0x5b, 0xff, 0xff, 0x81, 0xff, 0xff, 0xff,
    0xff, 0xa0, 0x0, 0x0, 0x0, 0x0, 0x8f, 0xff,
    0xf8, 0x1f, 0xff, 0xff, 0xff, 0xfa, 0x0, 0x0,
    0x0, 0x0, 0x8, 0xff, 0xff, 0x81, 0xff, 0xff,
    0xff, 0xff, 0xa0, 0x0, 0x0, 0x0, 0xc, 0xff,
    0xff, 0xf8, 0x0, 0x0, 0x0, 0x0, 0x0, 0x0,
    0x0, 0x0, 0x0, 0xcf, 0xff, 0xff, 0xc8, 0x88,
    0x88, 0x88, 0x88, 0x88, 0x88, 0x88, 0x88, 0x8e,
    0xfd, 0x4e, 0xff, 0xff, 0xff, 0xff, 0xff, 0xff,
    0xff, 0xff, 0xff, 0xff, 0xff, 0xa0, 0x4e, 0xff,
    0xff, 0xff, 0xff, 0xff, 0xff, 0xff, 0xff, 0xff,
    0xff, 0xc2, 0x0,

    /* U+F243 "" */
    0x17, 0x88, 0x88, 0x88, 0x88, 0x88, 0x88, 0x88,
    0x88, 0x88, 0x88, 0x60, 0xc, 0xff, 0xff, 0xff,
    0xff, 0xff, 0xff, 0xff, 0xff, 0xff, 0xff, 0xff,
    0x80, 0xff, 0xff, 0xff, 0xff, 0xff, 0xff, 0xff,
    0xff, 0xff, 0xff, 0xff, 0xfc, 0xf, 0xf8, 0x0,
    0x0, 0x0, 0x0, 0x0, 0x0, 0x0, 0x0, 0x0,
    0xcf, 0xfd, 0xff, 0x81, 0xff, 0xff, 0xe0, 0x0,
    0x0, 0x0, 0x0, 0x0, 0xc, 0xff, 0xff, 0xf8,
    0x1f, 0xff, 0xfe, 0x0, 0x0, 0x0, 0x0, 0x0,
    0x0, 0x5b, 0xff, 0xff, 0x81, 0xff, 0xff, 0xe0,
    0x0, 0x0, 0x0, 0x0, 0x0, 0x0, 0x8f, 0xff,
    0xf8, 0x1f, 0xff, 0xfe, 0x0, 0x0, 0x0, 0x0,
    0x0, 0x0, 0x8, 0xff, 0xff, 0x81, 0xff, 0xff,
    0xe0, 0x0, 0x0, 0x0, 0x0, 0x0, 0xc, 0xff,
    0xff, 0xf8, 0x0, 0x0, 0x0, 0x0, 0x0, 0x0,
    0x0, 0x0, 0x0, 0xcf, 0xff, 0xff, 0xc8, 0x88,
    0x88, 0x88, 0x88, 0x88, 0x88, 0x88, 0x88, 0x8e,
    0xfd, 0x4e, 0xff, 0xff, 0xff, 0xff, 0xff, 0xff,
    0xff, 0xff, 0xff, 0xff, 0xff, 0xa0, 0x4e, 0xff,
    0xff, 0xff, 0xff, 0xff, 0xff, 0xff, 0xff, 0xff,
    0xff, 0xc2, 0x0,

    /* U+F244 "" */
    0x17, 0x88, 0x88, 0x88, 0x88, 0x88, 0x88, 0x88,
    0x88, 0x88, 0x88, 0x60, 0xc, 0xff, 0xff, 0xff,
    0xff, 0xff, 0xff, 0xff, 0xff, 0xff, 0xff, 0xff,
    0x80, 0xff, 0xff, 0xff, 0xff, 0xff, 0xff, 0xff,
    0xff, 0xff, 0xff, 0xff, 0xfc, 0xf, 0xf8, 0x0,
    0x0, 0x0, 0x0, 0x0, 0x0, 0x0, 0x0, 0x0,
    0xcf, 0xfd, 0xff, 0x80, 0x0, 0x0, 0x0, 0x0,
    0x0, 0x0, 0x0, 0x0, 0xc, 0xff, 0xff, 0xf8,
    0x0, 0x0, 0x0, 0x0, 0x0, 0x0, 0x0, 0x0,
    0x0, 0x5b, 0xff, 0xff, 0x80, 0x0, 0x0, 0x0,
    0x0, 0x0, 0x0, 0x0, 0x0, 0x0, 0x8f, 0xff,
    0xf8, 0x0, 0x0, 0x0, 0x0, 0x0, 0x0, 0x0,
    0x0, 0x0, 0x8, 0xff, 0xff, 0x80, 0x0, 0x0,
    0x0, 0x0, 0x0, 0x0, 0x0, 0x0, 0xc, 0xff,
    0xff, 0xf8, 0x0, 0x0, 0x0, 0x0, 0x0, 0x0,
    0x0, 0x0, 0x0, 0xcf, 0xff, 0xff, 0xc8, 0x88,
    0x88, 0x88, 0x88, 0x88, 0x88, 0x88, 0x88, 0x8e,
    0xfd, 0x4e, 0xff, 0xff, 0xff, 0xff, 0xff, 0xff,
    0xff, 0xff, 0xff, 0xff, 0xff, 0xa0, 0x4e, 0xff,
    0xff, 0xff, 0xff, 0xff, 0xff, 0xff, 0xff, 0xff,
    0xff, 0xc2, 0x0,

    /* U+F287 "" */
    0x0, 0x0, 0x0, 0x0, 0x0, 0x0, 0x0, 0x10,
    0x0, 0x0, 0x0, 0x0, 0x0, 0x0, 0x0, 0x0,
    0x0, 0x0, 0x0, 0xc, 0xfe, 0x20, 0x0, 0x0,
    0x0, 0x0, 0x0, 0x0, 0x0, 0x0, 0x0, 0x7c,
    0xdf, 0xff, 0x90, 0x0, 0x0, 0x0, 0x0, 0x0,
    0x0, 0x0, 0x0, 0x9, 0xfb, 0xbf, 0xff, 0x90,
    0x0, 0x0, 0x0, 0x0, 0x0, 0x0, 0x0, 0x0,
    0x2f, 0x70, 0xa, 0xfc, 0x10, 0x0, 0x0, 0x0,
    0x0, 0x0, 0x32, 0x0, 0x0, 0x9e, 0x0, 0x0,
    0x0, 0x0, 0x0, 0x0, 0x0, 0x0, 0x2d, 0xff,
    0x90, 0x1, 0xf6, 0x0, 0x0, 0x0, 0x0, 0x0,
    0x1c, 0x30, 0x0, 0xcf, 0xff, 0xf6, 0x3c, 0xf3,
    0x33, 0x33, 0x33, 0x33, 0x33, 0x5f, 0xf9, 0x10,
    0xff, 0xff, 0xff, 0xff, 0xff, 0xff, 0xff, 0xff,
    0xff, 0xff, 0xff, 0xff, 0xd0, 0xcf, 0xff, 0xf6,
    0x33, 0x34, 0xed, 0x33, 0x33, 0x33, 0x33, 0x5f,
    0xfa, 0x10, 0x2d, 0xff, 0x90, 0x0, 0x0, 0x5f,
    0x30, 0x0, 0x0, 0x0, 0x1c, 0x30, 0x0, 0x0,
    0x32, 0x0, 0x0, 0x0, 0xd, 0xa0, 0x0, 0x0,
    0x0, 0x0, 0x0, 0x0, 0x0, 0x0, 0x0, 0x0,
    0x0, 0x6, 0xf3, 0xa, 0xff, 0xf7, 0x0, 0x0,
    0x0, 0x0, 0x0, 0x0, 0x0, 0x0, 0x0, 0xce,
    0xae, 0xff, 0xf8, 0x0, 0x0, 0x0, 0x0, 0x0,
    0x0, 0x0, 0x0, 0x0, 0x8, 0xbe, 0xff, 0xf8,
    0x0, 0x0, 0x0, 0x0, 0x0, 0x0, 0x0, 0x0,
    0x0, 0x0, 0xa, 0xff, 0xf7, 0x0, 0x0, 0x0,
    0x0, 0x0, 0x0, 0x0, 0x0, 0x0, 0x0, 0x1,
    0x22, 0x20, 0x0, 0x0, 0x0,

    /* U+F293 "" */
    0x0, 0x0, 0x0, 0x34, 0x31, 0x0, 0x0, 0x0,
    0x0, 0x3, 0xbf, 0xff, 0xff, 0xe7, 0x0, 0x0,
    0x0, 0x6f, 0xff, 0xfa, 0xff, 0xff, 0xb0, 0x0,
    0x4, 0xff, 0xff, 0xf1, 0x9f, 0xff, 0xf8, 0x0,
    0xd, 0xff, 0xff, 0xf1, 0xa, 0xff, 0xff, 0x10,
    0x3f, 0xff, 0xff, 0xf1, 0x0, 0xbf, 0xff, 0x60,
    0x7f, 0xfd, 0x8f, 0xf1, 0x66, 0xc, 0xff, 0xa0,
    0xaf, 0xf8, 0x7, 0xf1, 0x6f, 0x13, 0xff, 0xd0,
    0xcf, 0xff, 0x70, 0x61, 0x53, 0x1e, 0xff, 0xf0,
    0xdf, 0xff, 0xf7, 0x0, 0x1, 0xdf, 0xff, 0xf0,
    0xef, 0xff, 0xff, 0x60, 0xc, 0xff, 0xff, 0xf0,
    0xef, 0xff, 0xff, 0x30, 0x7, 0xff, 0xff, 0xf0,
    0xdf, 0xff, 0xf3, 0x0, 0x10, 0x8f, 0xff, 0xf0,
    0xcf, 0xff, 0x30, 0xb1, 0x67, 0x9, 0xff, 0xf0,
    0x9f, 0xf6, 0xb, 0xf2, 0x6e, 0x2, 0xff, 0xd0,
    0x6f, 0xff, 0xcf, 0xf2, 0x52, 0x2e, 0xff, 0xa0,
    0x1f, 0xff, 0xff, 0xf2, 0x2, 0xef, 0xff, 0x50,
    0x9, 0xff, 0xff, 0xf2, 0x2e, 0xff, 0xfe, 0x0,
    0x0, 0xdf, 0xff, 0xf4, 0xef, 0xff, 0xf5, 0x0,
    0x0, 0x1a, 0xff, 0xff, 0xff, 0xff, 0x60, 0x0,
    0x0, 0x0, 0x27, 0xab, 0xb9, 0x50, 0x0, 0x0,

    /* U+F2ED "" */
    0x0, 0x0, 0x2, 0xab, 0xbb, 0xb7, 0x0, 0x0,
    0x0, 0x57, 0x77, 0x7c, 0xff, 0xff, 0xff, 0x77,
    0x77, 0x72, 0xff, 0xff, 0xff, 0xff, 0xff, 0xff,
    0xff, 0xff, 0xf7, 0xef, 0xff, 0xff, 0xff, 0xff,
    0xff, 0xff, 0xff, 0xf6, 0x0, 0x0, 0x0, 0x0,
    0x0, 0x0, 0x0, 0x0, 0x0, 0x6, 0x88, 0x88,
    0x88, 0x88, 0x88, 0x88, 0x88, 0x20, 0xc, 0xff,
    0xff, 0xff, 0xff, 0xff, 0xff, 0xff, 0x40, 0xc,
    0xff, 0xff, 0xff, 0xff, 0xff, 0xff, 0xff, 0x40,
    0xc, 0xff, 0x77, 0xff, 0x3b, 0xfe, 0x1e, 0xff,
    0x40, 0xc, 0xff, 0x66, 0xff, 0x2a, 0xfe, 0xe,
    0xff, 0x40, 0xc, 0xff, 0x66, 0xff, 0x2a, 0xfe,
    0xe, 0xff, 0x40, 0xc, 0xff, 0x66, 0xff, 0x2a,
    0xfe, 0xe, 0xff, 0x40, 0xc, 0xff, 0x66, 0xff,
    0x2a, 0xfe, 0xe, 0xff, 0x40, 0xc, 0xff, 0x66,
    0xff, 0x2a, 0xfe, 0xe, 0xff, 0x40, 0xc, 0xff,
    0x66, 0xff, 0x2a, 0xfe, 0xe, 0xff, 0x40, 0xc,
    0xff, 0x66, 0xff, 0x2a, 0xfe, 0xe, 0xff, 0x40,
    0xc, 0xff, 0x66, 0xff, 0x2a, 0xfe, 0xe, 0xff,
    0x40, 0xc, 0xff, 0x77, 0xff, 0x3b, 0xfe, 0x1e,
    0xff, 0x40, 0xb, 0xff, 0xff, 0xff, 0xff, 0xff,
    0xff, 0xff, 0x30, 0x7, 0xff, 0xff, 0xff, 0xff,
    0xff, 0xff, 0xfe, 0x0, 0x0, 0x57, 0x88, 0x88,
    0x88, 0x88, 0x88, 0x72, 0x0,

    /* U+F304 "" */
    0x0, 0x0, 0x0, 0x0, 0x0, 0x0, 0x0, 0x1,
    0x64, 0x0, 0x0, 0x0, 0x0, 0x0, 0x0, 0x0,
    0x0, 0x1, 0xdf, 0xf8, 0x0, 0x0, 0x0, 0x0,
    0x0, 0x0, 0x0, 0x1, 0xef, 0xff, 0xf8, 0x0,
    0x0, 0x0, 0x0, 0x0, 0x0, 0x0, 0x7f, 0xff,
    0xff, 0xf8, 0x0, 0x0, 0x0, 0x0, 0x0, 0x1,
    0x90, 0x8f, 0xff, 0xff, 0xf0, 0x0, 0x0, 0x0,
    0x0, 0x1, 0xef, 0xb0, 0x8f, 0xff, 0xfc, 0x0,
    0x0, 0x0, 0x0, 0x1, 0xef, 0xff, 0xb0, 0x8f,
    0xfe, 0x20, 0x0, 0x0, 0x0, 0x1, 0xef, 0xff,
    0xff, 0xb0, 0x8e, 0x10, 0x0, 0x0, 0x0, 0x1,
    0xef, 0xff, 0xff, 0xff, 0xb0, 0x10, 0x0, 0x0,
    0x0, 0x1, 0xef, 0xff, 0xff, 0xff, 0xfe, 0x10,
    0x0, 0x0, 0x0, 0x1, 0xef, 0xff, 0xff, 0xff,
    0xfe, 0x20, 0x0, 0x0, 0x0, 0x1, 0xef, 0xff,
    0xff, 0xff, 0xfe, 0x20, 0x0, 0x0, 0x0, 0x1,
    0xef, 0xff, 0xff, 0xff, 0xfe, 0x20, 0x0, 0x0,
    0x0, 0x1, 0xef, 0xff, 0xff, 0xff, 0xfe, 0x20,
    0x0, 0x0, 0x0, 0x1, 0xef, 0xff, 0xff, 0xff,
    0xfe, 0x20, 0x0, 0x0, 0x0, 0x0, 0x8f, 0xff,
    0xff, 0xff, 0xfe, 0x20, 0x0, 0x0, 0x0, 0x0,
    0xa, 0xff, 0xff, 0xff, 0xfe, 0x20, 0x0, 0x0,
    0x0, 0x0, 0x0, 0xcf, 0xff, 0xff, 0xfe, 0x20,
    0x0, 0x0, 0x0, 0x0, 0x0, 0xe, 0xff, 0xff,
    0xfe, 0x20, 0x0, 0x0, 0x0, 0x0, 0x0, 0x0,
    0xff, 0xff, 0xfe, 0x20, 0x0, 0x0, 0x0, 0x0,
    0x0, 0x0, 0x5, 0x75, 0x31, 0x0, 0x0, 0x0,
    0x0, 0x0, 0x0, 0x0, 0x0,

    /* U+F55A "" */
    0x0, 0x0, 0x0, 0x6e, 0xff, 0xff, 0xff, 0xff,
    0xff, 0xff, 0xff, 0xfb, 0x20, 0x0, 0x0, 0x8f,
    0xff, 0xff, 0xff, 0xff, 0xff, 0xff, 0xff, 0xff,
    0xfb, 0x0, 0x0, 0x8f, 0xff, 0xff, 0xff, 0xff,
    0xff, 0xff, 0xff, 0xff, 0xff, 0xf0, 0x0, 0x8f,
    0xff, 0xff, 0xff, 0x85, 0xff, 0xff, 0x58, 0xff,
    0xff, 0xff, 0x0, 0x8f, 0xff, 0xff, 0xff, 0xb0,
    0x4, 0xff, 0x40, 0xb, 0xff, 0xff, 0xf0, 0x8f,
    0xff, 0xff, 0xff, 0xff, 0x40, 0x4, 0x40, 0x4,
    0xff, 0xff, 0xff, 0x8f, 0xff, 0xff, 0xff, 0xff,
    0xff, 0x40, 0x0, 0x4, 0xff, 0xff, 0xff, 0xff,
    0xff, 0xff, 0xff, 0xff, 0xff, 0xfe, 0x10, 0x0,
    0xef, 0xff, 0xff, 0xff, 0x8f, 0xff, 0xff, 0xff,
    0xff, 0xff, 0x40, 0x0, 0x4, 0xff, 0xff, 0xff,
    0xf0, 0x8f, 0xff, 0xff, 0xff, 0xff, 0x40, 0x4,
    0x40, 0x4, 0xff, 0xff, 0xff, 0x0, 0x8f, 0xff,
    0xff, 0xff, 0xb0, 0x4, 0xff, 0x40, 0xb, 0xff,
    0xff, 0xf0, 0x0, 0x8f, 0xff, 0xff, 0xff, 0x85,
    0xff, 0xff, 0x58, 0xff, 0xff, 0xff, 0x0, 0x0,
    0x8f, 0xff, 0xff, 0xff, 0xff, 0xff, 0xff, 0xff,
    0xff, 0xff, 0xf0, 0x0, 0x0, 0x8f, 0xff, 0xff,
    0xff, 0xff, 0xff, 0xff, 0xff, 0xff, 0xfb, 0x0,
    0x0, 0x0, 0x6e, 0xff, 0xff, 0xff, 0xff, 0xff,
    0xff, 0xff, 0xfc, 0x20,

    /* U+F7C2 "" */
    0x0, 0x0, 0x28, 0x88, 0x88, 0x88, 0x73, 0x0,
    0x0, 0x2e, 0xff, 0xff, 0xff, 0xff, 0xf6, 0x0,
    0x1d, 0xff, 0xff, 0xff, 0xff, 0xff, 0xe0, 0x1d,
    0xf6, 0xe, 0x50, 0xd6, 0x8, 0xff, 0x1d, 0xff,
    0x60, 0xe5, 0xd, 0x60, 0x8f, 0xfc, 0xff, 0xf6,
    0xe, 0x50, 0xd6, 0x8, 0xff, 0xff, 0xff, 0x60,
    0xe5, 0xd, 0x60, 0x8f, 0xff, 0xff, 0xff, 0xff,
    0xff, 0xff, 0xff, 0xff, 0xff, 0xff, 0xff, 0xff,
    0xff, 0xff, 0xff, 0xff, 0xff, 0xff, 0xff, 0xff,
    0xff, 0xff, 0xff, 0xff, 0xff, 0xff, 0xff, 0xff,
    0xff, 0xff, 0xff, 0xff, 0xff, 0xff, 0xff, 0xff,
    0xff, 0xff, 0xff, 0xff, 0xff, 0xff, 0xff, 0xff,
    0xff, 0xff, 0xff, 0xff, 0xff, 0xff, 0xff, 0xff,
    0xff, 0xff, 0xff, 0xff, 0xff, 0xff, 0xff, 0xff,
    0xff, 0xff, 0xff, 0xff, 0xff, 0xff, 0xff, 0xff,
    0xff, 0xff, 0xff, 0xff, 0xff, 0xff, 0xff, 0xff,
    0xff, 0xff, 0xff, 0xff, 0xff, 0xff, 0xff, 0xff,
    0xff, 0xff, 0xff, 0xff, 0xff, 0xff, 0xe9, 0xff,
    0xff, 0xff, 0xff, 0xff, 0xff, 0xf8, 0x7, 0xab,
    0xbb, 0xbb, 0xbb, 0xbb, 0xa6, 0x0,

    /* U+F8A2 "" */
    0x0, 0x0, 0x0, 0x0, 0x0, 0x0, 0x0, 0x0,
    0x0, 0x7, 0x0, 0x0, 0x0, 0x0, 0x0, 0x0,
    0x0, 0x0, 0x0, 0xa, 0xf1, 0x0, 0x0, 0x1,
    0x0, 0x0, 0x0, 0x0, 0x0, 0xa, 0xff, 0x10,
    0x0, 0xa, 0xf3, 0x0, 0x0, 0x0, 0x0, 0x0,
    0xff, 0xf1, 0x0, 0xb, 0xff, 0x50, 0x0, 0x0,
    0x0, 0x0, 0xf, 0xff, 0x10, 0xc, 0xff, 0xf5,
    0x0, 0x0, 0x0, 0x0, 0x0, 0xff, 0xf1, 0x1c,
    0xff, 0xff, 0xcb, 0xbb, 0xbb, 0xbb, 0xbb, 0xbf,
    0xff, 0x1c, 0xff, 0xff, 0xff, 0xff, 0xff, 0xff,
    0xff, 0xff, 0xff, 0xf1, 0x9f, 0xff, 0xff, 0xff,
    0xff, 0xff, 0xff, 0xff, 0xff, 0xff, 0x0, 0x9f,
    0xff, 0xf9, 0x66, 0x66, 0x66, 0x66, 0x66, 0x66,
    0x40, 0x0, 0x8f, 0xff, 0x50, 0x0, 0x0, 0x0,
    0x0, 0x0, 0x0, 0x0, 0x0, 0x7f, 0xf5, 0x0,
    0x0, 0x0, 0x0, 0x0, 0x0, 0x0, 0x0, 0x0,
    0x5c, 0x10, 0x0, 0x0, 0x0, 0x0, 0x0, 0x0,
    0x0
};


/*---------------------
 *  GLYPH DESCRIPTION
 *--------------------*/

static const lv_font_fmt_txt_glyph_dsc_t glyph_dsc[] = {
    {.bitmap_index = 0, .adv_w = 0, .box_w = 0, .box_h = 0, .ofs_x = 0, .ofs_y = 0} /* id = 0 reserved */,
    {.bitmap_index = 0, .adv_w = 73, .box_w = 0, .box_h = 0, .ofs_x = 0, .ofs_y = 0},
    {.bitmap_index = 0, .adv_w = 118, .box_w = 5, .box_h = 15, .ofs_x = 1, .ofs_y = 0},
    {.bitmap_index = 38, .adv_w = 184, .box_w = 9, .box_h = 8, .ofs_x = 1, .ofs_y = 9},
    {.bitmap_index = 74, .adv_w = 189, .box_w = 12, .box_h = 15, .ofs_x = 0, .ofs_y = 0},
    {.bitmap_index = 164, .adv_w = 189, .box_w = 11, .box_h = 20, .ofs_x = 0, .ofs_y = -3},
    {.bitmap_index = 274, .adv_w = 308, .box_w = 19, .box_h = 15, .ofs_x = 0, .ofs_y = 0},
    {.bitmap_index = 417, .adv_w = 237, .box_w = 15, .box_h = 15, .ofs_x = 0, .ofs_y = 0},
    {.bitmap_index = 530, .adv_w = 104, .box_w = 4, .box_h = 8, .ofs_x = 1, .ofs_y = 9},
    {.bitmap_index = 546, .adv_w = 121, .box_w = 6, .box_h = 23, .ofs_x = 1, .ofs_y = -5},
    {.bitmap_index = 615, .adv_w = 121, .box_w = 5, .box_h = 23, .ofs_x = 1, .ofs_y = -5},
    {.bitmap_index = 673, .adv_w = 162, .box_w = 9, .box_h = 9, .ofs_x = 1, .ofs_y = 8},
    {.bitmap_index = 714, .adv_w = 189, .box_w = 12, .box_h = 12, .ofs_x = 0, .ofs_y = 2},
    {.bitmap_index = 786, .adv_w = 104, .box_w = 5, .box_h = 9, .ofs_x = 1, .ofs_y = -5},
    {.bitmap_index = 809, .adv_w = 118, .box_w = 7, .box_h = 3, .ofs_x = 0, .ofs_y = 5},
    {.bitmap_index = 820, .adv_w = 104, .box_w = 5, .box_h = 5, .ofs_x = 1, .ofs_y = 0},
    {.bitmap_index = 833, .adv_w = 124, .box_w = 8, .box_h = 21, .ofs_x = 0, .ofs_y = -4},
    {.bitmap_index = 917, .adv_w = 189, .box_w = 11, .box_h = 15, .ofs_x = 0, .ofs_y = 0},
    {.bitmap_index = 1000, .adv_w = 189, .box_w = 10, .box_h = 15, .ofs_x = 1, .ofs_y = 0},
    {.bitmap_index = 1075, .adv_w = 189, .box_w = 11, .box_h = 15, .ofs_x = 0, .ofs_y = 0},
    {.bitmap_index = 1158, .adv_w = 189, .box_w = 11, .box_h = 15, .ofs_x = 0, .ofs_y = 0},
    {.bitmap_index = 1241, .adv_w = 189, .box_w = 12, .box_h = 15, .ofs_x = 0, .ofs_y = 0},
    {.bitmap_index = 1331, .adv_w = 189, .box_w = 11, .box_h = 15, .ofs_x = 0, .ofs_y = 0},
    {.bitmap_index = 1414, .adv_w = 189, .box_w = 10, .box_h = 15, .ofs_x = 1, .ofs_y = 0},
    {.bitmap_index = 1489, .adv_w = 189, .box_w = 10, .box_h = 15, .ofs_x = 1, .ofs_y = 0},
    {.bitmap_index = 1564, .adv_w = 189, .box_w = 11, .box_h = 15, .ofs_x = 0, .ofs_y = 0},
    {.bitmap_index = 1647, .adv_w = 189, .box_w = 11, .box_h = 15, .ofs_x = 0, .ofs_y = 0},
    {.bitmap_index = 1730, .adv_w = 104, .box_w = 5, .box_h = 12, .ofs_x = 1, .ofs_y = 0},
    {.bitmap_index = 1760, .adv_w = 104, .box_w = 5, .box_h = 17, .ofs_x = 1, .ofs_y = -5},
    {.bitmap_index = 1803, .adv_w = 189, .box_w = 12, .box_h = 12, .ofs_x = 0, .ofs_y = 2},
    {.bitmap_index = 1875, .adv_w = 189, .box_w = 12, .box_h = 8, .ofs_x = 0, .ofs_y = 4},
    {.bitmap_index = 1923, .adv_w = 189, .box_w = 12, .box_h = 12, .ofs_x = 0, .ofs_y = 2},
    {.bitmap_index = 1995, .adv_w = 164, .box_w = 10, .box_h = 15, .ofs_x = 0, .ofs_y = 0},
    {.bitmap_index = 2070, .adv_w = 322, .box_w = 18, .box_h = 20, .ofs_x = 1, .ofs_y = -5},
    {.bitmap_index = 2250, .adv_w = 205, .box_w = 14, .box_h = 15, .ofs_x = -1, .ofs_y = 0},
    {.bitmap_index = 2355, .adv_w = 218, .box_w = 12, .box_h = 15, .ofs_x = 1, .ofs_y = 0},
    {.bitmap_index = 2445, .adv_w = 210, .box_w = 12, .box_h = 15, .ofs_x = 1, .ofs_y = 0},
    {.bitmap_index = 2535, .adv_w = 228, .box_w = 13, .box_h = 15, .ofs_x = 1, .ofs_y = 0},
    {.bitmap_index = 2633, .adv_w = 197, .box_w = 11, .box_h = 15, .ofs_x = 1, .ofs_y = 0},
    {.bitmap_index = 2716, .adv_w = 187, .box_w = 10, .box_h = 15, .ofs_x = 1, .ofs_y = 0},
    {.bitmap_index = 2791, .adv_w = 229, .box_w = 12, .box_h = 15, .ofs_x = 1, .ofs_y = 0},
    {.bitmap_index = 2881, .adv_w = 242, .box_w = 13, .box_h = 15, .ofs_x = 1, .ofs_y = 0},
    {.bitmap_index = 2979, .adv_w = 106, .box_w = 4, .box_h = 15, .ofs_x = 1, .ofs_y = 0},
    {.bitmap_index = 3009, .adv_w = 182, .box_w = 10, .box_h = 15, .ofs_x = 0, .ofs_y = 0},
    {.bitmap_index = 3084, .adv_w = 220, .box_w = 13, .box_h = 15, .ofs_x = 1, .ofs_y = 0},
    {.bitmap_index = 3182, .adv_w = 185, .box_w = 10, .box_h = 15, .ofs_x = 1, .ofs_y = 0},
    {.bitmap_index = 3257, .adv_w = 273, .box_w = 15, .box_h = 15, .ofs_x = 1, .ofs_y = 0},
    {.bitmap_index = 3370, .adv_w = 240, .box_w = 13, .box_h = 15, .ofs_x = 1, .ofs_y = 0},
    {.bitmap_index = 3468, .adv_w = 246, .box_w = 14, .box_h = 15, .ofs_x = 1, .ofs_y = 0},
    {.bitmap_index = 3573, .adv_w = 213, .box_w = 12, .box_h = 15, .ofs_x = 1, .ofs_y = 0},
    {.bitmap_index = 3663, .adv_w = 246, .box_w = 14, .box_h = 19, .ofs_x = 1, .ofs_y = -4},
    {.bitmap_index = 3796, .adv_w = 218, .box_w = 13, .box_h = 15, .ofs_x = 1, .ofs_y = 0},
    {.bitmap_index = 3894, .adv_w = 200, .box_w = 12, .box_h = 15, .ofs_x = 0, .ofs_y = 0},
    {.bitmap_index = 3984, .adv_w = 200, .box_w = 12, .box_h = 15, .ofs_x = 0, .ofs_y = 0},
    {.bitmap_index = 4074, .adv_w = 239, .box_w = 13, .box_h = 15, .ofs_x = 1, .ofs_y = 0},
    {.bitmap_index = 4172, .adv_w = 198, .box_w = 14, .box_h = 15, .ofs_x = -1, .ofs_y = 0},
    {.bitmap_index = 4277, .adv_w = 293, .box_w = 18, .box_h = 15, .ofs_x = 0, .ofs_y = 0},
    {.bitmap_index = 4412, .adv_w = 201, .box_w = 13, .box_h = 15, .ofs_x = 0, .ofs_y = 0},
    {.bitmap_index = 4510, .adv_w = 186, .box_w = 13, .box_h = 15, .ofs_x = -1, .ofs_y = 0},
    {.bitmap_index = 4608, .adv_w = 196, .box_w = 12, .box_h = 15, .ofs_x = 0, .ofs_y = 0},
    {.bitmap_index = 4698, .adv_w = 121, .box_w = 5, .box_h = 21, .ofs_x = 2, .ofs_y = -4},
    {.bitmap_index = 4751, .adv_w = 124, .box_w = 8, .box_h = 21, .ofs_x = 0, .ofs_y = -4},
    {.bitmap_index = 4835, .adv_w = 121, .box_w = 6, .box_h = 21, .ofs_x = 0, .ofs_y = -4},
    {.bitmap_index = 4898, .adv_w = 189, .box_w = 10, .box_h = 10, .ofs_x = 1, .ofs_y = 7},
    {.bitmap_index = 4948, .adv_w = 181, .box_w = 12, .box_h = 2, .ofs_x = 0, .ofs_y = -3},
    {.bitmap_index = 4960, .adv_w = 200, .box_w = 6, .box_h = 7, .ofs_x = 2, .ofs_y = 13},
    {.bitmap_index = 4981, .adv_w = 189, .box_w = 10, .box_h = 12, .ofs_x = 1, .ofs_y = 0},
    {.bitmap_index = 5041, .adv_w = 206, .box_w = 11, .box_h = 17, .ofs_x = 1, .ofs_y = 0},
    {.bitmap_index = 5135, .adv_w = 169, .box_w = 10, .box_h = 12, .ofs_x = 0, .ofs_y = 0},
    {.bitmap_index = 5195, .adv_w = 206, .box_w = 12, .box_h = 17, .ofs_x = 0, .ofs_y = 0},
    {.bitmap_index = 5297, .adv_w = 186, .box_w = 11, .box_h = 12, .ofs_x = 0, .ofs_y = 0},
    {.bitmap_index = 5363, .adv_w = 119, .box_w = 9, .box_h = 17, .ofs_x = 0, .ofs_y = 0},
    {.bitmap_index = 5440, .adv_w = 191, .box_w = 12, .box_h = 16, .ofs_x = 0, .ofs_y = -4},
    {.bitmap_index = 5536, .adv_w = 205, .box_w = 11, .box_h = 17, .ofs_x = 1, .ofs_y = 0},
    {.bitmap_index = 5630, .adv_w = 97, .box_w = 4, .box_h = 17, .ofs_x = 1, .ofs_y = 0},
    {.bitmap_index = 5664, .adv_w = 98, .box_w = 7, .box_h = 21, .ofs_x = -2, .ofs_y = -4},
    {.bitmap_index = 5738, .adv_w = 193, .box_w = 11, .box_h = 17, .ofs_x = 1, .ofs_y = 0},
    {.bitmap_index = 5832, .adv_w = 101, .box_w = 5, .box_h = 17, .ofs_x = 1, .ofs_y = 0},
    {.bitmap_index = 5875, .adv_w = 308, .box_w = 17, .box_h = 12, .ofs_x = 1, .ofs_y = 0},
    {.bitmap_index = 5977, .adv_w = 205, .box_w = 11, .box_h = 12, .ofs_x = 1, .ofs_y = 0},
    {.bitmap_index = 6043, .adv_w = 200, .box_w = 12, .box_h = 12, .ofs_x = 0, .ofs_y = 0},
    {.bitmap_index = 6115, .adv_w = 206, .box_w = 11, .box_h = 16, .ofs_x = 1, .ofs_y = -4},
    {.bitmap_index = 6203, .adv_w = 206, .box_w = 12, .box_h = 16, .ofs_x = 0, .ofs_y = -4},
    {.bitmap_index = 6299, .adv_w = 140, .box_w = 8, .box_h = 12, .ofs_x = 1, .ofs_y = 0},
    {.bitmap_index = 6347, .adv_w = 158, .box_w = 10, .box_h = 12, .ofs_x = 0, .ofs_y = 0},
    {.bitmap_index = 6407, .adv_w = 135, .box_w = 9, .box_h = 15, .ofs_x = 0, .ofs_y = 0},
    {.bitmap_index = 6475, .adv_w = 204, .box_w = 11, .box_h = 12, .ofs_x = 1, .ofs_y = 0},
    {.bitmap_index = 6541, .adv_w = 184, .box_w = 12, .box_h = 12, .ofs_x = 0, .ofs_y = 0},
    {.bitmap_index = 6613, .adv_w = 276, .box_w = 17, .box_h = 12, .ofs_x = 0, .ofs_y = 0},
    {.bitmap_index = 6715, .adv_w = 180, .box_w = 11, .box_h = 12, .ofs_x = 0, .ofs_y = 0},
    {.bitmap_index = 6781, .adv_w = 184, .box_w = 12, .box_h = 16, .ofs_x = 0, .ofs_y = -4},
    {.bitmap_index = 6877, .adv_w = 164, .box_w = 10, .box_h = 12, .ofs_x = 0, .ofs_y = 0},
    {.bitmap_index = 6937, .adv_w = 121, .box_w = 7, .box_h = 21, .ofs_x = 0, .ofs_y = -4},
    {.bitmap_index = 7011, .adv_w = 95, .box_w = 2, .box_h = 24, .ofs_x = 2, .ofs_y = -6},
    {.bitmap_index = 7035, .adv_w = 121, .box_w = 7, .box_h = 21, .ofs_x = 0, .ofs_y = -4},
    {.bitmap_index = 7109, .adv_w = 189, .box_w = 12, .box_h = 4, .ofs_x = 0, .ofs_y = 6},
    {.bitmap_index = 7133, .adv_w = 320, .box_w = 20, .box_h = 18, .ofs_x = 0, .ofs_y = -1},
    {.bitmap_index = 7313, .adv_w = 320, .box_w = 20, .box_h = 20, .ofs_x = 0, .ofs_y = -2},
    {.bitmap_index = 7513, .adv_w = 320, .box_w = 20, .box_h = 19, .ofs_x = 0, .ofs_y = -2},
    {.bitmap_index = 7703, .adv_w = 320, .box_w = 20, .box_h = 19, .ofs_x = 0, .ofs_y = -2},
    {.bitmap_index = 7893, .adv_w = 320, .box_w = 20, .box_h = 19, .ofs_x = 0, .ofs_y = -2},
    {.bitmap_index = 8083, .adv_w = 320, .box_w = 20, .box_h = 20, .ofs_x = 0, .ofs_y = -3},
    {.bitmap_index = 8283, .adv_w = 320, .box_w = 20, .box_h = 21, .ofs_x = 0, .ofs_y = -3},
    {.bitmap_index = 8493, .adv_w = 320, .box_w = 20, .box_h = 15, .ofs_x = 0, .ofs_y = 0},
    {.bitmap_index = 8643, .adv_w = 320, .box_w = 20, .box_h = 19, .ofs_x = 0, .ofs_y = -2},
    {.bitmap_index = 8833, .adv_w = 320, .box_w = 20, .box_h = 15, .ofs_x = 0, .ofs_y = 0},
    {.bitmap_index = 8983, .adv_w = 220, .box_w = 14, .box_h = 15, .ofs_x = 0, .ofs_y = 0},
    {.bitmap_index = 9088, .adv_w = 320, .box_w = 20, .box_h = 21, .ofs_x = 0, .ofs_y = -3},
    {.bitmap_index = 9298, .adv_w = 320, .box_w = 20, .box_h = 21, .ofs_x = 0, .ofs_y = -3},
    {.bitmap_index = 9508, .adv_w = 360, .box_w = 23, .box_h = 19, .ofs_x = 0, .ofs_y = -2},
    {.bitmap_index = 9727, .adv_w = 320, .box_w = 20, .box_h = 21, .ofs_x = 0, .ofs_y = -3},
    {.bitmap_index = 9937, .adv_w = 360, .box_w = 23, .box_h = 15, .ofs_x = 0, .ofs_y = 0},
    {.bitmap_index = 10110, .adv_w = 320, .box_w = 20, .box_h = 21, .ofs_x = 0, .ofs_y = -3},
    {.bitmap_index = 10320, .adv_w = 160, .box_w = 10, .box_h = 16, .ofs_x = 0, .ofs_y = 0},
    {.bitmap_index = 10400, .adv_w = 240, .box_w = 15, .box_h = 16, .ofs_x = 0, .ofs_y = -1},
    {.bitmap_index = 10520, .adv_w = 360, .box_w = 23, .box_h = 19, .ofs_x = 0, .ofs_y = -2},
    {.bitmap_index = 10739, .adv_w = 320, .box_w = 20, .box_h = 15, .ofs_x = 0, .ofs_y = 0},
    {.bitmap_index = 10889, .adv_w = 220, .box_w = 14, .box_h = 21, .ofs_x = 0, .ofs_y = -3},
    {.bitmap_index = 11036, .adv_w = 280, .box_w = 13, .box_h = 19, .ofs_x = 2, .ofs_y = -2},
    {.bitmap_index = 11160, .adv_w = 280, .box_w = 18, .box_h = 21, .ofs_x = 0, .ofs_y = -3},
    {.bitmap_index = 11349, .adv_w = 280, .box_w = 18, .box_h = 19, .ofs_x = 0, .ofs_y = -2},
    {.bitmap_index = 11520, .adv_w = 280, .box_w = 18, .box_h = 19, .ofs_x = 0, .ofs_y = -2},
    {.bitmap_index = 11691, .adv_w = 280, .box_w = 13, .box_h = 19, .ofs_x = 2, .ofs_y = -2},
    {.bitmap_index = 11815, .adv_w = 280, .box_w = 19, .box_h = 19, .ofs_x = -1, .ofs_y = -2},
    {.bitmap_index = 11996, .adv_w = 200, .box_w = 11, .box_h = 19, .ofs_x = 1, .ofs_y = -2},
    {.bitmap_index = 12101, .adv_w = 200, .box_w = 11, .box_h = 19, .ofs_x = 1, .ofs_y = -2},
    {.bitmap_index = 12206, .adv_w = 280, .box_w = 18, .box_h = 19, .ofs_x = 0, .ofs_y = -2},
    {.bitmap_index = 12377, .adv_w = 280, .box_w = 18, .box_h = 5, .ofs_x = 0, .ofs_y = 5},
    {.bitmap_index = 12422, .adv_w = 360, .box_w = 23, .box_h = 15, .ofs_x = 0, .ofs_y = 0},
    {.bitmap_index = 12595, .adv_w = 400, .box_w = 26, .box_h = 21, .ofs_x = -1, .ofs_y = -3},
    {.bitmap_index = 12868, .adv_w = 360, .box_w = 24, .box_h = 21, .ofs_x = -1, .ofs_y = -3},
    {.bitmap_index = 13120, .adv_w = 320, .box_w = 20, .box_h = 19, .ofs_x = 0, .ofs_y = -2},
    {.bitmap_index = 13310, .adv_w = 280, .box_w = 18, .box_h = 11, .ofs_x = 0, .ofs_y = 2},
    {.bitmap_index = 13409, .adv_w = 280, .box_w = 18, .box_h = 11, .ofs_x = 0, .ofs_y = 2},
    {.bitmap_index = 13508, .adv_w = 400, .box_w = 26, .box_h = 16, .ofs_x = 0, .ofs_y = -1},
    {.bitmap_index = 13716, .adv_w = 320, .box_w = 20, .box_h = 15, .ofs_x = 0, .ofs_y = 0},
    {.bitmap_index = 13866, .adv_w = 320, .box_w = 20, .box_h = 21, .ofs_x = 0, .ofs_y = -3},
    {.bitmap_index = 14076, .adv_w = 320, .box_w = 21, .box_h = 21, .ofs_x = -1, .ofs_y = -3},
    {.bitmap_index = 14297, .adv_w = 280, .box_w = 18, .box_h = 19, .ofs_x = 0, .ofs_y = -2},
    {.bitmap_index = 14468, .adv_w = 280, .box_w = 18, .box_h = 21, .ofs_x = 0, .ofs_y = -3},
    {.bitmap_index = 14657, .adv_w = 280, .box_w = 18, .box_h = 19, .ofs_x = 0, .ofs_y = -2},
    {.bitmap_index = 14828, .adv_w = 280, .box_w = 18, .box_h = 17, .ofs_x = 0, .ofs_y = -1},
    {.bitmap_index = 14981, .adv_w = 320, .box_w = 20, .box_h = 15, .ofs_x = 0, .ofs_y = 0},
    {.bitmap_index = 15131, .adv_w = 200, .box_w = 14, .box_h = 21, .ofs_x = -1, .ofs_y = -3},
    {.bitmap_index = 15278, .adv_w = 280, .box_w = 18, .box_h = 21, .ofs_x = 0, .ofs_y = -3},
    {.bitmap_index = 15467, .adv_w = 280, .box_w = 18, .box_h = 21, .ofs_x = 0, .ofs_y = -3},
    {.bitmap_index = 15656, .adv_w = 360, .box_w = 23, .box_h = 15, .ofs_x = 0, .ofs_y = 0},
    {.bitmap_index = 15829, .adv_w = 320, .box_w = 22, .box_h = 21, .ofs_x = -1, .ofs_y = -3},
    {.bitmap_index = 16060, .adv_w = 240, .box_w = 15, .box_h = 21, .ofs_x = 0, .ofs_y = -3},
    {.bitmap_index = 16218, .adv_w = 400, .box_w = 25, .box_h = 19, .ofs_x = 0, .ofs_y = -2},
    {.bitmap_index = 16456, .adv_w = 400, .box_w = 25, .box_h = 13, .ofs_x = 0, .ofs_y = 1},
    {.bitmap_index = 16619, .adv_w = 400, .box_w = 25, .box_h = 13, .ofs_x = 0, .ofs_y = 1},
    {.bitmap_index = 16782, .adv_w = 400, .box_w = 25, .box_h = 13, .ofs_x = 0, .ofs_y = 1},
    {.bitmap_index = 16945, .adv_w = 400, .box_w = 25, .box_h = 13, .ofs_x = 0, .ofs_y = 1},
    {.bitmap_index = 17108, .adv_w = 400, .box_w = 25, .box_h = 13, .ofs_x = 0, .ofs_y = 1},
    {.bitmap_index = 17271, .adv_w = 400, .box_w = 26, .box_h = 17, .ofs_x = 0, .ofs_y = -1},
    {.bitmap_index = 17492, .adv_w = 280, .box_w = 16, .box_h = 21, .ofs_x = 1, .ofs_y = -3},
    {.bitmap_index = 17660, .adv_w = 280, .box_w = 18, .box_h = 21, .ofs_x = 0, .ofs_y = -3},
    {.bitmap_index = 17849, .adv_w = 320, .box_w = 21, .box_h = 21, .ofs_x = -1, .ofs_y = -3},
    {.bitmap_index = 18070, .adv_w = 400, .box_w = 25, .box_h = 15, .ofs_x = 0, .ofs_y = 0},
    {.bitmap_index = 18258, .adv_w = 240, .box_w = 15, .box_h = 21, .ofs_x = 0, .ofs_y = -3},
    {.bitmap_index = 18416, .adv_w = 322, .box_w = 21, .box_h = 13, .ofs_x = 0, .ofs_y = 1}
};

/*---------------------
 *  CHARACTER MAPPING
 *--------------------*/

static const uint16_t unicode_list_1[] = {
    0x0, 0x1089, 0x1753, 0x200c, 0x2062, 0x2e6c, 0xa1e4, 0xa1eb,
    0xa1ee, 0xa1ef, 0xa1f0, 0xa1f4, 0xa1f6, 0xa1f8, 0xa1fc, 0xa1ff,
    0xa204, 0xa209, 0xa20a, 0xa20b, 0xa221, 0xa226, 0xa22b, 0xa22e,
    0xa22f, 0xa230, 0xa234, 0xa235, 0xa236, 0xa237, 0xa24a, 0xa24b,
    0xa251, 0xa253, 0xa254, 0xa257, 0xa25a, 0xa25b, 0xa25c, 0xa25e,
    0xa276, 0xa278, 0xa2a7, 0xa2a8, 0xa2aa, 0xa2ac, 0xa2c3, 0xa2ca,
    0xa2cd, 0xa2d6, 0xa2ff, 0xa307, 0xa33e, 0xa3ce, 0xa423, 0xa424,
    0xa425, 0xa426, 0xa427, 0xa46a, 0xa476, 0xa4d0, 0xa4e7, 0xa73d,
    0xa9a5, 0xaa85
};

/*Collect the unicode lists and glyph_id offsets*/
static const lv_font_fmt_txt_cmap_t cmaps[] =
{
    {
        .range_start = 32, .range_length = 95, .glyph_id_start = 1,
        .unicode_list = NULL, .glyph_id_ofs_list = NULL, .list_length = 0, .type = LV_FONT_FMT_TXT_CMAP_FORMAT0_TINY
    },
    {
        .range_start = 19997, .range_length = 43654, .glyph_id_start = 96,
        .unicode_list = unicode_list_1, .glyph_id_ofs_list = NULL, .list_length = 66, .type = LV_FONT_FMT_TXT_CMAP_SPARSE_TINY
    }
};

/*-----------------
 *    KERNING
 *----------------*/


/*Map glyph_ids to kern left classes*/
static const uint8_t kern_left_class_mapping[] =
{
    0, 0, 0, 1, 0, 0, 0, 0,
    1, 2, 0, 0, 0, 3, 4, 3,
    5, 0, 0, 0, 0, 0, 0, 0,
    0, 0, 0, 6, 6, 0, 0, 0,
    0, 0, 7, 8, 9, 10, 11, 12,
    13, 0, 0, 14, 15, 16, 0, 0,
    10, 17, 10, 18, 19, 20, 21, 22,
    23, 24, 25, 26, 2, 27, 0, 0,
    0, 0, 28, 29, 30, 0, 31, 32,
    33, 34, 0, 0, 35, 36, 34, 34,
    29, 29, 37, 38, 39, 40, 37, 41,
    42, 43, 44, 45, 2, 0, 0, 0,
    0, 0, 0, 0, 0, 0, 0, 0,
    0, 0, 0, 0, 0, 0, 0, 0,
    0, 0, 0, 0, 0, 0, 0, 0,
    0, 0, 0, 0, 0, 0, 0, 0,
    0, 0, 0, 0, 0, 0, 0, 0,
    0, 0, 0, 0, 0, 0, 0, 0,
    0, 0, 0, 0, 0, 0, 0, 0,
    0, 0, 0, 0, 0, 0, 0, 0,
    0, 0
};

/*Map glyph_ids to kern right classes*/
static const uint8_t kern_right_class_mapping[] =
{
    0, 0, 1, 2, 0, 0, 0, 0,
    2, 0, 3, 4, 0, 5, 6, 7,
    8, 0, 0, 0, 0, 0, 0, 0,
    0, 0, 0, 9, 10, 0, 0, 0,
    11, 0, 12, 0, 13, 0, 0, 0,
    13, 0, 0, 14, 0, 0, 0, 0,
    13, 0, 13, 0, 15, 16, 17, 18,
    19, 20, 21, 22, 0, 23, 3, 0,
    0, 0, 24, 0, 25, 25, 25, 26,
    27, 0, 28, 29, 0, 0, 30, 30,
    25, 30, 25, 30, 31, 32, 33, 34,
    35, 36, 37, 38, 0, 0, 3, 0,
    0, 0, 0, 0, 0, 0, 0, 0,
    0, 0, 0, 0, 0, 0, 0, 0,
    0, 0, 0, 0, 0, 0, 0, 0,
    0, 0, 0, 0, 0, 0, 0, 0,
    0, 0, 0, 0, 0, 0, 0, 0,
    0, 0, 0, 0, 0, 0, 0, 0,
    0, 0, 0, 0, 0, 0, 0, 0,
    0, 0, 0, 0, 0, 0, 0, 0,
    0, 0
};

/*Kern values between classes*/
static const int8_t kern_class_values[] =
{
    0, 0, 0, 0, -46, 0, -46, 0,
    0, 0, 0, -25, 0, -39, -4, 0,
    0, 0, 0, -4, 0, 0, 0, 0,
    -7, 0, 0, 0, 0, 0, -7, 0,
    0, 0, 0, 0, 0, 0, 0, 0,
    0, 0, 0, 0, 0, 0, 0, 0,
    0, 0, 0, -7, 0, 0, 0, 0,
    0, 0, 0, 0, 0, 0, 0, 0,
    0, 0, 29, 0, 0, 0, 0, 0,
    0, 0, 0, 0, 0, -43, 0, -58,
    0, 0, 0, 0, 0, 0, 0, 0,
    0, 0, 0, -36, -9, -27, -13, 0,
    -39, 0, 0, 0, -4, 0, 0, 0,
    12, 0, 0, -21, 0, -20, -12, 0,
    -7, 0, 0, 0, 0, 0, 0, 0,
    0, 0, 0, 0, 0, 0, 0, -7,
    -9, -20, 0, -7, -4, -12, -27, -7,
    0, 0, 0, 0, 0, 0, 0, 0,
    0, -8, 0, -5, 0, -6, 0, 0,
    0, 0, 0, 0, 0, 0, 0, 0,
    0, 0, 0, -14, -4, -29, 0, 0,
    0, 0, 0, 0, 0, 0, 0, -10,
    -7, 0, -4, 4, 4, 0, 0, 0,
    -7, 0, 0, 0, 0, 0, 0, 0,
    0, -12, 0, 0, 0, 0, 0, 0,
    0, 0, 0, 0, 0, 0, 0, 0,
    0, 0, -12, 0, 0, 0, 0, 0,
    0, 0, 2, 0, 0, 0, 0, 0,
    0, 0, 0, 0, 0, -25, 0, -31,
    0, 0, 0, 0, 0, 0, -12, -1,
    -4, 0, 0, -25, -4, -6, 0, -1,
    -6, -1, -14, 6, 0, -4, 0, 0,
    0, 0, 6, -6, -1, -5, -3, -3,
    -5, 0, 0, 0, 0, -11, 0, 0,
    0, 0, 0, 0, 0, 0, 0, -7,
    -6, -10, 0, -4, -3, -3, -6, -3,
    0, 0, 0, 0, 0, 0, 0, 0,
    0, -4, 0, -6, -4, -4, -6, 0,
    0, 0, 0, 0, 0, -12, 0, 0,
    0, 0, 0, 0, -12, -4, -10, -5,
    -6, -3, -3, -3, -5, -4, 0, 0,
    0, 0, -7, 0, 0, 0, 0, -12,
    -4, -6, -4, 0, -6, 0, 0, 0,
    0, -10, 0, 0, 0, -5, 0, 0,
    0, -4, 0, -18, 0, -10, 0, -4,
    -1, -9, -7, -7, 0, 0, 0, 0,
    0, 0, 0, 0, 0, 0, 0, 0,
    0, -6, 0, -5, 0, 0, 0, 0,
    0, 0, 0, 0, 0, 0, 0, 0,
    0, 0, 0, 0, 0, 0, 0, 0,
    0, 0, 0, 0, -4, 0, 0, 0,
    0, 0, 0, -10, 0, -4, 0, -15,
    -4, 0, 0, 0, 0, 0, -32, 0,
    -32, -20, 0, 0, 0, -14, -4, -49,
    -9, 0, 0, -1, -1, -10, -4, -11,
    0, -13, -6, 0, -10, 0, 0, -7,
    -9, -4, -7, -11, -9, -12, -9, -17,
    0, 0, 0, -9, 0, 0, 0, 0,
    0, 0, 0, -3, 0, 0, 0, -7,
    0, -6, -3, 0, 0, 0, 0, 0,
    0, 0, 0, 0, 0, 0, 0, 0,
    0, 0, 0, 0, 0, 0, 0, 0,
    0, 0, -10, 0, -10, 0, 0, 0,
    0, 0, 0, -14, 0, 0, 0, 0,
    0, 0, 0, 0, 0, 0, 0, 0,
    0, 0, 0, 0, 0, 0, 0, 0,
    0, 0, 0, 0, 0, -11, 0, -14,
    0, -17, 0, 0, 0, 0, -5, -4,
    -9, 0, -6, -9, -6, -6, -4, 0,
    -9, 0, 0, 0, -5, 0, 0, 0,
    -4, 0, 0, -17, -4, -11, -9, -9,
    -11, -6, 0, -46, 0, -60, 0, -17,
    0, 0, 0, 0, -17, -2, -12, 0,
    -10, -44, -12, -28, -21, 0, -30, 0,
    -29, 0, -5, -6, -3, 0, 0, 0,
    0, -9, -4, -18, -13, 0, -18, 0,
    0, 0, 0, 0, -46, -10, -46, -21,
    0, 0, 0, -18, 0, -52, -4, -6,
    0, 0, 0, -10, -4, -21, 0, -13,
    -8, 0, -7, 0, 0, 0, -4, 0,
    0, 0, 0, -6, 0, -7, 0, 0,
    0, -4, 0, -11, 0, 0, 0, 0,
    0, -3, 0, -5, -5, -6, 0, -3,
    1, -3, -4, -4, 0, -3, -4, 0,
    -3, 0, 0, 0, 0, 0, 0, 0,
    0, -5, 0, -5, 0, 0, 0, -5,
    0, 6, 0, 0, 0, 0, 0, 0,
    0, -6, -6, -7, 0, 0, 0, 0,
    -6, 0, 0, 0, 0, 0, 0, 0,
    0, 0, 0, -10, 0, 0, 0, 0,
    0, -4, 0, 0, 0, 0, -41, -24,
    -41, -27, -7, -7, 0, -14, -10, -45,
    -11, 0, 0, 0, 0, -7, -6, -17,
    0, -24, -27, -5, -24, 0, 0, -16,
    -21, -5, -16, -10, -10, -11, -10, -24,
    0, 0, 0, 0, -9, 0, -9, -7,
    0, 0, 0, -5, 0, -20, -4, 0,
    0, -3, 0, -4, -6, 0, 0, -3,
    0, 0, -4, 0, 0, 0, -3, 0,
    0, 0, 0, -5, 0, 0, 0, 0,
    0, 0, -27, -7, -27, -12, 0, 0,
    0, -6, -4, -24, -4, 0, -4, 4,
    0, 0, 0, -7, 0, -12, -6, 0,
    -7, 0, 0, -7, -6, 0, -11, -4,
    -4, -6, -4, -8, 0, 0, 0, 0,
    -13, -4, -13, -5, 0, 0, 0, 0,
    -1, -19, -1, 0, 0, 0, 0, 0,
    0, -1, 0, -5, 0, 0, -2, 0,
    0, 0, 0, 0, 0, 0, 0, 0,
    0, -4, 0, -4, 0, -4, 0, -12,
    0, 0, 0, 0, 0, -2, -9, -4,
    -6, -7, -4, 0, 0, 0, 0, 0,
    0, -4, -5, -9, 0, 0, 0, 0,
    0, -9, -4, -9, -6, -4, -9, -6,
    0, 0, 0, 0, -38, -27, -38, -19,
    -12, -12, -5, -6, -6, -36, -7, -6,
    -4, 0, 0, 0, 0, -8, 0, -27,
    -19, 0, -22, 0, 0, -14, -19, -16,
    -13, -6, -10, -13, -6, -20, 0, 0,
    0, 0, 0, -10, 0, 0, 0, 0,
    0, -1, -7, -10, -11, 0, -4, -1,
    -1, 0, -6, -5, 0, -5, -6, -7,
    -4, 0, 0, 0, 0, -6, -6, -5,
    -5, -10, -5, 0, 0, 0, 0, 0,
    0, 0, 0, 0, 0, 0, 0, 0,
    0, 0, 0, -26, -7, -17, -7, 0,
    -24, 0, 0, 0, 0, 0, 10, 0,
    24, 0, 0, 0, 0, -7, -4, 0,
    2, 0, 0, 0, 0, -17, 0, 0,
    0, 0, 0, 0, -10, 0, 0, 0,
    0, -10, 0, -9, -3, 0, -10, 0,
    0, 0, 0, 0, 0, 0, 0, 0,
    0, -6, 0, 0, 0, 0, 0, 0,
    0, -7, 0, -4, -4, 1, -4, 0,
    0, 0, -10, 0, 0, 0, 0, -21,
    0, -7, 0, -3, -20, 0, -12, -4,
    0, -2, 0, 0, 0, 0, -2, -9,
    0, -3, -3, -9, -3, -4, 0, 0,
    0, 0, 0, -11, 0, 0, 0, 0,
    0, 0, 0, 0, 0, -7, 0, -6,
    0, 0, -10, 0, 0, -4, -10, 0,
    -4, 0, 0, 0, 0, -4, 0, 1,
    1, 0, 1, 0, 0, 0, 0, -10,
    0, 4, 0, 0, 0, 0, -5, 0,
    0, -7, -7, -10, 0, -9, -4, 0,
    -12, 0, -11, -4, 0, -2, -4, 0,
    0, 0, 0, -4, 0, -1, -1, -5,
    -1, -2, 2, 14, 14, 0, -22, -6,
    -22, -2, 0, 0, 8, 0, 0, 0,
    0, 16, 0, 23, 16, 10, 18, 0,
    14, -7, -4, 0, -4, 0, -4, 0,
    -3, 0, 0, 2, 0, -3, 0, -6,
    0, 0, 2, -10, 0, 0, 0, 12,
    0, 0, -16, 0, 0, 0, 0, -12,
    0, 0, 0, 0, -6, 0, 0, -7,
    -6, 0, 0, 0, 16, 0, 0, 0,
    0, -3, -3, 0, 3, -6, 0, 0,
    0, -10, 0, 0, 0, 0, 0, 0,
    -5, 0, 0, 0, 0, -10, 0, -4,
    0, 0, -9, 0, 0, 0, 0, 0,
    0, 0, 0, 0, 0, 0, 0, 0,
    0, 0, 0, 0, 0, 0, 0, -7,
    2, -27, 2, 0, 2, 2, -10, 0,
    0, 0, 0, -17, 0, 0, 0, 0,
    -6, 0, 0, -4, -9, 0, -4, 0,
    -4, 0, 0, -11, -6, 0, 0, -5,
    0, -5, 0, 0, 0, 0, 0, 0,
    0, 0, 0, 0, 0, 0, 0, 0,
    0, 0, 0, 0, 0, 0, 0, 0,
    0, 0, 0, 0, 0, 0, 4, 0,
    0, 0, 0, 0, 0, 0, 0, 0,
    0, 0, 0, -6, 0, 0, 0, 0,
    0, 0, 0, 0, 0, 0, 0, -7,
    0, -6, 0, 0, -11, 0, 0, 0,
    0, 0, 0, 0, 0, 0, 0, 0,
    0, 0, 0, 0, 0, 0, 0, 0,
    0, 0, -29, -10, -29, -10, 4, 4,
    0, -6, 0, -25, 0, 0, 0, 0,
    0, 0, 0, -4, 2, -10, -4, 0,
    -4, 0, 0, 0, -3, 0, 0, 4,
    3, 0, 4, -3, 0, 0, 0, -12,
    0, 4, 0, 0, 0, 0, -8, 0,
    0, 0, 0, -10, 0, -4, 0, 0,
    -7, 0, 0, 0, 0, 0, 0, 0,
    0, 0, 0, -7, 0, 0, 0, 0,
    0, 0, 0, 0, 0, 0, -3, -12,
    -3, 0, 2, 2, -12, 0, 0, 0,
    0, -6, 0, 0, 0, 0, -3, 0,
    0, -7, -6, 0, -4, 0, 0, 0,
    -4, -7, 0, 0, 0, -5, 0, 0,
    0, 0, 0, -4, -20, -5, -20, -7,
    0, 0, 0, -4, 0, -14, 0, -7,
    0, -4, 0, 0, -6, -4, 0, -7,
    -3, 0, 0, 0, -4, 0, 0, 0,
    0, 0, 0, 0, 0, -10, 0, 0,
    0, -4, -26, 0, -26, -1, 0, 0,
    0, -3, 0, -11, 0, -10, 0, -4,
    0, -6, -10, 0, 0, -4, -3, 0,
    0, 0, -4, 0, 0, 0, 0, 0,
    0, 0, 0, -9, -6, 0, 0, -8,
    5, -6, -5, 0, 0, 5, 0, 0,
    -4, 0, -3, -10, 0, -6, 0, -4,
    -13, 0, 0, -4, -9, 0, 0, 0,
    0, 0, 0, -10, 0, 0, 0, 0,
    -4, 0, 0, 0, 0, 0, -20, 0,
    -20, -2, 0, 0, 0, 0, 0, -14,
    0, -7, 0, -3, 0, -3, -5, 0,
    0, -7, -3, 0, 0, 0, -4, 0,
    0, 0, 0, 0, 0, -6, 0, -10,
    0, 0, 0, 0, 0, -9, 0, 0,
    0, 0, 0, 0, 0, 0, 0, -8,
    0, 0, 0, 0, -7, 0, 0, -6,
    -4, 0, -1, 0, 0, 0, 0, 0,
    -4, -3, 0, 0, -3, 0
};


/*Collect the kern class' data in one place*/
static const lv_font_fmt_txt_kern_classes_t kern_classes =
{
    .class_pair_values   = kern_class_values,
    .left_class_mapping  = kern_left_class_mapping,
    .right_class_mapping = kern_right_class_mapping,
    .left_class_cnt      = 45,
    .right_class_cnt     = 38,
};

/*--------------------
 *  ALL CUSTOM DATA
 *--------------------*/

#if LVGL_VERSION_MAJOR == 8
/*Store all the custom data of the font*/
static  lv_font_fmt_txt_glyph_cache_t cache;
#endif

#if LVGL_VERSION_MAJOR >= 8
static const lv_font_fmt_txt_dsc_t font_dsc = {
#else
static lv_font_fmt_txt_dsc_t font_dsc = {
#endif
    .glyph_bitmap = glyph_bitmap,
    .glyph_dsc = glyph_dsc,
    .cmaps = cmaps,
    .kern_dsc = &kern_classes,
    .kern_scale = 16,
    .cmap_num = 2,
    .bpp = 4,
    .kern_classes = 1,
    .bitmap_format = 0,
#if LVGL_VERSION_MAJOR == 8
    .cache = &cache
#endif
};



/*-----------------
 *  PUBLIC FONT
 *----------------*/

/*Initialize a public general font descriptor*/
#if LVGL_VERSION_MAJOR >= 8
const lv_font_t lv_font_SourceHanSansSCBold_20 = {
#else
lv_font_t lv_font_SourceHanSansSCBold_20 = {
#endif
    .get_glyph_dsc = lv_font_get_glyph_dsc_fmt_txt,    /*Function pointer to get glyph's data*/
    .get_glyph_bitmap = lv_font_get_bitmap_fmt_txt,    /*Function pointer to get glyph's bitmap*/
    .line_height = 20,          /*The maximum line height required by the font*/
    .base_line = 3,             /*Baseline measured from the bottom of the line*/
#if !(LVGL_VERSION_MAJOR == 6 && LVGL_VERSION_MINOR == 0)
    .subpx = LV_FONT_SUBPX_NONE,
#endif
#if LV_VERSION_CHECK(7, 4, 0) || LVGL_VERSION_MAJOR >= 8
    .underline_position = -2,
    .underline_thickness = 1,
#endif
    .dsc = &font_dsc,          /*The custom font data. Will be accessed by `get_glyph_bitmap/dsc` */
#if LV_VERSION_CHECK(8, 2, 0) || LVGL_VERSION_MAJOR >= 9
    .fallback = NULL,
#endif
    .user_data = NULL,
};



#endif /*#if LV_FONT_SOURCEHANSANSSCBOLD_20*/

